--START:dwhrep
insert into Versioning ( VERSIONID, DESCRIPTION, STATUS, TECHPACK_NAME, TECHPACK_VERSION, TECHPACK_TYPE, PRODUCT_NUMBER, LOCKEDBY, LOCKDATE, BASEDEFINITION, BASEVERSION, INSTALLDESCRIPTION, UNIVERSENAME, UNIVERSEEXTENSION, ENIQ_LEVEL, LICENSENAME ) values ( 'EVENT_E_TEST:((2))', '', 1, 'EVENT_E_TEST', 'R1A', 'ENIQ_EVENT', 'COA 252 218', null, null, 'TP_BASE_EVENTS:BASE_TP_EVENTS_100415_3', null, 'desc', null, null, '11', 'CXC4010923' );
insert into Measurementtypeclass ( TYPECLASSID, VERSIONID, DESCRIPTION ) values ( 'EVENT_E_TEST:((2)):EVENT_E_TEST_DEFAULT', 'EVENT_E_TEST:((2))', 'DEFAULT' );
insert into Measurementtype ( TYPEID, TYPECLASSID, TYPENAME, VENDORID, FOLDERNAME, DESCRIPTION, STATUS, VERSIONID, OBJECTID, OBJECTNAME, OBJECTVERSION, OBJECTTYPE, JOINABLE, SIZING, TOTALAGG, ELEMENTBHSUPPORT, RANKINGTABLE, DELTACALCSUPPORT, PLAINTABLE, UNIVERSEEXTENSION, VECTORSUPPORT, DATAFORMATSUPPORT, ONEMINAGG, FIFTEENMINAGG, EVENTSCALCTABLE, MIXEDPARTITIONSTABLE, LOADFILE_DUP_CHECK ) values ( 'EVENT_E_TEST:((2)):EVENT_E_TEST_IMSI_RANK', 'EVENT_E_TEST:((2)):EVENT_E_TEST_DEFAULT', 'EVENT_E_TEST_IMSI_RANK', 'EVENT_E_SGEH', 'EVENT_E_TEST_IMSI_RANK', '', null, 'EVENT_E_TEST:((2))', 'EVENT_E_TEST:((2)):EVENT_E_TEST_IMSI_RANK', 'EVENT_E_TEST_IMSI_RANK', null, null, '', 'sgehextrasmall', 1, 0, 0, 0, 0, 'ALL', 0, 0, 0, 1, 1, 0, null );
insert into Measurementkey ( TYPEID, DATANAME, DESCRIPTION, ISELEMENT, UNIQUEKEY, COLNUMBER, DATATYPE, DATASIZE, DATASCALE, UNIQUEVALUE, NULLABLE, INDEXES, INCLUDESQL, UNIVOBJECT, JOINABLE, DATAID ) values ( 'EVENT_E_TEST:((2)):EVENT_E_TEST_IMSI_RANK', 'IMSI', '', 0, 0, 1, 'unsigned bigint', 0, 0, 255, 1, 'HG', 0, 'IMSI', 0, 'IMSI' );
insert into Measurementkey ( TYPEID, DATANAME, DESCRIPTION, ISELEMENT, UNIQUEKEY, COLNUMBER, DATATYPE, DATASIZE, DATASCALE, UNIQUEVALUE, NULLABLE, INDEXES, INCLUDESQL, UNIVOBJECT, JOINABLE, DATAID ) values ( 'EVENT_E_TEST:((2)):EVENT_E_TEST_IMSI_RANK', 'NO_OF_ERRORS', '', 0, 0, 2, 'varchar', 32, 0, 255, 1, '', 1, 'NO_OF_ERRORS', 0, '' );
insert into Measurementtable ( MTABLEID, TABLELEVEL, TYPEID, BASETABLENAME, DEFAULT_TEMPLATE, PARTITIONPLAN ) values ( 'EVENT_E_TEST:((2)):EVENT_E_TEST_IMSI_RANK:15MIN', '15MIN', 'EVENT_E_TEST:((2)):EVENT_E_TEST_IMSI_RANK', 'EVENT_E_TEST_IMSI_RANK_15MIN', null, 'sgehextrasmall_15min' );
insert into Measurementcolumn ( MTABLEID, DATANAME, COLNUMBER, DATATYPE, DATASIZE, DATASCALE, UNIQUEVALUE, NULLABLE, INDEXES, DESCRIPTION, DATAID, RELEASEID, UNIQUEKEY, INCLUDESQL, COLTYPE ) values ( 'EVENT_E_TEST:((2)):EVENT_E_TEST_IMSI_RANK:15MIN', 'IMSI', 1, 'unsigned bigint', 0, 0, 255, 1, 'HG', '', 'IMSI', 'EVENT_E_SGEH:((15))', 0, 0, 'KEY' );
insert into Measurementcolumn ( MTABLEID, DATANAME, COLNUMBER, DATATYPE, DATASIZE, DATASCALE, UNIQUEVALUE, NULLABLE, INDEXES, DESCRIPTION, DATAID, RELEASEID, UNIQUEKEY, INCLUDESQL, COLTYPE ) values ( 'EVENT_E_TEST:((2)):EVENT_E_TEST_IMSI_RANK:15MIN', 'NO_OF_ERRORS', 2, 'varchar', 32, 0, 255, 1, '', '', 'NO_OF_ERRORS', 'EVENT_E_SGEH:((15))', 0, 1, 'KEY' );
insert into Measurementcolumn ( MTABLEID, DATANAME, COLNUMBER, DATATYPE, DATASIZE, DATASCALE, UNIQUEVALUE, NULLABLE, INDEXES, DESCRIPTION, DATAID, RELEASEID, UNIQUEKEY, INCLUDESQL, COLTYPE ) values ( 'EVENT_E_TEST:((2)):EVENT_E_TEST_IMSI_RANK:15MIN', 'DATE_ID', 3, 'date', 0, 0, 100000000, 0, 'LF', '', 'DATE_ID', 'BASE_TP_EVENTS_100415_3', 0, 1, 'PUBLICKEY' );
insert into Measurementcolumn ( MTABLEID, DATANAME, COLNUMBER, DATATYPE, DATASIZE, DATASCALE, UNIQUEVALUE, NULLABLE, INDEXES, DESCRIPTION, DATAID, RELEASEID, UNIQUEKEY, INCLUDESQL, COLTYPE ) values ( 'EVENT_E_TEST:((2)):EVENT_E_TEST_IMSI_RANK:15MIN', 'YEAR_ID', 4, 'smallint', 0, 0, 65536, 0, 'LF', '', 'YEAR_ID', 'BASE_TP_EVENTS_100415_3', 0, 0, 'PUBLICKEY' );
insert into Measurementcolumn ( MTABLEID, DATANAME, COLNUMBER, DATATYPE, DATASIZE, DATASCALE, UNIQUEVALUE, NULLABLE, INDEXES, DESCRIPTION, DATAID, RELEASEID, UNIQUEKEY, INCLUDESQL, COLTYPE ) values ( 'EVENT_E_TEST:((2)):EVENT_E_TEST_IMSI_RANK:15MIN', 'MONTH_ID', 5, 'tinyint', 0, 0, 256, 0, 'LF', '', 'MONTH_ID', 'BASE_TP_EVENTS_100415_3', 0, 0, 'PUBLICKEY' );
insert into Measurementcolumn ( MTABLEID, DATANAME, COLNUMBER, DATATYPE, DATASIZE, DATASCALE, UNIQUEVALUE, NULLABLE, INDEXES, DESCRIPTION, DATAID, RELEASEID, UNIQUEKEY, INCLUDESQL, COLTYPE ) values ( 'EVENT_E_TEST:((2)):EVENT_E_TEST_IMSI_RANK:15MIN', 'DAY_ID', 6, 'tinyint', 0, 0, 256, 0, 'LF', '', 'DAY_ID', 'BASE_TP_EVENTS_100415_3', 0, 0, 'PUBLICKEY' );
insert into Measurementcolumn ( MTABLEID, DATANAME, COLNUMBER, DATATYPE, DATASIZE, DATASCALE, UNIQUEVALUE, NULLABLE, INDEXES, DESCRIPTION, DATAID, RELEASEID, UNIQUEKEY, INCLUDESQL, COLTYPE ) values ( 'EVENT_E_TEST:((2)):EVENT_E_TEST_IMSI_RANK:15MIN', 'HOUR_ID', 7, 'tinyint', 0, 0, 256, 0, 'LF', '', 'HOUR_ID', 'BASE_TP_EVENTS_100415_3', 0, 0, 'PUBLICKEY' );
insert into Measurementcolumn ( MTABLEID, DATANAME, COLNUMBER, DATATYPE, DATASIZE, DATASCALE, UNIQUEVALUE, NULLABLE, INDEXES, DESCRIPTION, DATAID, RELEASEID, UNIQUEKEY, INCLUDESQL, COLTYPE ) values ( 'EVENT_E_TEST:((2)):EVENT_E_TEST_IMSI_RANK:15MIN', 'MIN_ID', 8, 'tinyint', 0, 0, 256, 0, 'LF', '', 'MIN_ID', 'BASE_TP_EVENTS_100415_3', 0, 0, 'PUBLICKEY' );
insert into Measurementcolumn ( MTABLEID, DATANAME, COLNUMBER, DATATYPE, DATASIZE, DATASCALE, UNIQUEVALUE, NULLABLE, INDEXES, DESCRIPTION, DATAID, RELEASEID, UNIQUEKEY, INCLUDESQL, COLTYPE ) values ( 'EVENT_E_TEST:((2)):EVENT_E_TEST_IMSI_RANK:15MIN', 'DATETIME_ID', 9, 'datetime', 0, 0, 100000000, 0, 'HG', '', 'DATETIME_ID', 'BASE_TP_EVENTS_100415_3', 0, 1, 'PUBLICKEY' );
insert into Measurementcolumn ( MTABLEID, DATANAME, COLNUMBER, DATATYPE, DATASIZE, DATASCALE, UNIQUEVALUE, NULLABLE, INDEXES, DESCRIPTION, DATAID, RELEASEID, UNIQUEKEY, INCLUDESQL, COLTYPE ) values ( 'EVENT_E_TEST:((2)):EVENT_E_TEST_IMSI_RANK:15MIN', 'VALID', 10, 'bit', 0, 0, 1, 1, '', '', 'VALID', 'BASE_TP_EVENTS_100415_3', 0, 0, 'PUBLICKEY' );
insert into Measurementtable ( MTABLEID, TABLELEVEL, TYPEID, BASETABLENAME, DEFAULT_TEMPLATE, PARTITIONPLAN ) values ( 'EVENT_E_TEST:((2)):EVENT_E_TEST_IMSI_RANK:DAY', 'DAY', 'EVENT_E_TEST:((2)):EVENT_E_TEST_IMSI_RANK', 'EVENT_E_TEST_IMSI_RANK_DAY', null, 'sgehextrasmall_day' );
insert into Measurementcolumn ( MTABLEID, DATANAME, COLNUMBER, DATATYPE, DATASIZE, DATASCALE, UNIQUEVALUE, NULLABLE, INDEXES, DESCRIPTION, DATAID, RELEASEID, UNIQUEKEY, INCLUDESQL, COLTYPE ) values ( 'EVENT_E_TEST:((2)):EVENT_E_TEST_IMSI_RANK:DAY', 'IMSI', 1, 'unsigned bigint', 0, 0, 255, 1, 'HG', '', 'IMSI', 'EVENT_E_SGEH:((15))', 0, 0, 'KEY' );
insert into Measurementcolumn ( MTABLEID, DATANAME, COLNUMBER, DATATYPE, DATASIZE, DATASCALE, UNIQUEVALUE, NULLABLE, INDEXES, DESCRIPTION, DATAID, RELEASEID, UNIQUEKEY, INCLUDESQL, COLTYPE ) values ( 'EVENT_E_TEST:((2)):EVENT_E_TEST_IMSI_RANK:DAY', 'NO_OF_ERRORS', 2, 'varchar', 32, 0, 255, 1, '', '', 'NO_OF_ERRORS', 'EVENT_E_SGEH:((15))', 0, 1, 'KEY' );
insert into Measurementcolumn ( MTABLEID, DATANAME, COLNUMBER, DATATYPE, DATASIZE, DATASCALE, UNIQUEVALUE, NULLABLE, INDEXES, DESCRIPTION, DATAID, RELEASEID, UNIQUEKEY, INCLUDESQL, COLTYPE ) values ( 'EVENT_E_TEST:((2)):EVENT_E_TEST_IMSI_RANK:DAY', 'DATE_ID', 3, 'date', 0, 0, 100000000, 0, 'LF', '', 'DATE_ID', 'BASE_TP_EVENTS_100415_3', 0, 1, 'PUBLICKEY' );
insert into Measurementcolumn ( MTABLEID, DATANAME, COLNUMBER, DATATYPE, DATASIZE, DATASCALE, UNIQUEVALUE, NULLABLE, INDEXES, DESCRIPTION, DATAID, RELEASEID, UNIQUEKEY, INCLUDESQL, COLTYPE ) values ( 'EVENT_E_TEST:((2)):EVENT_E_TEST_IMSI_RANK:DAY', 'YEAR_ID', 4, 'smallint', 0, 0, 65536, 0, 'LF', '', 'YEAR_ID', 'BASE_TP_EVENTS_100415_3', 0, 0, 'PUBLICKEY' );
insert into Measurementcolumn ( MTABLEID, DATANAME, COLNUMBER, DATATYPE, DATASIZE, DATASCALE, UNIQUEVALUE, NULLABLE, INDEXES, DESCRIPTION, DATAID, RELEASEID, UNIQUEKEY, INCLUDESQL, COLTYPE ) values ( 'EVENT_E_TEST:((2)):EVENT_E_TEST_IMSI_RANK:DAY', 'MONTH_ID', 5, 'tinyint', 0, 0, 256, 0, 'LF', '', 'MONTH_ID', 'BASE_TP_EVENTS_100415_3', 0, 0, 'PUBLICKEY' );
insert into Measurementcolumn ( MTABLEID, DATANAME, COLNUMBER, DATATYPE, DATASIZE, DATASCALE, UNIQUEVALUE, NULLABLE, INDEXES, DESCRIPTION, DATAID, RELEASEID, UNIQUEKEY, INCLUDESQL, COLTYPE ) values ( 'EVENT_E_TEST:((2)):EVENT_E_TEST_IMSI_RANK:DAY', 'DAY_ID', 6, 'tinyint', 0, 0, 256, 0, 'LF', '', 'DAY_ID', 'BASE_TP_EVENTS_100415_3', 0, 0, 'PUBLICKEY' );
insert into Measurementcolumn ( MTABLEID, DATANAME, COLNUMBER, DATATYPE, DATASIZE, DATASCALE, UNIQUEVALUE, NULLABLE, INDEXES, DESCRIPTION, DATAID, RELEASEID, UNIQUEKEY, INCLUDESQL, COLTYPE ) values ( 'EVENT_E_TEST:((2)):EVENT_E_TEST_IMSI_RANK:DAY', 'HOUR_ID', 7, 'tinyint', 0, 0, 256, 1, 'LF', '', 'HOUR_ID', 'BASE_TP_EVENTS_100415_3', 0, 0, 'PUBLICKEY' );
insert into Measurementcolumn ( MTABLEID, DATANAME, COLNUMBER, DATATYPE, DATASIZE, DATASCALE, UNIQUEVALUE, NULLABLE, INDEXES, DESCRIPTION, DATAID, RELEASEID, UNIQUEKEY, INCLUDESQL, COLTYPE ) values ( 'EVENT_E_TEST:((2)):EVENT_E_TEST_IMSI_RANK:DAY', 'MIN_ID', 8, 'tinyint', 0, 0, 256, 1, 'LF', '', 'MIN_ID', 'BASE_TP_EVENTS_100415_3', 0, 0, 'PUBLICKEY' );
insert into Measurementcolumn ( MTABLEID, DATANAME, COLNUMBER, DATATYPE, DATASIZE, DATASCALE, UNIQUEVALUE, NULLABLE, INDEXES, DESCRIPTION, DATAID, RELEASEID, UNIQUEKEY, INCLUDESQL, COLTYPE ) values ( 'EVENT_E_TEST:((2)):EVENT_E_TEST_IMSI_RANK:DAY', 'DATETIME_ID', 9, 'datetime', 0, 0, 100000000, 1, 'HG', '', 'DATETIME_ID', 'BASE_TP_EVENTS_100415_3', 0, 1, 'PUBLICKEY' );
insert into Measurementcolumn ( MTABLEID, DATANAME, COLNUMBER, DATATYPE, DATASIZE, DATASCALE, UNIQUEVALUE, NULLABLE, INDEXES, DESCRIPTION, DATAID, RELEASEID, UNIQUEKEY, INCLUDESQL, COLTYPE ) values ( 'EVENT_E_TEST:((2)):EVENT_E_TEST_IMSI_RANK:DAY', 'VALID', 10, 'bit', 0, 0, 1, 1, '', '', 'VALID', 'BASE_TP_EVENTS_100415_3', 0, 0, 'PUBLICKEY' );
insert into Measurementtype ( TYPEID, TYPECLASSID, TYPENAME, VENDORID, FOLDERNAME, DESCRIPTION, STATUS, VERSIONID, OBJECTID, OBJECTNAME, OBJECTVERSION, OBJECTTYPE, JOINABLE, SIZING, TOTALAGG, ELEMENTBHSUPPORT, RANKINGTABLE, DELTACALCSUPPORT, PLAINTABLE, UNIVERSEEXTENSION, VECTORSUPPORT, DATAFORMATSUPPORT, ONEMINAGG, FIFTEENMINAGG, EVENTSCALCTABLE, MIXEDPARTITIONSTABLE, LOADFILE_DUP_CHECK ) values ( 'EVENT_E_TEST:((2)):EVENT_E_TEST_SUC', 'EVENT_E_TEST:((2)):EVENT_E_TEST_DEFAULT', 'EVENT_E_TEST_SUC', 'EVENT_E_SGEH', 'EVENT_E_TEST_SUC', '', null, 'EVENT_E_TEST:((2))', 'EVENT_E_TEST:((2)):EVENT_E_TEST_SUC', 'EVENT_E_TEST_SUC', null, null, '', 'sgehextralarge', 0, 0, 0, 0, 0, 'ALL', 0, 1, 0, 0, 0, 0, 1 );
insert into Measurementkey ( TYPEID, DATANAME, DESCRIPTION, ISELEMENT, UNIQUEKEY, COLNUMBER, DATATYPE, DATASIZE, DATASCALE, UNIQUEVALUE, NULLABLE, INDEXES, INCLUDESQL, UNIVOBJECT, JOINABLE, DATAID ) values ( 'EVENT_E_TEST:((2)):EVENT_E_TEST_SUC', 'ACTIVATION_TYPE', '', 0, 0, 15, 'tinyint', 0, 0, 255, 1, 'LF', 1, 'ACTIVATION_TYPE', 0, 'ACTIVATION_TYPE' );
insert into Measurementkey ( TYPEID, DATANAME, DESCRIPTION, ISELEMENT, UNIQUEKEY, COLNUMBER, DATATYPE, DATASIZE, DATASCALE, UNIQUEVALUE, NULLABLE, INDEXES, INCLUDESQL, UNIVOBJECT, JOINABLE, DATAID ) values ( 'EVENT_E_TEST:((2)):EVENT_E_TEST_SUC', 'APN', '', 0, 0, 30, 'varchar', 127, 0, 255, 1, 'LF', 1, 'APN', 0, 'APN' );
insert into Measurementkey ( TYPEID, DATANAME, DESCRIPTION, ISELEMENT, UNIQUEKEY, COLNUMBER, DATATYPE, DATASIZE, DATASCALE, UNIQUEVALUE, NULLABLE, INDEXES, INCLUDESQL, UNIVOBJECT, JOINABLE, DATAID ) values ( 'EVENT_E_TEST:((2)):EVENT_E_TEST_SUC', 'ATTACH_TYPE', '', 0, 0, 16, 'tinyint', 0, 0, 255, 1, 'LF', 1, 'ATTACH_TYPE', 0, 'ATTACH_TYPE' );
insert into Measurementkey ( TYPEID, DATANAME, DESCRIPTION, ISELEMENT, UNIQUEKEY, COLNUMBER, DATATYPE, DATASIZE, DATASCALE, UNIQUEVALUE, NULLABLE, INDEXES, INCLUDESQL, UNIVOBJECT, JOINABLE, DATAID ) values ( 'EVENT_E_TEST:((2)):EVENT_E_TEST_SUC', 'CAUSE_CODE', '', 0, 0, 13, 'smallint', 0, 0, 255, 1, 'LF', 1, 'CAUSE_CODE', 0, 'CAUSE_CODE' );
insert into Measurementkey ( TYPEID, DATANAME, DESCRIPTION, ISELEMENT, UNIQUEKEY, COLNUMBER, DATATYPE, DATASIZE, DATASCALE, UNIQUEVALUE, NULLABLE, INDEXES, INCLUDESQL, UNIVOBJECT, JOINABLE, DATAID ) values ( 'EVENT_E_TEST:((2)):EVENT_E_TEST_SUC', 'CAUSE_PROT_TYPE', '', 0, 0, 39, 'tinyint', 0, 0, 255, 1, 'LF', 1, 'CAUSE_PROT_TYPE', 0, 'CAUSE_PROT_TYPE' );
insert into Measurementkey ( TYPEID, DATANAME, DESCRIPTION, ISELEMENT, UNIQUEKEY, COLNUMBER, DATATYPE, DATASIZE, DATASCALE, UNIQUEVALUE, NULLABLE, INDEXES, INCLUDESQL, UNIVOBJECT, JOINABLE, DATAID ) values ( 'EVENT_E_TEST:((2)):EVENT_E_TEST_SUC', 'CELL_ID', '', 0, 0, 4, 'unsigned int', 0, 0, 255, 1, 'HG', 1, 'CELL_ID', 0, 'CELL_ID' );
insert into Measurementkey ( TYPEID, DATANAME, DESCRIPTION, ISELEMENT, UNIQUEKEY, COLNUMBER, DATATYPE, DATASIZE, DATASCALE, UNIQUEVALUE, NULLABLE, INDEXES, INCLUDESQL, UNIVOBJECT, JOINABLE, DATAID ) values ( 'EVENT_E_TEST:((2)):EVENT_E_TEST_SUC', 'DEACTIVATION_TRIGGER', '', 0, 0, 17, 'tinyint', 0, 0, 255, 1, 'LF', 1, 'DEACTIVATION_TRIGGER', 0, 'DEACTIVATION_TRIGGER' );
insert into Measurementkey ( TYPEID, DATANAME, DESCRIPTION, ISELEMENT, UNIQUEKEY, COLNUMBER, DATATYPE, DATASIZE, DATASCALE, UNIQUEVALUE, NULLABLE, INDEXES, INCLUDESQL, UNIVOBJECT, JOINABLE, DATAID ) values ( 'EVENT_E_TEST:((2)):EVENT_E_TEST_SUC', 'DETACH_TRIGGER', '', 0, 0, 54, 'tinyint', 0, 0, 255, 1, '', 1, 'DETACH_TRIGGER', 0, '' );
insert into Measurementkey ( TYPEID, DATANAME, DESCRIPTION, ISELEMENT, UNIQUEKEY, COLNUMBER, DATATYPE, DATASIZE, DATASCALE, UNIQUEVALUE, NULLABLE, INDEXES, INCLUDESQL, UNIVOBJECT, JOINABLE, DATAID ) values ( 'EVENT_E_TEST:((2)):EVENT_E_TEST_SUC', 'DETACH_TYPE', '', 0, 0, 53, 'tinyint', 0, 0, 255, 1, '', 1, 'DETACH_TYPE', 0, 'DETACH_TYPE' );
insert into Measurementkey ( TYPEID, DATANAME, DESCRIPTION, ISELEMENT, UNIQUEKEY, COLNUMBER, DATATYPE, DATASIZE, DATASCALE, UNIQUEVALUE, NULLABLE, INDEXES, INCLUDESQL, UNIVOBJECT, JOINABLE, DATAID ) values ( 'EVENT_E_TEST:((2)):EVENT_E_TEST_SUC', 'DROPPED_PDP', '', 0, 0, 18, 'tinyint', 0, 0, 255, 1, '', 1, 'DROPPED_PDP', 0, 'DROPPED_PDP' );
insert into Measurementkey ( TYPEID, DATANAME, DESCRIPTION, ISELEMENT, UNIQUEKEY, COLNUMBER, DATATYPE, DATASIZE, DATASCALE, UNIQUEVALUE, NULLABLE, INDEXES, INCLUDESQL, UNIVOBJECT, JOINABLE, DATAID ) values ( 'EVENT_E_TEST:((2)):EVENT_E_TEST_SUC', 'DURATION', '', 0, 0, 55, 'unsigned int', 0, 0, 255, 1, '', 1, 'DURATION', 0, 'DURATION' );
insert into Measurementkey ( TYPEID, DATANAME, DESCRIPTION, ISELEMENT, UNIQUEKEY, COLNUMBER, DATATYPE, DATASIZE, DATASCALE, UNIQUEVALUE, NULLABLE, INDEXES, INCLUDESQL, UNIVOBJECT, JOINABLE, DATAID ) values ( 'EVENT_E_TEST:((2)):EVENT_E_TEST_SUC', 'EVENT_ID', '', 0, 0, 19, 'tinyint', 0, 0, 255, 1, 'LF', 1, 'EVENT_ID', 0, 'EVENT_ID' );
insert into Measurementkey ( TYPEID, DATANAME, DESCRIPTION, ISELEMENT, UNIQUEKEY, COLNUMBER, DATATYPE, DATASIZE, DATASCALE, UNIQUEVALUE, NULLABLE, INDEXES, INCLUDESQL, UNIVOBJECT, JOINABLE, DATAID ) values ( 'EVENT_E_TEST:((2)):EVENT_E_TEST_SUC', 'EVENT_RESULT', '', 0, 0, 20, 'tinyint', 0, 0, 255, 1, 'LF', 1, 'EVENT_RESULT', 0, 'EVENT_RESULT' );
insert into Measurementkey ( TYPEID, DATANAME, DESCRIPTION, ISELEMENT, UNIQUEKEY, COLNUMBER, DATATYPE, DATASIZE, DATASCALE, UNIQUEVALUE, NULLABLE, INDEXES, INCLUDESQL, UNIVOBJECT, JOINABLE, DATAID ) values ( 'EVENT_E_TEST:((2)):EVENT_E_TEST_SUC', 'GGSN_IPADDRESS', '', 0, 0, 34, 'binary', 16, 0, 255, 1, '', 1, 'GGSN_IPADDRESS', 0, 'GGSN_IPADDRESS' );
insert into Measurementkey ( TYPEID, DATANAME, DESCRIPTION, ISELEMENT, UNIQUEKEY, COLNUMBER, DATATYPE, DATASIZE, DATASCALE, UNIQUEVALUE, NULLABLE, INDEXES, INCLUDESQL, UNIVOBJECT, JOINABLE, DATAID ) values ( 'EVENT_E_TEST:((2)):EVENT_E_TEST_SUC', 'GGSN_NAME', '', 0, 0, 35, 'varchar', 128, 0, 255, 1, '', 1, 'GGSN_NAME', 0, 'GGSN_NAME' );
insert into Measurementkey ( TYPEID, DATANAME, DESCRIPTION, ISELEMENT, UNIQUEKEY, COLNUMBER, DATATYPE, DATASIZE, DATASCALE, UNIQUEVALUE, NULLABLE, INDEXES, INCLUDESQL, UNIVOBJECT, JOINABLE, DATAID ) values ( 'EVENT_E_TEST:((2)):EVENT_E_TEST_SUC', 'HIERARCHY_1', '', 0, 0, 3, 'varchar', 128, 0, 255, 1, 'HG', 1, 'HIERARCHY_1', 0, 'HIERARCHY_1' );
insert into Measurementkey ( TYPEID, DATANAME, DESCRIPTION, ISELEMENT, UNIQUEKEY, COLNUMBER, DATATYPE, DATASIZE, DATASCALE, UNIQUEVALUE, NULLABLE, INDEXES, INCLUDESQL, UNIVOBJECT, JOINABLE, DATAID ) values ( 'EVENT_E_TEST:((2)):EVENT_E_TEST_SUC', 'HIERARCHY_2', '', 0, 0, 2, 'varchar', 128, 0, 255, 1, 'HG', 1, 'HIERARCHY_2', 0, 'HIERARCHY_2' );
insert into Measurementkey ( TYPEID, DATANAME, DESCRIPTION, ISELEMENT, UNIQUEKEY, COLNUMBER, DATATYPE, DATASIZE, DATASCALE, UNIQUEVALUE, NULLABLE, INDEXES, INCLUDESQL, UNIVOBJECT, JOINABLE, DATAID ) values ( 'EVENT_E_TEST:((2)):EVENT_E_TEST_SUC', 'HIERARCHY_3', '', 0, 0, 1, 'varchar', 128, 0, 255, 1, 'LF', 1, 'HIERARCHY_3', 0, 'HIERARCHY_3' );
insert into Measurementkey ( TYPEID, DATANAME, DESCRIPTION, ISELEMENT, UNIQUEKEY, COLNUMBER, DATATYPE, DATASIZE, DATASCALE, UNIQUEVALUE, NULLABLE, INDEXES, INCLUDESQL, UNIVOBJECT, JOINABLE, DATAID ) values ( 'EVENT_E_TEST:((2)):EVENT_E_TEST_SUC', 'HLR', '', 0, 0, 25, 'unsigned bigint', 0, 0, 255, 1, '', 1, 'HLR', 0, 'HLR' );
insert into Measurementkey ( TYPEID, DATANAME, DESCRIPTION, ISELEMENT, UNIQUEKEY, COLNUMBER, DATATYPE, DATASIZE, DATASCALE, UNIQUEVALUE, NULLABLE, INDEXES, INCLUDESQL, UNIVOBJECT, JOINABLE, DATAID ) values ( 'EVENT_E_TEST:((2)):EVENT_E_TEST_SUC', 'HOMEZONE_IDENTITY', '', 0, 0, 31, 'varchar', 31, 0, 255, 1, '', 1, 'HOMEZONE_IDENTITY', 0, 'HOMEZONE_IDENTITY' );
insert into Measurementkey ( TYPEID, DATANAME, DESCRIPTION, ISELEMENT, UNIQUEKEY, COLNUMBER, DATATYPE, DATASIZE, DATASCALE, UNIQUEVALUE, NULLABLE, INDEXES, INCLUDESQL, UNIVOBJECT, JOINABLE, DATAID ) values ( 'EVENT_E_TEST:((2)):EVENT_E_TEST_SUC', 'IMEISV', '', 0, 0, 26, 'unsigned bigint', 0, 0, 255, 1, '', 1, 'IMEISV', 0, 'IMEISV' );
insert into Measurementkey ( TYPEID, DATANAME, DESCRIPTION, ISELEMENT, UNIQUEKEY, COLNUMBER, DATATYPE, DATASIZE, DATASCALE, UNIQUEVALUE, NULLABLE, INDEXES, INCLUDESQL, UNIVOBJECT, JOINABLE, DATAID ) values ( 'EVENT_E_TEST:((2)):EVENT_E_TEST_SUC', 'IMSI_MCC', '', 0, 0, 28, 'varchar', 3, 0, 255, 1, 'LF', 1, 'IMSI_MCC', 0, 'IMSI_MCC' );
insert into Measurementkey ( TYPEID, DATANAME, DESCRIPTION, ISELEMENT, UNIQUEKEY, COLNUMBER, DATATYPE, DATASIZE, DATASCALE, UNIQUEVALUE, NULLABLE, INDEXES, INCLUDESQL, UNIVOBJECT, JOINABLE, DATAID ) values ( 'EVENT_E_TEST:((2)):EVENT_E_TEST_SUC', 'IMSI_MNC', '', 0, 0, 29, 'varchar', 3, 0, 255, 1, 'LF', 1, 'IMSI_MNC', 0, 'IMSI_MNC' );
insert into Measurementkey ( TYPEID, DATANAME, DESCRIPTION, ISELEMENT, UNIQUEKEY, COLNUMBER, DATATYPE, DATASIZE, DATASCALE, UNIQUEVALUE, NULLABLE, INDEXES, INCLUDESQL, UNIVOBJECT, JOINABLE, DATAID ) values ( 'EVENT_E_TEST:((2)):EVENT_E_TEST_SUC', 'INTRA_RAU_TYPE', '', 0, 0, 21, 'tinyint', 0, 0, 255, 1, 'LF', 1, 'INTRA_RAU_TYPE', 0, 'INTRA_RAU_TYPE' );
insert into Measurementkey ( TYPEID, DATANAME, DESCRIPTION, ISELEMENT, UNIQUEKEY, COLNUMBER, DATATYPE, DATASIZE, DATASCALE, UNIQUEVALUE, NULLABLE, INDEXES, INCLUDESQL, UNIVOBJECT, JOINABLE, DATAID ) values ( 'EVENT_E_TEST:((2)):EVENT_E_TEST_SUC', 'LAC', '', 0, 0, 7, 'unsigned int', 0, 0, 255, 1, 'LF', 1, 'LAC', 0, 'LAC' );
insert into Measurementkey ( TYPEID, DATANAME, DESCRIPTION, ISELEMENT, UNIQUEKEY, COLNUMBER, DATATYPE, DATASIZE, DATASCALE, UNIQUEVALUE, NULLABLE, INDEXES, INCLUDESQL, UNIVOBJECT, JOINABLE, DATAID ) values ( 'EVENT_E_TEST:((2)):EVENT_E_TEST_SUC', 'LINKED_NSAPI', '', 0, 0, 40, 'unsigned int', 0, 0, 255, 1, '', 1, 'LINKED_NSAPI', 0, 'LINKED_NSAPI' );
insert into Measurementkey ( TYPEID, DATANAME, DESCRIPTION, ISELEMENT, UNIQUEKEY, COLNUMBER, DATATYPE, DATASIZE, DATASCALE, UNIQUEVALUE, NULLABLE, INDEXES, INCLUDESQL, UNIVOBJECT, JOINABLE, DATAID ) values ( 'EVENT_E_TEST:((2)):EVENT_E_TEST_SUC', 'MCC', '', 0, 0, 5, 'varchar', 3, 0, 255, 1, 'LF', 1, 'MCC', 0, 'MCC' );
insert into Measurementkey ( TYPEID, DATANAME, DESCRIPTION, ISELEMENT, UNIQUEKEY, COLNUMBER, DATATYPE, DATASIZE, DATASCALE, UNIQUEVALUE, NULLABLE, INDEXES, INCLUDESQL, UNIVOBJECT, JOINABLE, DATAID ) values ( 'EVENT_E_TEST:((2)):EVENT_E_TEST_SUC', 'MNC', '', 0, 0, 6, 'varchar', 3, 0, 255, 1, 'LF', 1, 'MNC', 0, 'MNC' );
insert into Measurementkey ( TYPEID, DATANAME, DESCRIPTION, ISELEMENT, UNIQUEKEY, COLNUMBER, DATATYPE, DATASIZE, DATASCALE, UNIQUEVALUE, NULLABLE, INDEXES, INCLUDESQL, UNIVOBJECT, JOINABLE, DATAID ) values ( 'EVENT_E_TEST:((2)):EVENT_E_TEST_SUC', 'OLD_LAC', '', 0, 0, 11, 'unsigned int', 0, 0, 255, 1, '', 1, 'OLD_LAC', 0, 'OLD_LAC' );
insert into Measurementkey ( TYPEID, DATANAME, DESCRIPTION, ISELEMENT, UNIQUEKEY, COLNUMBER, DATATYPE, DATASIZE, DATASCALE, UNIQUEVALUE, NULLABLE, INDEXES, INCLUDESQL, UNIVOBJECT, JOINABLE, DATAID ) values ( 'EVENT_E_TEST:((2)):EVENT_E_TEST_SUC', 'OLD_MCC', '', 0, 0, 9, 'varchar', 3, 0, 255, 1, '', 1, 'OLD_MCC', 0, 'OLD_MCC' );
insert into Measurementkey ( TYPEID, DATANAME, DESCRIPTION, ISELEMENT, UNIQUEKEY, COLNUMBER, DATATYPE, DATASIZE, DATASCALE, UNIQUEVALUE, NULLABLE, INDEXES, INCLUDESQL, UNIVOBJECT, JOINABLE, DATAID ) values ( 'EVENT_E_TEST:((2)):EVENT_E_TEST_SUC', 'OLD_MNC', '', 0, 0, 10, 'varchar', 3, 0, 255, 1, '', 1, 'OLD_MNC', 0, 'OLD_MNC' );
insert into Measurementkey ( TYPEID, DATANAME, DESCRIPTION, ISELEMENT, UNIQUEKEY, COLNUMBER, DATATYPE, DATASIZE, DATASCALE, UNIQUEVALUE, NULLABLE, INDEXES, INCLUDESQL, UNIVOBJECT, JOINABLE, DATAID ) values ( 'EVENT_E_TEST:((2)):EVENT_E_TEST_SUC', 'OLD_RAC', '', 0, 0, 12, 'tinyint', 0, 0, 255, 1, '', 1, 'OLD_RAC', 0, 'OLD_RAC' );
insert into Measurementkey ( TYPEID, DATANAME, DESCRIPTION, ISELEMENT, UNIQUEKEY, COLNUMBER, DATATYPE, DATASIZE, DATASCALE, UNIQUEVALUE, NULLABLE, INDEXES, INCLUDESQL, UNIVOBJECT, JOINABLE, DATAID ) values ( 'EVENT_E_TEST:((2)):EVENT_E_TEST_SUC', 'OLD_SGSN_IPADDRESS', '', 0, 0, 37, 'binary', 16, 0, 255, 1, '', 1, 'OLD_SGSN_IPADDRESS', 0, 'OLD_SGSN_IPADDRESS' );
insert into Measurementkey ( TYPEID, DATANAME, DESCRIPTION, ISELEMENT, UNIQUEKEY, COLNUMBER, DATATYPE, DATASIZE, DATASCALE, UNIQUEVALUE, NULLABLE, INDEXES, INCLUDESQL, UNIVOBJECT, JOINABLE, DATAID ) values ( 'EVENT_E_TEST:((2)):EVENT_E_TEST_SUC', 'PAGING_ATTEMPTS', '', 0, 0, 49, 'tinyint', 0, 0, 255, 1, '', 1, 'PAGING_ATTEMPTS', 0, 'PAGING_ATTEMPTS' );
insert into Measurementkey ( TYPEID, DATANAME, DESCRIPTION, ISELEMENT, UNIQUEKEY, COLNUMBER, DATATYPE, DATASIZE, DATASCALE, UNIQUEVALUE, NULLABLE, INDEXES, INCLUDESQL, UNIVOBJECT, JOINABLE, DATAID ) values ( 'EVENT_E_TEST:((2)):EVENT_E_TEST_SUC', 'PDP_GGSN_IPADDRESS_1', '', 0, 0, 42, 'binary', 16, 0, 255, 1, '', 1, 'PDP_GGSN_IPADDRESS_1', 0, 'PDP_GGSN_IPADDRESS_1' );
insert into Measurementkey ( TYPEID, DATANAME, DESCRIPTION, ISELEMENT, UNIQUEKEY, COLNUMBER, DATATYPE, DATASIZE, DATASCALE, UNIQUEVALUE, NULLABLE, INDEXES, INCLUDESQL, UNIVOBJECT, JOINABLE, DATAID ) values ( 'EVENT_E_TEST:((2)):EVENT_E_TEST_SUC', 'PDP_GGSN_IPADDRESS_2', '', 0, 0, 46, 'binary', 16, 0, 255, 1, '', 1, 'PDP_GGSN_IPADDRESS_2', 0, 'PDP_GGSN_IPADDRESS_2' );
insert into Measurementkey ( TYPEID, DATANAME, DESCRIPTION, ISELEMENT, UNIQUEKEY, COLNUMBER, DATATYPE, DATASIZE, DATASCALE, UNIQUEVALUE, NULLABLE, INDEXES, INCLUDESQL, UNIVOBJECT, JOINABLE, DATAID ) values ( 'EVENT_E_TEST:((2)):EVENT_E_TEST_SUC', 'PDP_GGSN_NAME_1', '', 0, 0, 43, 'varchar', 128, 0, 255, 1, '', 1, 'PDP_GGSN_NAME_1', 0, 'PDP_GGSN_NAME_1' );
insert into Measurementkey ( TYPEID, DATANAME, DESCRIPTION, ISELEMENT, UNIQUEKEY, COLNUMBER, DATATYPE, DATASIZE, DATASCALE, UNIQUEVALUE, NULLABLE, INDEXES, INCLUDESQL, UNIVOBJECT, JOINABLE, DATAID ) values ( 'EVENT_E_TEST:((2)):EVENT_E_TEST_SUC', 'PDP_GGSN_NAME_2', '', 0, 0, 47, 'varchar', 128, 0, 255, 1, '', 1, 'PDP_GGSN_NAME_2', 0, 'PDP_GGSN_NAME_2' );
insert into Measurementkey ( TYPEID, DATANAME, DESCRIPTION, ISELEMENT, UNIQUEKEY, COLNUMBER, DATATYPE, DATASIZE, DATASCALE, UNIQUEVALUE, NULLABLE, INDEXES, INCLUDESQL, UNIVOBJECT, JOINABLE, DATAID ) values ( 'EVENT_E_TEST:((2)):EVENT_E_TEST_SUC', 'PDP_MS_IPADDRESS_1', '', 0, 0, 44, 'binary', 16, 0, 255, 1, '', 1, 'PDP_MS_IPADDRESS_1', 0, 'PDP_MS_IPADDRESS_1' );
insert into Measurementkey ( TYPEID, DATANAME, DESCRIPTION, ISELEMENT, UNIQUEKEY, COLNUMBER, DATATYPE, DATASIZE, DATASCALE, UNIQUEVALUE, NULLABLE, INDEXES, INCLUDESQL, UNIVOBJECT, JOINABLE, DATAID ) values ( 'EVENT_E_TEST:((2)):EVENT_E_TEST_SUC', 'PDP_MS_IPADDRESS_2', '', 0, 0, 48, 'binary', 16, 0, 255, 1, '', 1, 'PDP_MS_IPADDRESS_2', 0, 'PDP_MS_IPADDRESS_2' );
insert into Measurementkey ( TYPEID, DATANAME, DESCRIPTION, ISELEMENT, UNIQUEKEY, COLNUMBER, DATATYPE, DATASIZE, DATASCALE, UNIQUEVALUE, NULLABLE, INDEXES, INCLUDESQL, UNIVOBJECT, JOINABLE, DATAID ) values ( 'EVENT_E_TEST:((2)):EVENT_E_TEST_SUC', 'PDP_NSAPI_1', '', 0, 0, 41, 'unsigned int', 0, 0, 255, 1, '', 1, 'PDP_NSAPI_1', 0, '' );
insert into Measurementkey ( TYPEID, DATANAME, DESCRIPTION, ISELEMENT, UNIQUEKEY, COLNUMBER, DATATYPE, DATASIZE, DATASCALE, UNIQUEVALUE, NULLABLE, INDEXES, INCLUDESQL, UNIVOBJECT, JOINABLE, DATAID ) values ( 'EVENT_E_TEST:((2)):EVENT_E_TEST_SUC', 'PDP_NSAPI_2', '', 0, 0, 45, 'unsigned int', 0, 0, 255, 1, '', 1, 'PDP_NSAPI_2', 0, 'PDP_NSAPI_2' );
insert into Measurementkey ( TYPEID, DATANAME, DESCRIPTION, ISELEMENT, UNIQUEKEY, COLNUMBER, DATATYPE, DATASIZE, DATASCALE, UNIQUEVALUE, NULLABLE, INDEXES, INCLUDESQL, UNIVOBJECT, JOINABLE, DATAID ) values ( 'EVENT_E_TEST:((2)):EVENT_E_TEST_SUC', 'PTMSI', '', 0, 0, 33, 'unsigned int', 0, 0, 255, 1, 'HG', 1, 'PTMSI', 0, 'PTMSI' );
insert into Measurementkey ( TYPEID, DATANAME, DESCRIPTION, ISELEMENT, UNIQUEKEY, COLNUMBER, DATATYPE, DATASIZE, DATASCALE, UNIQUEVALUE, NULLABLE, INDEXES, INCLUDESQL, UNIVOBJECT, JOINABLE, DATAID ) values ( 'EVENT_E_TEST:((2)):EVENT_E_TEST_SUC', 'RAC', '', 0, 0, 8, 'tinyint', 0, 0, 255, 1, '', 1, 'RAC', 0, 'RAC' );
insert into Measurementkey ( TYPEID, DATANAME, DESCRIPTION, ISELEMENT, UNIQUEKEY, COLNUMBER, DATATYPE, DATASIZE, DATASCALE, UNIQUEVALUE, NULLABLE, INDEXES, INCLUDESQL, UNIVOBJECT, JOINABLE, DATAID ) values ( 'EVENT_E_TEST:((2)):EVENT_E_TEST_SUC', 'RAT', '', 0, 0, 22, 'tinyint', 0, 0, 255, 1, 'LF', 1, 'RAT', 0, 'RAT' );
insert into Measurementkey ( TYPEID, DATANAME, DESCRIPTION, ISELEMENT, UNIQUEKEY, COLNUMBER, DATATYPE, DATASIZE, DATASCALE, UNIQUEVALUE, NULLABLE, INDEXES, INCLUDESQL, UNIVOBJECT, JOINABLE, DATAID ) values ( 'EVENT_E_TEST:((2)):EVENT_E_TEST_SUC', 'REQUEST_RETRIES', '', 0, 0, 51, 'tinyint', 0, 0, 255, 1, '', 1, 'REQUEST_RETRIES', 0, 'REQUEST_RETRIES' );
insert into Measurementkey ( TYPEID, DATANAME, DESCRIPTION, ISELEMENT, UNIQUEKEY, COLNUMBER, DATATYPE, DATASIZE, DATASCALE, UNIQUEVALUE, NULLABLE, INDEXES, INCLUDESQL, UNIVOBJECT, JOINABLE, DATAID ) values ( 'EVENT_E_TEST:((2)):EVENT_E_TEST_SUC', 'ROAMING', '', 0, 0, 38, 'bit', 0, 0, 255, 1, '', 1, 'ROAMING', 0, 'ROAMING' );
insert into Measurementkey ( TYPEID, DATANAME, DESCRIPTION, ISELEMENT, UNIQUEKEY, COLNUMBER, DATATYPE, DATASIZE, DATASCALE, UNIQUEVALUE, NULLABLE, INDEXES, INCLUDESQL, UNIVOBJECT, JOINABLE, DATAID ) values ( 'EVENT_E_TEST:((2)):EVENT_E_TEST_SUC', 'SAC', '', 0, 0, 32, 'unsigned int', 0, 0, 255, 1, '', 1, 'SAC', 0, 'SAC' );
insert into Measurementkey ( TYPEID, DATANAME, DESCRIPTION, ISELEMENT, UNIQUEKEY, COLNUMBER, DATATYPE, DATASIZE, DATASCALE, UNIQUEVALUE, NULLABLE, INDEXES, INCLUDESQL, UNIVOBJECT, JOINABLE, DATAID ) values ( 'EVENT_E_TEST:((2)):EVENT_E_TEST_SUC', 'SERVICE_REQ_TRIGGER', '', 0, 0, 50, 'tinyint', 0, 0, 255, 1, '', 1, 'SERVICE_REQ_TRIGGER', 0, 'SERVICE_REQ_TRIGGER' );
insert into Measurementkey ( TYPEID, DATANAME, DESCRIPTION, ISELEMENT, UNIQUEKEY, COLNUMBER, DATATYPE, DATASIZE, DATASCALE, UNIQUEVALUE, NULLABLE, INDEXES, INCLUDESQL, UNIVOBJECT, JOINABLE, DATAID ) values ( 'EVENT_E_TEST:((2)):EVENT_E_TEST_SUC', 'SERVICE_TYPE', '', 0, 0, 52, 'tinyint', 0, 0, 255, 1, '', 1, 'SERVICE_TYPE', 0, '' );
insert into Measurementkey ( TYPEID, DATANAME, DESCRIPTION, ISELEMENT, UNIQUEKEY, COLNUMBER, DATATYPE, DATASIZE, DATASCALE, UNIQUEVALUE, NULLABLE, INDEXES, INCLUDESQL, UNIVOBJECT, JOINABLE, DATAID ) values ( 'EVENT_E_TEST:((2)):EVENT_E_TEST_SUC', 'SGSN_IPADDRESS', '', 0, 0, 36, 'binary', 16, 0, 255, 1, '', 1, 'SGSN_IPADDRESS', 0, 'SGSN_IPADDRESS' );
insert into Measurementkey ( TYPEID, DATANAME, DESCRIPTION, ISELEMENT, UNIQUEKEY, COLNUMBER, DATATYPE, DATASIZE, DATASCALE, UNIQUEVALUE, NULLABLE, INDEXES, INCLUDESQL, UNIVOBJECT, JOINABLE, DATAID ) values ( 'EVENT_E_TEST:((2)):EVENT_E_TEST_SUC', 'SUBCAUSE_CODE', '', 0, 0, 14, 'smallint', 0, 0, 255, 1, 'LF', 1, 'SUBCAUSE_CODE', 0, 'SUBCAUSE_CODE' );
insert into Measurementkey ( TYPEID, DATANAME, DESCRIPTION, ISELEMENT, UNIQUEKEY, COLNUMBER, DATATYPE, DATASIZE, DATASCALE, UNIQUEVALUE, NULLABLE, INDEXES, INCLUDESQL, UNIVOBJECT, JOINABLE, DATAID ) values ( 'EVENT_E_TEST:((2)):EVENT_E_TEST_SUC', 'TAC', '', 0, 0, 27, 'unsigned int', 0, 0, 255, 1, 'HG', 1, 'TAC', 0, 'TAC' );
insert into Measurementkey ( TYPEID, DATANAME, DESCRIPTION, ISELEMENT, UNIQUEKEY, COLNUMBER, DATATYPE, DATASIZE, DATASCALE, UNIQUEVALUE, NULLABLE, INDEXES, INCLUDESQL, UNIVOBJECT, JOINABLE, DATAID ) values ( 'EVENT_E_TEST:((2)):EVENT_E_TEST_SUC', 'TRANSFERRED_PDP', '', 0, 0, 23, 'tinyint', 0, 0, 255, 1, '', 1, 'TRANSFERRED_PDP', 0, 'TRANSFERRED_PDP' );
insert into Measurementkey ( TYPEID, DATANAME, DESCRIPTION, ISELEMENT, UNIQUEKEY, COLNUMBER, DATATYPE, DATASIZE, DATASCALE, UNIQUEVALUE, NULLABLE, INDEXES, INCLUDESQL, UNIVOBJECT, JOINABLE, DATAID ) values ( 'EVENT_E_TEST:((2)):EVENT_E_TEST_SUC', 'UPDATE_TYPE', '', 0, 0, 24, 'tinyint', 0, 0, 255, 1, 'LF', 1, 'UPDATE_TYPE', 0, 'UPDATE_TYPE' );
insert into Measurementtable ( MTABLEID, TABLELEVEL, TYPEID, BASETABLENAME, DEFAULT_TEMPLATE, PARTITIONPLAN ) values ( 'EVENT_E_TEST:((2)):EVENT_E_TEST_SUC:RAW', 'RAW', 'EVENT_E_TEST:((2)):EVENT_E_TEST_SUC', 'EVENT_E_TEST_SUC_RAW', null, 'sgehsmall_raw' );
insert into Measurementcolumn ( MTABLEID, DATANAME, COLNUMBER, DATATYPE, DATASIZE, DATASCALE, UNIQUEVALUE, NULLABLE, INDEXES, DESCRIPTION, DATAID, RELEASEID, UNIQUEKEY, INCLUDESQL, COLTYPE ) values ( 'EVENT_E_TEST:((2)):EVENT_E_TEST_SUC:RAW', 'HIERARCHY_3', 1, 'varchar', 128, 0, 255, 1, 'LF', '', 'HIERARCHY_3', 'EVENT_E_SGEH:((42))', 0, 1, 'KEY' );
insert into Measurementcolumn ( MTABLEID, DATANAME, COLNUMBER, DATATYPE, DATASIZE, DATASCALE, UNIQUEVALUE, NULLABLE, INDEXES, DESCRIPTION, DATAID, RELEASEID, UNIQUEKEY, INCLUDESQL, COLTYPE ) values ( 'EVENT_E_TEST:((2)):EVENT_E_TEST_SUC:RAW', 'HIERARCHY_2', 2, 'varchar', 128, 0, 255, 1, 'HG', '', 'HIERARCHY_2', 'EVENT_E_SGEH:((42))', 0, 1, 'KEY' );
insert into Measurementcolumn ( MTABLEID, DATANAME, COLNUMBER, DATATYPE, DATASIZE, DATASCALE, UNIQUEVALUE, NULLABLE, INDEXES, DESCRIPTION, DATAID, RELEASEID, UNIQUEKEY, INCLUDESQL, COLTYPE ) values ( 'EVENT_E_TEST:((2)):EVENT_E_TEST_SUC:RAW', 'HIERARCHY_1', 3, 'varchar', 128, 0, 255, 1, 'HG', '', 'HIERARCHY_1', 'EVENT_E_SGEH:((42))', 0, 1, 'KEY' );
insert into Measurementcolumn ( MTABLEID, DATANAME, COLNUMBER, DATATYPE, DATASIZE, DATASCALE, UNIQUEVALUE, NULLABLE, INDEXES, DESCRIPTION, DATAID, RELEASEID, UNIQUEKEY, INCLUDESQL, COLTYPE ) values ( 'EVENT_E_TEST:((2)):EVENT_E_TEST_SUC:RAW', 'CELL_ID', 4, 'unsigned int', 0, 0, 255, 1, 'HG', '', 'CELL_ID', 'EVENT_E_SGEH:((42))', 0, 1, 'KEY' );
insert into Measurementcolumn ( MTABLEID, DATANAME, COLNUMBER, DATATYPE, DATASIZE, DATASCALE, UNIQUEVALUE, NULLABLE, INDEXES, DESCRIPTION, DATAID, RELEASEID, UNIQUEKEY, INCLUDESQL, COLTYPE ) values ( 'EVENT_E_TEST:((2)):EVENT_E_TEST_SUC:RAW', 'MCC', 5, 'varchar', 3, 0, 255, 1, 'LF', '', 'MCC', 'EVENT_E_SGEH:((42))', 0, 1, 'KEY' );
insert into Measurementcolumn ( MTABLEID, DATANAME, COLNUMBER, DATATYPE, DATASIZE, DATASCALE, UNIQUEVALUE, NULLABLE, INDEXES, DESCRIPTION, DATAID, RELEASEID, UNIQUEKEY, INCLUDESQL, COLTYPE ) values ( 'EVENT_E_TEST:((2)):EVENT_E_TEST_SUC:RAW', 'MNC', 6, 'varchar', 3, 0, 255, 1, 'LF', '', 'MNC', 'EVENT_E_SGEH:((42))', 0, 1, 'KEY' );
insert into Measurementcolumn ( MTABLEID, DATANAME, COLNUMBER, DATATYPE, DATASIZE, DATASCALE, UNIQUEVALUE, NULLABLE, INDEXES, DESCRIPTION, DATAID, RELEASEID, UNIQUEKEY, INCLUDESQL, COLTYPE ) values ( 'EVENT_E_TEST:((2)):EVENT_E_TEST_SUC:RAW', 'LAC', 7, 'unsigned int', 0, 0, 255, 1, 'LF', '', 'LAC', 'EVENT_E_SGEH:((42))', 0, 1, 'KEY' );
insert into Measurementcolumn ( MTABLEID, DATANAME, COLNUMBER, DATATYPE, DATASIZE, DATASCALE, UNIQUEVALUE, NULLABLE, INDEXES, DESCRIPTION, DATAID, RELEASEID, UNIQUEKEY, INCLUDESQL, COLTYPE ) values ( 'EVENT_E_TEST:((2)):EVENT_E_TEST_SUC:RAW', 'RAC', 8, 'tinyint', 0, 0, 255, 1, '', '', 'RAC', 'EVENT_E_SGEH:((42))', 0, 1, 'KEY' );
insert into Measurementcolumn ( MTABLEID, DATANAME, COLNUMBER, DATATYPE, DATASIZE, DATASCALE, UNIQUEVALUE, NULLABLE, INDEXES, DESCRIPTION, DATAID, RELEASEID, UNIQUEKEY, INCLUDESQL, COLTYPE ) values ( 'EVENT_E_TEST:((2)):EVENT_E_TEST_SUC:RAW', 'OLD_MCC', 9, 'varchar', 3, 0, 255, 1, '', '', 'OLD_MCC', 'EVENT_E_SGEH:((42))', 0, 1, 'KEY' );
insert into Measurementcolumn ( MTABLEID, DATANAME, COLNUMBER, DATATYPE, DATASIZE, DATASCALE, UNIQUEVALUE, NULLABLE, INDEXES, DESCRIPTION, DATAID, RELEASEID, UNIQUEKEY, INCLUDESQL, COLTYPE ) values ( 'EVENT_E_TEST:((2)):EVENT_E_TEST_SUC:RAW', 'OLD_MNC', 10, 'varchar', 3, 0, 255, 1, '', '', 'OLD_MNC', 'EVENT_E_SGEH:((42))', 0, 1, 'KEY' );
insert into Measurementcolumn ( MTABLEID, DATANAME, COLNUMBER, DATATYPE, DATASIZE, DATASCALE, UNIQUEVALUE, NULLABLE, INDEXES, DESCRIPTION, DATAID, RELEASEID, UNIQUEKEY, INCLUDESQL, COLTYPE ) values ( 'EVENT_E_TEST:((2)):EVENT_E_TEST_SUC:RAW', 'OLD_LAC', 11, 'unsigned int', 0, 0, 255, 1, '', '', 'OLD_LAC', 'EVENT_E_SGEH:((42))', 0, 1, 'KEY' );
insert into Measurementcolumn ( MTABLEID, DATANAME, COLNUMBER, DATATYPE, DATASIZE, DATASCALE, UNIQUEVALUE, NULLABLE, INDEXES, DESCRIPTION, DATAID, RELEASEID, UNIQUEKEY, INCLUDESQL, COLTYPE ) values ( 'EVENT_E_TEST:((2)):EVENT_E_TEST_SUC:RAW', 'OLD_RAC', 12, 'tinyint', 0, 0, 255, 1, '', '', 'OLD_RAC', 'EVENT_E_SGEH:((42))', 0, 1, 'KEY' );
insert into Measurementcolumn ( MTABLEID, DATANAME, COLNUMBER, DATATYPE, DATASIZE, DATASCALE, UNIQUEVALUE, NULLABLE, INDEXES, DESCRIPTION, DATAID, RELEASEID, UNIQUEKEY, INCLUDESQL, COLTYPE ) values ( 'EVENT_E_TEST:((2)):EVENT_E_TEST_SUC:RAW', 'CAUSE_CODE', 13, 'smallint', 0, 0, 255, 1, 'LF', '', 'CAUSE_CODE', 'EVENT_E_SGEH:((42))', 0, 1, 'KEY' );
insert into Measurementcolumn ( MTABLEID, DATANAME, COLNUMBER, DATATYPE, DATASIZE, DATASCALE, UNIQUEVALUE, NULLABLE, INDEXES, DESCRIPTION, DATAID, RELEASEID, UNIQUEKEY, INCLUDESQL, COLTYPE ) values ( 'EVENT_E_TEST:((2)):EVENT_E_TEST_SUC:RAW', 'SUBCAUSE_CODE', 14, 'smallint', 0, 0, 255, 1, 'LF', '', 'SUBCAUSE_CODE', 'EVENT_E_SGEH:((42))', 0, 1, 'KEY' );
insert into Measurementcolumn ( MTABLEID, DATANAME, COLNUMBER, DATATYPE, DATASIZE, DATASCALE, UNIQUEVALUE, NULLABLE, INDEXES, DESCRIPTION, DATAID, RELEASEID, UNIQUEKEY, INCLUDESQL, COLTYPE ) values ( 'EVENT_E_TEST:((2)):EVENT_E_TEST_SUC:RAW', 'ACTIVATION_TYPE', 15, 'tinyint', 0, 0, 255, 1, 'LF', '', 'ACTIVATION_TYPE', 'EVENT_E_SGEH:((42))', 0, 1, 'KEY' );
insert into Measurementcolumn ( MTABLEID, DATANAME, COLNUMBER, DATATYPE, DATASIZE, DATASCALE, UNIQUEVALUE, NULLABLE, INDEXES, DESCRIPTION, DATAID, RELEASEID, UNIQUEKEY, INCLUDESQL, COLTYPE ) values ( 'EVENT_E_TEST:((2)):EVENT_E_TEST_SUC:RAW', 'ATTACH_TYPE', 16, 'tinyint', 0, 0, 255, 1, 'LF', '', 'ATTACH_TYPE', 'EVENT_E_SGEH:((42))', 0, 1, 'KEY' );
insert into Measurementcolumn ( MTABLEID, DATANAME, COLNUMBER, DATATYPE, DATASIZE, DATASCALE, UNIQUEVALUE, NULLABLE, INDEXES, DESCRIPTION, DATAID, RELEASEID, UNIQUEKEY, INCLUDESQL, COLTYPE ) values ( 'EVENT_E_TEST:((2)):EVENT_E_TEST_SUC:RAW', 'DEACTIVATION_TRIGGER', 17, 'tinyint', 0, 0, 255, 1, 'LF', '', 'DEACTIVATION_TRIGGER', 'EVENT_E_SGEH:((42))', 0, 1, 'KEY' );
insert into Measurementcolumn ( MTABLEID, DATANAME, COLNUMBER, DATATYPE, DATASIZE, DATASCALE, UNIQUEVALUE, NULLABLE, INDEXES, DESCRIPTION, DATAID, RELEASEID, UNIQUEKEY, INCLUDESQL, COLTYPE ) values ( 'EVENT_E_TEST:((2)):EVENT_E_TEST_SUC:RAW', 'DROPPED_PDP', 18, 'tinyint', 0, 0, 255, 1, '', '', 'DROPPED_PDP', 'EVENT_E_SGEH:((42))', 0, 1, 'KEY' );
insert into Measurementcolumn ( MTABLEID, DATANAME, COLNUMBER, DATATYPE, DATASIZE, DATASCALE, UNIQUEVALUE, NULLABLE, INDEXES, DESCRIPTION, DATAID, RELEASEID, UNIQUEKEY, INCLUDESQL, COLTYPE ) values ( 'EVENT_E_TEST:((2)):EVENT_E_TEST_SUC:RAW', 'EVENT_ID', 19, 'tinyint', 0, 0, 255, 1, 'LF', '', 'EVENT_ID', 'EVENT_E_SGEH:((42))', 0, 1, 'KEY' );
insert into Measurementcolumn ( MTABLEID, DATANAME, COLNUMBER, DATATYPE, DATASIZE, DATASCALE, UNIQUEVALUE, NULLABLE, INDEXES, DESCRIPTION, DATAID, RELEASEID, UNIQUEKEY, INCLUDESQL, COLTYPE ) values ( 'EVENT_E_TEST:((2)):EVENT_E_TEST_SUC:RAW', 'EVENT_RESULT', 20, 'tinyint', 0, 0, 255, 1, 'LF', '', 'EVENT_RESULT', 'EVENT_E_SGEH:((42))', 0, 1, 'KEY' );
insert into Measurementcolumn ( MTABLEID, DATANAME, COLNUMBER, DATATYPE, DATASIZE, DATASCALE, UNIQUEVALUE, NULLABLE, INDEXES, DESCRIPTION, DATAID, RELEASEID, UNIQUEKEY, INCLUDESQL, COLTYPE ) values ( 'EVENT_E_TEST:((2)):EVENT_E_TEST_SUC:RAW', 'INTRA_RAU_TYPE', 21, 'tinyint', 0, 0, 255, 1, 'LF', '', 'INTRA_RAU_TYPE', 'EVENT_E_SGEH:((42))', 0, 1, 'KEY' );
insert into Measurementcolumn ( MTABLEID, DATANAME, COLNUMBER, DATATYPE, DATASIZE, DATASCALE, UNIQUEVALUE, NULLABLE, INDEXES, DESCRIPTION, DATAID, RELEASEID, UNIQUEKEY, INCLUDESQL, COLTYPE ) values ( 'EVENT_E_TEST:((2)):EVENT_E_TEST_SUC:RAW', 'RAT', 22, 'tinyint', 0, 0, 255, 1, 'LF', '', 'RAT', 'EVENT_E_SGEH:((42))', 0, 1, 'KEY' );
insert into Measurementcolumn ( MTABLEID, DATANAME, COLNUMBER, DATATYPE, DATASIZE, DATASCALE, UNIQUEVALUE, NULLABLE, INDEXES, DESCRIPTION, DATAID, RELEASEID, UNIQUEKEY, INCLUDESQL, COLTYPE ) values ( 'EVENT_E_TEST:((2)):EVENT_E_TEST_SUC:RAW', 'TRANSFERRED_PDP', 23, 'tinyint', 0, 0, 255, 1, '', '', 'TRANSFERRED_PDP', 'EVENT_E_SGEH:((42))', 0, 1, 'KEY' );
insert into Measurementcolumn ( MTABLEID, DATANAME, COLNUMBER, DATATYPE, DATASIZE, DATASCALE, UNIQUEVALUE, NULLABLE, INDEXES, DESCRIPTION, DATAID, RELEASEID, UNIQUEKEY, INCLUDESQL, COLTYPE ) values ( 'EVENT_E_TEST:((2)):EVENT_E_TEST_SUC:RAW', 'UPDATE_TYPE', 24, 'tinyint', 0, 0, 255, 1, 'LF', '', 'UPDATE_TYPE', 'EVENT_E_SGEH:((42))', 0, 1, 'KEY' );
insert into Measurementcolumn ( MTABLEID, DATANAME, COLNUMBER, DATATYPE, DATASIZE, DATASCALE, UNIQUEVALUE, NULLABLE, INDEXES, DESCRIPTION, DATAID, RELEASEID, UNIQUEKEY, INCLUDESQL, COLTYPE ) values ( 'EVENT_E_TEST:((2)):EVENT_E_TEST_SUC:RAW', 'HLR', 25, 'unsigned bigint', 0, 0, 255, 1, '', '', 'HLR', 'EVENT_E_SGEH:((42))', 0, 1, 'KEY' );
insert into Measurementcolumn ( MTABLEID, DATANAME, COLNUMBER, DATATYPE, DATASIZE, DATASCALE, UNIQUEVALUE, NULLABLE, INDEXES, DESCRIPTION, DATAID, RELEASEID, UNIQUEKEY, INCLUDESQL, COLTYPE ) values ( 'EVENT_E_TEST:((2)):EVENT_E_TEST_SUC:RAW', 'IMEISV', 26, 'unsigned bigint', 0, 0, 255, 1, '', '', 'IMEISV', 'EVENT_E_SGEH:((42))', 0, 1, 'KEY' );
insert into Measurementcolumn ( MTABLEID, DATANAME, COLNUMBER, DATATYPE, DATASIZE, DATASCALE, UNIQUEVALUE, NULLABLE, INDEXES, DESCRIPTION, DATAID, RELEASEID, UNIQUEKEY, INCLUDESQL, COLTYPE ) values ( 'EVENT_E_TEST:((2)):EVENT_E_TEST_SUC:RAW', 'TAC', 27, 'unsigned int', 0, 0, 255, 1, 'HG', '', 'TAC', 'EVENT_E_SGEH:((42))', 0, 1, 'KEY' );
insert into Measurementcolumn ( MTABLEID, DATANAME, COLNUMBER, DATATYPE, DATASIZE, DATASCALE, UNIQUEVALUE, NULLABLE, INDEXES, DESCRIPTION, DATAID, RELEASEID, UNIQUEKEY, INCLUDESQL, COLTYPE ) values ( 'EVENT_E_TEST:((2)):EVENT_E_TEST_SUC:RAW', 'IMSI_MCC', 28, 'varchar', 3, 0, 255, 1, 'LF', '', 'IMSI_MCC', 'EVENT_E_SGEH:((42))', 0, 1, 'KEY' );
insert into Measurementcolumn ( MTABLEID, DATANAME, COLNUMBER, DATATYPE, DATASIZE, DATASCALE, UNIQUEVALUE, NULLABLE, INDEXES, DESCRIPTION, DATAID, RELEASEID, UNIQUEKEY, INCLUDESQL, COLTYPE ) values ( 'EVENT_E_TEST:((2)):EVENT_E_TEST_SUC:RAW', 'IMSI_MNC', 29, 'varchar', 3, 0, 255, 1, 'LF', '', 'IMSI_MNC', 'EVENT_E_SGEH:((42))', 0, 1, 'KEY' );
insert into Measurementcolumn ( MTABLEID, DATANAME, COLNUMBER, DATATYPE, DATASIZE, DATASCALE, UNIQUEVALUE, NULLABLE, INDEXES, DESCRIPTION, DATAID, RELEASEID, UNIQUEKEY, INCLUDESQL, COLTYPE ) values ( 'EVENT_E_TEST:((2)):EVENT_E_TEST_SUC:RAW', 'APN', 30, 'varchar', 127, 0, 255, 1, 'LF', '', 'APN', 'EVENT_E_SGEH:((42))', 0, 1, 'KEY' );
insert into Measurementcolumn ( MTABLEID, DATANAME, COLNUMBER, DATATYPE, DATASIZE, DATASCALE, UNIQUEVALUE, NULLABLE, INDEXES, DESCRIPTION, DATAID, RELEASEID, UNIQUEKEY, INCLUDESQL, COLTYPE ) values ( 'EVENT_E_TEST:((2)):EVENT_E_TEST_SUC:RAW', 'HOMEZONE_IDENTITY', 31, 'varchar', 31, 0, 255, 1, '', '', 'HOMEZONE_IDENTITY', 'EVENT_E_SGEH:((42))', 0, 1, 'KEY' );
insert into Measurementcolumn ( MTABLEID, DATANAME, COLNUMBER, DATATYPE, DATASIZE, DATASCALE, UNIQUEVALUE, NULLABLE, INDEXES, DESCRIPTION, DATAID, RELEASEID, UNIQUEKEY, INCLUDESQL, COLTYPE ) values ( 'EVENT_E_TEST:((2)):EVENT_E_TEST_SUC:RAW', 'SAC', 32, 'unsigned int', 0, 0, 255, 1, '', '', 'SAC', 'EVENT_E_SGEH:((42))', 0, 1, 'KEY' );
insert into Measurementcolumn ( MTABLEID, DATANAME, COLNUMBER, DATATYPE, DATASIZE, DATASCALE, UNIQUEVALUE, NULLABLE, INDEXES, DESCRIPTION, DATAID, RELEASEID, UNIQUEKEY, INCLUDESQL, COLTYPE ) values ( 'EVENT_E_TEST:((2)):EVENT_E_TEST_SUC:RAW', 'PTMSI', 33, 'unsigned int', 0, 0, 255, 1, 'HG', '', 'PTMSI', 'EVENT_E_SGEH:((42))', 0, 1, 'KEY' );
insert into Measurementcolumn ( MTABLEID, DATANAME, COLNUMBER, DATATYPE, DATASIZE, DATASCALE, UNIQUEVALUE, NULLABLE, INDEXES, DESCRIPTION, DATAID, RELEASEID, UNIQUEKEY, INCLUDESQL, COLTYPE ) values ( 'EVENT_E_TEST:((2)):EVENT_E_TEST_SUC:RAW', 'GGSN_IPADDRESS', 34, 'binary', 16, 0, 255, 1, '', '', 'GGSN_IPADDRESS', 'EVENT_E_SGEH:((42))', 0, 1, 'KEY' );
insert into Measurementcolumn ( MTABLEID, DATANAME, COLNUMBER, DATATYPE, DATASIZE, DATASCALE, UNIQUEVALUE, NULLABLE, INDEXES, DESCRIPTION, DATAID, RELEASEID, UNIQUEKEY, INCLUDESQL, COLTYPE ) values ( 'EVENT_E_TEST:((2)):EVENT_E_TEST_SUC:RAW', 'GGSN_NAME', 35, 'varchar', 128, 0, 255, 1, '', '', 'GGSN_NAME', 'EVENT_E_SGEH:((42))', 0, 1, 'KEY' );
insert into Measurementcolumn ( MTABLEID, DATANAME, COLNUMBER, DATATYPE, DATASIZE, DATASCALE, UNIQUEVALUE, NULLABLE, INDEXES, DESCRIPTION, DATAID, RELEASEID, UNIQUEKEY, INCLUDESQL, COLTYPE ) values ( 'EVENT_E_TEST:((2)):EVENT_E_TEST_SUC:RAW', 'SGSN_IPADDRESS', 36, 'binary', 16, 0, 255, 1, '', '', 'SGSN_IPADDRESS', 'EVENT_E_SGEH:((42))', 0, 1, 'KEY' );
insert into Measurementcolumn ( MTABLEID, DATANAME, COLNUMBER, DATATYPE, DATASIZE, DATASCALE, UNIQUEVALUE, NULLABLE, INDEXES, DESCRIPTION, DATAID, RELEASEID, UNIQUEKEY, INCLUDESQL, COLTYPE ) values ( 'EVENT_E_TEST:((2)):EVENT_E_TEST_SUC:RAW', 'OLD_SGSN_IPADDRESS', 37, 'binary', 16, 0, 255, 1, '', '', 'OLD_SGSN_IPADDRESS', 'EVENT_E_SGEH:((42))', 0, 1, 'KEY' );
insert into Measurementcolumn ( MTABLEID, DATANAME, COLNUMBER, DATATYPE, DATASIZE, DATASCALE, UNIQUEVALUE, NULLABLE, INDEXES, DESCRIPTION, DATAID, RELEASEID, UNIQUEKEY, INCLUDESQL, COLTYPE ) values ( 'EVENT_E_TEST:((2)):EVENT_E_TEST_SUC:RAW', 'ROAMING', 38, 'bit', 0, 0, 255, 1, '', '', 'ROAMING', 'EVENT_E_SGEH:((42))', 0, 1, 'KEY' );
insert into Measurementcolumn ( MTABLEID, DATANAME, COLNUMBER, DATATYPE, DATASIZE, DATASCALE, UNIQUEVALUE, NULLABLE, INDEXES, DESCRIPTION, DATAID, RELEASEID, UNIQUEKEY, INCLUDESQL, COLTYPE ) values ( 'EVENT_E_TEST:((2)):EVENT_E_TEST_SUC:RAW', 'CAUSE_PROT_TYPE', 39, 'tinyint', 0, 0, 255, 1, 'LF', '', 'CAUSE_PROT_TYPE', 'EVENT_E_SGEH:((42))', 0, 1, 'KEY' );
insert into Measurementcolumn ( MTABLEID, DATANAME, COLNUMBER, DATATYPE, DATASIZE, DATASCALE, UNIQUEVALUE, NULLABLE, INDEXES, DESCRIPTION, DATAID, RELEASEID, UNIQUEKEY, INCLUDESQL, COLTYPE ) values ( 'EVENT_E_TEST:((2)):EVENT_E_TEST_SUC:RAW', 'LINKED_NSAPI', 40, 'unsigned int', 0, 0, 255, 1, '', '', 'LINKED_NSAPI', 'EVENT_E_SGEH:((42))', 0, 1, 'KEY' );
insert into Measurementcolumn ( MTABLEID, DATANAME, COLNUMBER, DATATYPE, DATASIZE, DATASCALE, UNIQUEVALUE, NULLABLE, INDEXES, DESCRIPTION, DATAID, RELEASEID, UNIQUEKEY, INCLUDESQL, COLTYPE ) values ( 'EVENT_E_TEST:((2)):EVENT_E_TEST_SUC:RAW', 'PDP_NSAPI_1', 41, 'unsigned int', 0, 0, 255, 1, '', '', 'PDP_NSAPI_1', 'EVENT_E_SGEH:((42))', 0, 1, 'KEY' );
insert into Measurementcolumn ( MTABLEID, DATANAME, COLNUMBER, DATATYPE, DATASIZE, DATASCALE, UNIQUEVALUE, NULLABLE, INDEXES, DESCRIPTION, DATAID, RELEASEID, UNIQUEKEY, INCLUDESQL, COLTYPE ) values ( 'EVENT_E_TEST:((2)):EVENT_E_TEST_SUC:RAW', 'PDP_GGSN_IPADDRESS_1', 42, 'binary', 16, 0, 255, 1, '', '', 'PDP_GGSN_IPADDRESS_1', 'EVENT_E_SGEH:((42))', 0, 1, 'KEY' );
insert into Measurementcolumn ( MTABLEID, DATANAME, COLNUMBER, DATATYPE, DATASIZE, DATASCALE, UNIQUEVALUE, NULLABLE, INDEXES, DESCRIPTION, DATAID, RELEASEID, UNIQUEKEY, INCLUDESQL, COLTYPE ) values ( 'EVENT_E_TEST:((2)):EVENT_E_TEST_SUC:RAW', 'PDP_GGSN_NAME_1', 43, 'varchar', 128, 0, 255, 1, '', '', 'PDP_GGSN_NAME_1', 'EVENT_E_SGEH:((42))', 0, 1, 'KEY' );
insert into Measurementcolumn ( MTABLEID, DATANAME, COLNUMBER, DATATYPE, DATASIZE, DATASCALE, UNIQUEVALUE, NULLABLE, INDEXES, DESCRIPTION, DATAID, RELEASEID, UNIQUEKEY, INCLUDESQL, COLTYPE ) values ( 'EVENT_E_TEST:((2)):EVENT_E_TEST_SUC:RAW', 'PDP_MS_IPADDRESS_1', 44, 'binary', 16, 0, 255, 1, '', '', 'PDP_MS_IPADDRESS_1', 'EVENT_E_SGEH:((42))', 0, 1, 'KEY' );
insert into Measurementcolumn ( MTABLEID, DATANAME, COLNUMBER, DATATYPE, DATASIZE, DATASCALE, UNIQUEVALUE, NULLABLE, INDEXES, DESCRIPTION, DATAID, RELEASEID, UNIQUEKEY, INCLUDESQL, COLTYPE ) values ( 'EVENT_E_TEST:((2)):EVENT_E_TEST_SUC:RAW', 'PDP_NSAPI_2', 45, 'unsigned int', 0, 0, 255, 1, '', '', 'PDP_NSAPI_2', 'EVENT_E_SGEH:((42))', 0, 1, 'KEY' );
insert into Measurementcolumn ( MTABLEID, DATANAME, COLNUMBER, DATATYPE, DATASIZE, DATASCALE, UNIQUEVALUE, NULLABLE, INDEXES, DESCRIPTION, DATAID, RELEASEID, UNIQUEKEY, INCLUDESQL, COLTYPE ) values ( 'EVENT_E_TEST:((2)):EVENT_E_TEST_SUC:RAW', 'PDP_GGSN_IPADDRESS_2', 46, 'binary', 16, 0, 255, 1, '', '', 'PDP_GGSN_IPADDRESS_2', 'EVENT_E_SGEH:((42))', 0, 1, 'KEY' );
insert into Measurementcolumn ( MTABLEID, DATANAME, COLNUMBER, DATATYPE, DATASIZE, DATASCALE, UNIQUEVALUE, NULLABLE, INDEXES, DESCRIPTION, DATAID, RELEASEID, UNIQUEKEY, INCLUDESQL, COLTYPE ) values ( 'EVENT_E_TEST:((2)):EVENT_E_TEST_SUC:RAW', 'PDP_GGSN_NAME_2', 47, 'varchar', 128, 0, 255, 1, '', '', 'PDP_GGSN_NAME_2', 'EVENT_E_SGEH:((42))', 0, 1, 'KEY' );
insert into Measurementcolumn ( MTABLEID, DATANAME, COLNUMBER, DATATYPE, DATASIZE, DATASCALE, UNIQUEVALUE, NULLABLE, INDEXES, DESCRIPTION, DATAID, RELEASEID, UNIQUEKEY, INCLUDESQL, COLTYPE ) values ( 'EVENT_E_TEST:((2)):EVENT_E_TEST_SUC:RAW', 'PDP_MS_IPADDRESS_2', 48, 'binary', 16, 0, 255, 1, '', '', 'PDP_MS_IPADDRESS_2', 'EVENT_E_SGEH:((42))', 0, 1, 'KEY' );
insert into Measurementcolumn ( MTABLEID, DATANAME, COLNUMBER, DATATYPE, DATASIZE, DATASCALE, UNIQUEVALUE, NULLABLE, INDEXES, DESCRIPTION, DATAID, RELEASEID, UNIQUEKEY, INCLUDESQL, COLTYPE ) values ( 'EVENT_E_TEST:((2)):EVENT_E_TEST_SUC:RAW', 'PAGING_ATTEMPTS', 49, 'tinyint', 0, 0, 255, 1, '', '', 'PAGING_ATTEMPTS', 'EVENT_E_SGEH:((42))', 0, 1, 'KEY' );
insert into Measurementcolumn ( MTABLEID, DATANAME, COLNUMBER, DATATYPE, DATASIZE, DATASCALE, UNIQUEVALUE, NULLABLE, INDEXES, DESCRIPTION, DATAID, RELEASEID, UNIQUEKEY, INCLUDESQL, COLTYPE ) values ( 'EVENT_E_TEST:((2)):EVENT_E_TEST_SUC:RAW', 'SERVICE_REQ_TRIGGER', 50, 'tinyint', 0, 0, 255, 1, '', '', 'SERVICE_REQ_TRIGGER', 'EVENT_E_SGEH:((42))', 0, 1, 'KEY' );
insert into Measurementcolumn ( MTABLEID, DATANAME, COLNUMBER, DATATYPE, DATASIZE, DATASCALE, UNIQUEVALUE, NULLABLE, INDEXES, DESCRIPTION, DATAID, RELEASEID, UNIQUEKEY, INCLUDESQL, COLTYPE ) values ( 'EVENT_E_TEST:((2)):EVENT_E_TEST_SUC:RAW', 'REQUEST_RETRIES', 51, 'tinyint', 0, 0, 255, 1, '', '', 'REQUEST_RETRIES', 'EVENT_E_SGEH:((42))', 0, 1, 'KEY' );
insert into Measurementcolumn ( MTABLEID, DATANAME, COLNUMBER, DATATYPE, DATASIZE, DATASCALE, UNIQUEVALUE, NULLABLE, INDEXES, DESCRIPTION, DATAID, RELEASEID, UNIQUEKEY, INCLUDESQL, COLTYPE ) values ( 'EVENT_E_TEST:((2)):EVENT_E_TEST_SUC:RAW', 'SERVICE_TYPE', 52, 'tinyint', 0, 0, 255, 1, '', '', 'SERVICE_TYPE', 'EVENT_E_SGEH:((42))', 0, 1, 'KEY' );
insert into Measurementcolumn ( MTABLEID, DATANAME, COLNUMBER, DATATYPE, DATASIZE, DATASCALE, UNIQUEVALUE, NULLABLE, INDEXES, DESCRIPTION, DATAID, RELEASEID, UNIQUEKEY, INCLUDESQL, COLTYPE ) values ( 'EVENT_E_TEST:((2)):EVENT_E_TEST_SUC:RAW', 'DETACH_TYPE', 53, 'tinyint', 0, 0, 255, 1, '', '', 'DETACH_TYPE', 'EVENT_E_SGEH:((42))', 0, 1, 'KEY' );
insert into Measurementcolumn ( MTABLEID, DATANAME, COLNUMBER, DATATYPE, DATASIZE, DATASCALE, UNIQUEVALUE, NULLABLE, INDEXES, DESCRIPTION, DATAID, RELEASEID, UNIQUEKEY, INCLUDESQL, COLTYPE ) values ( 'EVENT_E_TEST:((2)):EVENT_E_TEST_SUC:RAW', 'DETACH_TRIGGER', 54, 'tinyint', 0, 0, 255, 1, '', '', 'DETACH_TRIGGER', 'EVENT_E_SGEH:((42))', 0, 1, 'KEY' );
insert into Measurementcolumn ( MTABLEID, DATANAME, COLNUMBER, DATATYPE, DATASIZE, DATASCALE, UNIQUEVALUE, NULLABLE, INDEXES, DESCRIPTION, DATAID, RELEASEID, UNIQUEKEY, INCLUDESQL, COLTYPE ) values ( 'EVENT_E_TEST:((2)):EVENT_E_TEST_SUC:RAW', 'DURATION', 55, 'unsigned int', 0, 0, 255, 1, '', '', 'DURATION', 'EVENT_E_SGEH:((42))', 0, 1, 'KEY' );
insert into Measurementcolumn ( MTABLEID, DATANAME, COLNUMBER, DATATYPE, DATASIZE, DATASCALE, UNIQUEVALUE, NULLABLE, INDEXES, DESCRIPTION, DATAID, RELEASEID, UNIQUEKEY, INCLUDESQL, COLTYPE ) values ( 'EVENT_E_TEST:((2)):EVENT_E_TEST_SUC:RAW', 'EVENT_SOURCE_NAME', 56, 'varchar', 128, 0, 64000, 1, 'HG', '', 'EVENT_SOURCE_NAME', 'BASE_TP_EVENTS_100415_3', 0, 1, 'PUBLICKEY' );
insert into Measurementcolumn ( MTABLEID, DATANAME, COLNUMBER, DATATYPE, DATASIZE, DATASCALE, UNIQUEVALUE, NULLABLE, INDEXES, DESCRIPTION, DATAID, RELEASEID, UNIQUEKEY, INCLUDESQL, COLTYPE ) values ( 'EVENT_E_TEST:((2)):EVENT_E_TEST_SUC:RAW', 'OSS_ID', 57, 'varchar', 20, 0, 255, 1, 'LF', '', 'OSS_ID', 'BASE_TP_EVENTS_100415_3', 0, 1, 'PUBLICKEY' );
insert into Measurementcolumn ( MTABLEID, DATANAME, COLNUMBER, DATATYPE, DATASIZE, DATASCALE, UNIQUEVALUE, NULLABLE, INDEXES, DESCRIPTION, DATAID, RELEASEID, UNIQUEKEY, INCLUDESQL, COLTYPE ) values ( 'EVENT_E_TEST:((2)):EVENT_E_TEST_SUC:RAW', 'DATE_ID', 58, 'date', 0, 0, 100000000, 0, 'LF', '', 'DATE_ID', 'BASE_TP_EVENTS_100415_3', 0, 1, 'PUBLICKEY' );
insert into Measurementcolumn ( MTABLEID, DATANAME, COLNUMBER, DATATYPE, DATASIZE, DATASCALE, UNIQUEVALUE, NULLABLE, INDEXES, DESCRIPTION, DATAID, RELEASEID, UNIQUEKEY, INCLUDESQL, COLTYPE ) values ( 'EVENT_E_TEST:((2)):EVENT_E_TEST_SUC:RAW', 'YEAR_ID', 59, 'smallint', 0, 0, 65536, 0, 'LF', '', 'YEAR_ID', 'BASE_TP_EVENTS_100415_3', 0, 0, 'PUBLICKEY' );
insert into Measurementcolumn ( MTABLEID, DATANAME, COLNUMBER, DATATYPE, DATASIZE, DATASCALE, UNIQUEVALUE, NULLABLE, INDEXES, DESCRIPTION, DATAID, RELEASEID, UNIQUEKEY, INCLUDESQL, COLTYPE ) values ( 'EVENT_E_TEST:((2)):EVENT_E_TEST_SUC:RAW', 'MONTH_ID', 60, 'tinyint', 0, 0, 256, 0, 'LF', '', 'MONTH_ID', 'BASE_TP_EVENTS_100415_3', 0, 0, 'PUBLICKEY' );
insert into Measurementcolumn ( MTABLEID, DATANAME, COLNUMBER, DATATYPE, DATASIZE, DATASCALE, UNIQUEVALUE, NULLABLE, INDEXES, DESCRIPTION, DATAID, RELEASEID, UNIQUEKEY, INCLUDESQL, COLTYPE ) values ( 'EVENT_E_TEST:((2)):EVENT_E_TEST_SUC:RAW', 'DAY_ID', 61, 'tinyint', 0, 0, 256, 0, 'LF', '', 'DAY_ID', 'BASE_TP_EVENTS_100415_3', 0, 0, 'PUBLICKEY' );
insert into Measurementcolumn ( MTABLEID, DATANAME, COLNUMBER, DATATYPE, DATASIZE, DATASCALE, UNIQUEVALUE, NULLABLE, INDEXES, DESCRIPTION, DATAID, RELEASEID, UNIQUEKEY, INCLUDESQL, COLTYPE ) values ( 'EVENT_E_TEST:((2)):EVENT_E_TEST_SUC:RAW', 'HOUR_ID', 62, 'tinyint', 0, 0, 256, 0, 'LF', '', 'HOUR_ID', 'BASE_TP_EVENTS_100415_3', 0, 0, 'PUBLICKEY' );
insert into Measurementcolumn ( MTABLEID, DATANAME, COLNUMBER, DATATYPE, DATASIZE, DATASCALE, UNIQUEVALUE, NULLABLE, INDEXES, DESCRIPTION, DATAID, RELEASEID, UNIQUEKEY, INCLUDESQL, COLTYPE ) values ( 'EVENT_E_TEST:((2)):EVENT_E_TEST_SUC:RAW', 'MIN_ID', 63, 'tinyint', 0, 0, 256, 0, 'LF', '', 'MIN_ID', 'BASE_TP_EVENTS_100415_3', 0, 0, 'PUBLICKEY' );
insert into Measurementcolumn ( MTABLEID, DATANAME, COLNUMBER, DATATYPE, DATASIZE, DATASCALE, UNIQUEVALUE, NULLABLE, INDEXES, DESCRIPTION, DATAID, RELEASEID, UNIQUEKEY, INCLUDESQL, COLTYPE ) values ( 'EVENT_E_TEST:((2)):EVENT_E_TEST_SUC:RAW', 'DATETIME_ID', 64, 'datetime', 0, 0, 100000000, 0, 'HG', '', 'DATETIME_ID', 'BASE_TP_EVENTS_100415_3', 0, 1, 'PUBLICKEY' );
insert into Measurementcolumn ( MTABLEID, DATANAME, COLNUMBER, DATATYPE, DATASIZE, DATASCALE, UNIQUEVALUE, NULLABLE, INDEXES, DESCRIPTION, DATAID, RELEASEID, UNIQUEKEY, INCLUDESQL, COLTYPE ) values ( 'EVENT_E_TEST:((2)):EVENT_E_TEST_SUC:RAW', 'EVENT_TIME', 65, 'timestamp', 0, 0, 25000000, 0, '', '', 'EVENT_TIME', 'BASE_TP_EVENTS_100415_3', 0, 0, 'PUBLICKEY' );
insert into Measurementcolumn ( MTABLEID, DATANAME, COLNUMBER, DATATYPE, DATASIZE, DATASCALE, UNIQUEVALUE, NULLABLE, INDEXES, DESCRIPTION, DATAID, RELEASEID, UNIQUEKEY, INCLUDESQL, COLTYPE ) values ( 'EVENT_E_TEST:((2)):EVENT_E_TEST_SUC:RAW', 'TIMEZONE', 66, 'smallint', 0, 0, 65536, 1, 'LF', '', 'TIMEZONE', 'BASE_TP_EVENTS_100415_3', 0, 1, 'PUBLICKEY' );
insert into Measurementcolumn ( MTABLEID, DATANAME, COLNUMBER, DATATYPE, DATASIZE, DATASCALE, UNIQUEVALUE, NULLABLE, INDEXES, DESCRIPTION, DATAID, RELEASEID, UNIQUEKEY, INCLUDESQL, COLTYPE ) values ( 'EVENT_E_TEST:((2)):EVENT_E_TEST_SUC:RAW', 'VENDOR', 67, 'varchar', 20, 0, 255, 1, 'LF', '', 'VENDOR', 'BASE_TP_EVENTS_100415_3', 0, 1, 'PUBLICKEY' );
insert into Measurementcolumn ( MTABLEID, DATANAME, COLNUMBER, DATATYPE, DATASIZE, DATASCALE, UNIQUEVALUE, NULLABLE, INDEXES, DESCRIPTION, DATAID, RELEASEID, UNIQUEKEY, INCLUDESQL, COLTYPE ) values ( 'EVENT_E_TEST:((2)):EVENT_E_TEST_SUC:RAW', 'SUSPECTFLAG', 68, 'bit', 0, 0, 1, 1, '', '', 'SUSPECTFLAG', 'BASE_TP_EVENTS_100415_3', 0, 1, 'PUBLICKEY' );
insert into Measurementcolumn ( MTABLEID, DATANAME, COLNUMBER, DATATYPE, DATASIZE, DATASCALE, UNIQUEVALUE, NULLABLE, INDEXES, DESCRIPTION, DATAID, RELEASEID, UNIQUEKEY, INCLUDESQL, COLTYPE ) values ( 'EVENT_E_TEST:((2)):EVENT_E_TEST_SUC:RAW', 'NE_VERSION', 69, 'varchar', 20, 0, 255, 1, 'LF', '', 'NE_VERSION', 'BASE_TP_EVENTS_100415_3', 0, 1, 'PUBLICKEY' );
insert into Measurementcolumn ( MTABLEID, DATANAME, COLNUMBER, DATATYPE, DATASIZE, DATASCALE, UNIQUEVALUE, NULLABLE, INDEXES, DESCRIPTION, DATAID, RELEASEID, UNIQUEKEY, INCLUDESQL, COLTYPE ) values ( 'EVENT_E_TEST:((2)):EVENT_E_TEST_SUC:RAW', 'IMSI', 70, 'unsigned bigint', 0, 0, 100000000, 1, 'HG', '', 'IMSI', 'BASE_TP_EVENTS_100415_3', 0, 1, 'PUBLICKEY' );
insert into Measurementcolumn ( MTABLEID, DATANAME, COLNUMBER, DATATYPE, DATASIZE, DATASCALE, UNIQUEVALUE, NULLABLE, INDEXES, DESCRIPTION, DATAID, RELEASEID, UNIQUEKEY, INCLUDESQL, COLTYPE ) values ( 'EVENT_E_TEST:((2)):EVENT_E_TEST_SUC:RAW', 'MSISDN', 71, 'unsigned bigint', 0, 0, 100000000, 1, 'HG', '', 'MSISDN', 'BASE_TP_EVENTS_100415_3', 0, 1, 'PUBLICKEY' );
insert into Measurementcolumn ( MTABLEID, DATANAME, COLNUMBER, DATATYPE, DATASIZE, DATASCALE, UNIQUEVALUE, NULLABLE, INDEXES, DESCRIPTION, DATAID, RELEASEID, UNIQUEKEY, INCLUDESQL, COLTYPE ) values ( 'EVENT_E_TEST:((2)):EVENT_E_TEST_SUC:RAW', 'SESSION_ID', 72, 'unsigned int', 0, 0, 100000000, 1, 'HG', '', 'SESSION_ID', 'BASE_TP_EVENTS_100415_3', 0, 0, 'PUBLICKEY' );
insert into Measurementcolumn ( MTABLEID, DATANAME, COLNUMBER, DATATYPE, DATASIZE, DATASCALE, UNIQUEVALUE, NULLABLE, INDEXES, DESCRIPTION, DATAID, RELEASEID, UNIQUEKEY, INCLUDESQL, COLTYPE ) values ( 'EVENT_E_TEST:((2)):EVENT_E_TEST_SUC:RAW', 'BATCH_ID', 73, 'unsigned int', 0, 0, 100000000, 1, '', '', 'BATCH_ID', 'BASE_TP_EVENTS_100415_3', 0, 0, 'PUBLICKEY' );
insert into Measurementcolumn ( MTABLEID, DATANAME, COLNUMBER, DATATYPE, DATASIZE, DATASCALE, UNIQUEVALUE, NULLABLE, INDEXES, DESCRIPTION, DATAID, RELEASEID, UNIQUEKEY, INCLUDESQL, COLTYPE ) values ( 'EVENT_E_TEST:((2)):EVENT_E_TEST_SUC:RAW', 'LOCAL_DATE_ID', 74, 'date', 0, 0, 100000000, 0, 'LF', '', 'LOCAL_DATE_ID', 'BASE_TP_EVENTS_100415_3', 0, 1, 'PUBLICKEY' );


insert into Measurementtype ( TYPEID, TYPECLASSID, TYPENAME, VENDORID, FOLDERNAME, DESCRIPTION, STATUS, VERSIONID, OBJECTID, OBJECTNAME, OBJECTVERSION, OBJECTTYPE, JOINABLE, SIZING, TOTALAGG, ELEMENTBHSUPPORT, RANKINGTABLE, DELTACALCSUPPORT, PLAINTABLE, UNIVERSEEXTENSION, VECTORSUPPORT, DATAFORMATSUPPORT, ONEMINAGG, FIFTEENMINAGG, EVENTSCALCTABLE, MIXEDPARTITIONSTABLE, LOADFILE_DUP_CHECK ) values ( 'EVENT_E_TEST:((2)):EVENT_E_TEST_APN_ERR', 'EVENT_E_TEST:((2)):EVENT_E_TEST_DEFAULT', 'EVENT_E_TEST_APN_ERR', 'EVENT_E_SGEH', 'EVENT_E_TEST_APN_ERR', '', null, 'EVENT_E_TEST:((2))', 'EVENT_E_TEST:((2)):EVENT_E_TEST_APN_ERR', 'EVENT_E_TEST_APN_ERR', null, null, '', 'sgeh', 1, 0, 0, 0, 0, 'ALL', 0, 0, 0, 1, 1, 0, null );
insert into Measurementkey ( TYPEID, DATANAME, DESCRIPTION, ISELEMENT, UNIQUEKEY, COLNUMBER, DATATYPE, DATASIZE, DATASCALE, UNIQUEVALUE, NULLABLE, INDEXES, INCLUDESQL, UNIVOBJECT, JOINABLE, DATAID ) values ( 'EVENT_E_TEST:((2)):EVENT_E_TEST_APN_ERR', 'APN', '', 0, 0, 1, 'varchar', 127, 0, 255, 0, 'LF', 1, 'APN', 0, 'APN' );
insert into Measurementkey ( TYPEID, DATANAME, DESCRIPTION, ISELEMENT, UNIQUEKEY, COLNUMBER, DATATYPE, DATASIZE, DATASCALE, UNIQUEVALUE, NULLABLE, INDEXES, INCLUDESQL, UNIVOBJECT, JOINABLE, DATAID ) values ( 'EVENT_E_TEST:((2)):EVENT_E_TEST_APN_ERR', 'NO_OF_ERRORS', '', 0, 0, 3, 'unsigned bigint', 0, 0, 255, 0, '', 1, 'NO_OF_ERRORS', 0, 'NO_OF_ERRORS' );
insert into Measurementkey ( TYPEID, DATANAME, DESCRIPTION, ISELEMENT, UNIQUEKEY, COLNUMBER, DATATYPE, DATASIZE, DATASCALE, UNIQUEVALUE, NULLABLE, INDEXES, INCLUDESQL, UNIVOBJECT, JOINABLE, DATAID ) values ( 'EVENT_E_TEST:((2)):EVENT_E_TEST_APN_ERR', 'NO_OF_NET_INIT_DEACTIVATES', '', 0, 0, 5, 'unsigned bigint', 0, 0, 255, 1, '', 1, 'NO_OF_NET_INIT_DEACTIVATES', 0, 'NO_OF_NET_INIT_DEACTIVATES' );
insert into Measurementkey ( TYPEID, DATANAME, DESCRIPTION, ISELEMENT, UNIQUEKEY, COLNUMBER, DATATYPE, DATASIZE, DATASCALE, UNIQUEVALUE, NULLABLE, INDEXES, INCLUDESQL, UNIVOBJECT, JOINABLE, DATAID ) values ( 'EVENT_E_TEST:((2)):EVENT_E_TEST_APN_ERR', 'NO_OF_SUCCESSES', '', 0, 0, 2, 'unsigned bigint', 0, 0, 255, 1, '', 1, 'NO_OF_SUCCESSES', 0, 'NO_OF_SUCCESSES' );
insert into Measurementkey ( TYPEID, DATANAME, DESCRIPTION, ISELEMENT, UNIQUEKEY, COLNUMBER, DATATYPE, DATASIZE, DATASCALE, UNIQUEVALUE, NULLABLE, INDEXES, INCLUDESQL, UNIVOBJECT, JOINABLE, DATAID ) values ( 'EVENT_E_TEST:((2)):EVENT_E_TEST_APN_ERR', 'NO_OF_TOTAL_ERR_SUBSCRIBERS', '', 0, 0, 4, 'unsigned bigint', 0, 0, 255, 1, '', 1, 'NO_OF_TOTAL_ERR_SUBSCRIBERS', 0, 'NO_OF_TOTAL_SUBSCRIBERS' );
insert into Measurementkey ( TYPEID, DATANAME, DESCRIPTION, ISELEMENT, UNIQUEKEY, COLNUMBER, DATATYPE, DATASIZE, DATASCALE, UNIQUEVALUE, NULLABLE, INDEXES, INCLUDESQL, UNIVOBJECT, JOINABLE, DATAID ) values ( 'EVENT_E_TEST:((2)):EVENT_E_TEST_APN_ERR', 'NEW_KEY', '', 0, 0, 6, 'unsigned bigint', 0, 0, 255, 1, '', 1, 'NEW_KEY', 0, 'NEW_KEY' );

insert into Measurementtable ( MTABLEID, TABLELEVEL, TYPEID, BASETABLENAME, DEFAULT_TEMPLATE, PARTITIONPLAN ) values ( 'EVENT_E_TEST:((2)):EVENT_E_TEST_APN_ERR:15MIN', '15MIN', 'EVENT_E_TEST:((2)):EVENT_E_TEST_APN_ERR', 'EVENT_E_TEST_APN_ERR_15MIN', null, 'sgehextrasmall_15min' );
insert into Measurementcolumn ( MTABLEID, DATANAME, COLNUMBER, DATATYPE, DATASIZE, DATASCALE, UNIQUEVALUE, NULLABLE, INDEXES, DESCRIPTION, DATAID, RELEASEID, UNIQUEKEY, INCLUDESQL, COLTYPE ) values ( 'EVENT_E_TEST:((2)):EVENT_E_TEST_APN_ERR:15MIN', 'APN', 1, 'varchar', 127, 0, 255, 0, 'LF', '', 'APN', 'EVENT_E_SGEH:((41))', 0, 1, 'KEY' );
insert into Measurementcolumn ( MTABLEID, DATANAME, COLNUMBER, DATATYPE, DATASIZE, DATASCALE, UNIQUEVALUE, NULLABLE, INDEXES, DESCRIPTION, DATAID, RELEASEID, UNIQUEKEY, INCLUDESQL, COLTYPE ) values ( 'EVENT_E_TEST:((2)):EVENT_E_TEST_APN_ERR:15MIN', 'NO_OF_SUCCESSES', 2, 'unsigned bigint', 0, 0, 255, 1, '', '', 'NO_OF_SUCCESSES', 'EVENT_E_SGEH:((41))', 0, 1, 'KEY' );
insert into Measurementcolumn ( MTABLEID, DATANAME, COLNUMBER, DATATYPE, DATASIZE, DATASCALE, UNIQUEVALUE, NULLABLE, INDEXES, DESCRIPTION, DATAID, RELEASEID, UNIQUEKEY, INCLUDESQL, COLTYPE ) values ( 'EVENT_E_TEST:((2)):EVENT_E_TEST_APN_ERR:15MIN', 'NO_OF_ERRORS', 3, 'unsigned bigint', 0, 0, 255, 0, '', '', 'NO_OF_ERRORS', 'EVENT_E_SGEH:((41))', 0, 1, 'KEY' );
insert into Measurementcolumn ( MTABLEID, DATANAME, COLNUMBER, DATATYPE, DATASIZE, DATASCALE, UNIQUEVALUE, NULLABLE, INDEXES, DESCRIPTION, DATAID, RELEASEID, UNIQUEKEY, INCLUDESQL, COLTYPE ) values ( 'EVENT_E_TEST:((2)):EVENT_E_TEST_APN_ERR:15MIN', 'NO_OF_TOTAL_ERR_SUBSCRIBERS', 4, 'unsigned bigint', 0, 0, 255, 1, '', '', 'NO_OF_TOTAL_SUBSCRIBERS', 'EVENT_E_SGEH:((41))', 0, 1, 'KEY' );
insert into Measurementcolumn ( MTABLEID, DATANAME, COLNUMBER, DATATYPE, DATASIZE, DATASCALE, UNIQUEVALUE, NULLABLE, INDEXES, DESCRIPTION, DATAID, RELEASEID, UNIQUEKEY, INCLUDESQL, COLTYPE ) values ( 'EVENT_E_TEST:((2)):EVENT_E_TEST_APN_ERR:15MIN', 'NO_OF_NET_INIT_DEACTIVATES', 5, 'unsigned bigint', 0, 0, 255, 1, '', '', 'NO_OF_NET_INIT_DEACTIVATES', 'EVENT_E_SGEH:((41))', 0, 1, 'KEY' );
insert into Measurementcolumn ( MTABLEID, DATANAME, COLNUMBER, DATATYPE, DATASIZE, DATASCALE, UNIQUEVALUE, NULLABLE, INDEXES, DESCRIPTION, DATAID, RELEASEID, UNIQUEKEY, INCLUDESQL, COLTYPE ) values ( 'EVENT_E_TEST:((2)):EVENT_E_TEST_APN_ERR:15MIN', 'DATE_ID', 6, 'date', 0, 0, 100000000, 0, 'LF', '', 'DATE_ID', 'BASE_TP_EVENTS_100415_3', 0, 1, 'PUBLICKEY' );
insert into Measurementcolumn ( MTABLEID, DATANAME, COLNUMBER, DATATYPE, DATASIZE, DATASCALE, UNIQUEVALUE, NULLABLE, INDEXES, DESCRIPTION, DATAID, RELEASEID, UNIQUEKEY, INCLUDESQL, COLTYPE ) values ( 'EVENT_E_TEST:((2)):EVENT_E_TEST_APN_ERR:15MIN', 'YEAR_ID', 7, 'smallint', 0, 0, 65536, 0, 'LF', '', 'YEAR_ID', 'BASE_TP_EVENTS_100415_3', 0, 0, 'PUBLICKEY' );
insert into Measurementcolumn ( MTABLEID, DATANAME, COLNUMBER, DATATYPE, DATASIZE, DATASCALE, UNIQUEVALUE, NULLABLE, INDEXES, DESCRIPTION, DATAID, RELEASEID, UNIQUEKEY, INCLUDESQL, COLTYPE ) values ( 'EVENT_E_TEST:((2)):EVENT_E_TEST_APN_ERR:15MIN', 'MONTH_ID', 8, 'tinyint', 0, 0, 256, 0, 'LF', '', 'MONTH_ID', 'BASE_TP_EVENTS_100415_3', 0, 0, 'PUBLICKEY' );
insert into Measurementcolumn ( MTABLEID, DATANAME, COLNUMBER, DATATYPE, DATASIZE, DATASCALE, UNIQUEVALUE, NULLABLE, INDEXES, DESCRIPTION, DATAID, RELEASEID, UNIQUEKEY, INCLUDESQL, COLTYPE ) values ( 'EVENT_E_TEST:((2)):EVENT_E_TEST_APN_ERR:15MIN', 'DAY_ID', 9, 'tinyint', 0, 0, 256, 0, 'LF', '', 'DAY_ID', 'BASE_TP_EVENTS_100415_3', 0, 0, 'PUBLICKEY' );
insert into Measurementcolumn ( MTABLEID, DATANAME, COLNUMBER, DATATYPE, DATASIZE, DATASCALE, UNIQUEVALUE, NULLABLE, INDEXES, DESCRIPTION, DATAID, RELEASEID, UNIQUEKEY, INCLUDESQL, COLTYPE ) values ( 'EVENT_E_TEST:((2)):EVENT_E_TEST_APN_ERR:15MIN', 'HOUR_ID', 10, 'tinyint', 0, 0, 256, 0, 'LF', '', 'HOUR_ID', 'BASE_TP_EVENTS_100415_3', 0, 0, 'PUBLICKEY' );
insert into Measurementcolumn ( MTABLEID, DATANAME, COLNUMBER, DATATYPE, DATASIZE, DATASCALE, UNIQUEVALUE, NULLABLE, INDEXES, DESCRIPTION, DATAID, RELEASEID, UNIQUEKEY, INCLUDESQL, COLTYPE ) values ( 'EVENT_E_TEST:((2)):EVENT_E_TEST_APN_ERR:15MIN', 'MIN_ID', 11, 'tinyint', 0, 0, 256, 0, 'LF', '', 'MIN_ID', 'BASE_TP_EVENTS_100415_3', 0, 0, 'PUBLICKEY' );
insert into Measurementcolumn ( MTABLEID, DATANAME, COLNUMBER, DATATYPE, DATASIZE, DATASCALE, UNIQUEVALUE, NULLABLE, INDEXES, DESCRIPTION, DATAID, RELEASEID, UNIQUEKEY, INCLUDESQL, COLTYPE ) values ( 'EVENT_E_TEST:((2)):EVENT_E_TEST_APN_ERR:15MIN', 'DATETIME_ID', 12, 'datetime', 0, 0, 100000000, 0, 'HG', '', 'DATETIME_ID', 'BASE_TP_EVENTS_100415_3', 0, 1, 'PUBLICKEY' );
insert into Measurementcolumn ( MTABLEID, DATANAME, COLNUMBER, DATATYPE, DATASIZE, DATASCALE, UNIQUEVALUE, NULLABLE, INDEXES, DESCRIPTION, DATAID, RELEASEID, UNIQUEKEY, INCLUDESQL, COLTYPE ) values ( 'EVENT_E_TEST:((2)):EVENT_E_TEST_APN_ERR:15MIN', 'VALID', 13, 'bit', 0, 0, 1, 1, '', '', 'VALID', 'BASE_TP_EVENTS_100415_3', 0, 0, 'PUBLICKEY' );
insert into Measurementcolumn ( MTABLEID, DATANAME, COLNUMBER, DATATYPE, DATASIZE, DATASCALE, UNIQUEVALUE, NULLABLE, INDEXES, DESCRIPTION, DATAID, RELEASEID, UNIQUEKEY, INCLUDESQL, COLTYPE ) values ( 'EVENT_E_TEST:((2)):EVENT_E_TEST_APN_ERR:15MIN', 'NEW_KEY', 14, 'unsigned bigint', 0, 0, 255, 1, '', '', 'NEW_KEY', 'EVENT_E_SGEH:((41))', 0, 1, 'KEY' );



insert into Measurementtable ( MTABLEID, TABLELEVEL, TYPEID, BASETABLENAME, DEFAULT_TEMPLATE, PARTITIONPLAN ) values ( 'EVENT_E_TEST:((2)):EVENT_E_TEST_APN_ERR:DAY', 'DAY', 'EVENT_E_TEST:((2)):EVENT_E_TEST_APN_ERR', 'EVENT_E_TEST_APN_ERR_DAY', null, 'sgehextrasmall_day' );
insert into Measurementcolumn ( MTABLEID, DATANAME, COLNUMBER, DATATYPE, DATASIZE, DATASCALE, UNIQUEVALUE, NULLABLE, INDEXES, DESCRIPTION, DATAID, RELEASEID, UNIQUEKEY, INCLUDESQL, COLTYPE ) values ( 'EVENT_E_TEST:((2)):EVENT_E_TEST_APN_ERR:DAY', 'APN', 1, 'varchar', 127, 0, 255, 0, 'LF', '', 'APN', 'EVENT_E_SGEH:((41))', 0, 1, 'KEY' );
insert into Measurementcolumn ( MTABLEID, DATANAME, COLNUMBER, DATATYPE, DATASIZE, DATASCALE, UNIQUEVALUE, NULLABLE, INDEXES, DESCRIPTION, DATAID, RELEASEID, UNIQUEKEY, INCLUDESQL, COLTYPE ) values ( 'EVENT_E_TEST:((2)):EVENT_E_TEST_APN_ERR:DAY', 'NO_OF_SUCCESSES', 2, 'unsigned bigint', 0, 0, 255, 1, '', '', 'NO_OF_SUCCESSES', 'EVENT_E_SGEH:((41))', 0, 1, 'KEY' );
insert into Measurementcolumn ( MTABLEID, DATANAME, COLNUMBER, DATATYPE, DATASIZE, DATASCALE, UNIQUEVALUE, NULLABLE, INDEXES, DESCRIPTION, DATAID, RELEASEID, UNIQUEKEY, INCLUDESQL, COLTYPE ) values ( 'EVENT_E_TEST:((2)):EVENT_E_TEST_APN_ERR:DAY', 'NO_OF_ERRORS', 3, 'unsigned bigint', 0, 0, 255, 0, '', '', 'NO_OF_ERRORS', 'EVENT_E_SGEH:((41))', 0, 1, 'KEY' );
insert into Measurementcolumn ( MTABLEID, DATANAME, COLNUMBER, DATATYPE, DATASIZE, DATASCALE, UNIQUEVALUE, NULLABLE, INDEXES, DESCRIPTION, DATAID, RELEASEID, UNIQUEKEY, INCLUDESQL, COLTYPE ) values ( 'EVENT_E_TEST:((2)):EVENT_E_TEST_APN_ERR:DAY', 'NO_OF_TOTAL_ERR_SUBSCRIBERS', 4, 'unsigned bigint', 0, 0, 255, 1, '', '', 'NO_OF_TOTAL_SUBSCRIBERS', 'EVENT_E_SGEH:((41))', 0, 1, 'KEY' );
insert into Measurementcolumn ( MTABLEID, DATANAME, COLNUMBER, DATATYPE, DATASIZE, DATASCALE, UNIQUEVALUE, NULLABLE, INDEXES, DESCRIPTION, DATAID, RELEASEID, UNIQUEKEY, INCLUDESQL, COLTYPE ) values ( 'EVENT_E_TEST:((2)):EVENT_E_TEST_APN_ERR:DAY', 'NO_OF_NET_INIT_DEACTIVATES', 5, 'unsigned bigint', 0, 0, 255, 1, '', '', 'NO_OF_NET_INIT_DEACTIVATES', 'EVENT_E_SGEH:((41))', 0, 1, 'KEY' );
insert into Measurementcolumn ( MTABLEID, DATANAME, COLNUMBER, DATATYPE, DATASIZE, DATASCALE, UNIQUEVALUE, NULLABLE, INDEXES, DESCRIPTION, DATAID, RELEASEID, UNIQUEKEY, INCLUDESQL, COLTYPE ) values ( 'EVENT_E_TEST:((2)):EVENT_E_TEST_APN_ERR:DAY', 'DATE_ID', 6, 'date', 0, 0, 100000000, 0, 'LF', '', 'DATE_ID', 'BASE_TP_EVENTS_100415_3', 0, 1, 'PUBLICKEY' );
insert into Measurementcolumn ( MTABLEID, DATANAME, COLNUMBER, DATATYPE, DATASIZE, DATASCALE, UNIQUEVALUE, NULLABLE, INDEXES, DESCRIPTION, DATAID, RELEASEID, UNIQUEKEY, INCLUDESQL, COLTYPE ) values ( 'EVENT_E_TEST:((2)):EVENT_E_TEST_APN_ERR:DAY', 'YEAR_ID', 7, 'smallint', 0, 0, 65536, 0, 'LF', '', 'YEAR_ID', 'BASE_TP_EVENTS_100415_3', 0, 0, 'PUBLICKEY' );
insert into Measurementcolumn ( MTABLEID, DATANAME, COLNUMBER, DATATYPE, DATASIZE, DATASCALE, UNIQUEVALUE, NULLABLE, INDEXES, DESCRIPTION, DATAID, RELEASEID, UNIQUEKEY, INCLUDESQL, COLTYPE ) values ( 'EVENT_E_TEST:((2)):EVENT_E_TEST_APN_ERR:DAY', 'MONTH_ID', 8, 'tinyint', 0, 0, 256, 0, 'LF', '', 'MONTH_ID', 'BASE_TP_EVENTS_100415_3', 0, 0, 'PUBLICKEY' );
insert into Measurementcolumn ( MTABLEID, DATANAME, COLNUMBER, DATATYPE, DATASIZE, DATASCALE, UNIQUEVALUE, NULLABLE, INDEXES, DESCRIPTION, DATAID, RELEASEID, UNIQUEKEY, INCLUDESQL, COLTYPE ) values ( 'EVENT_E_TEST:((2)):EVENT_E_TEST_APN_ERR:DAY', 'DAY_ID', 9, 'tinyint', 0, 0, 256, 0, 'LF', '', 'DAY_ID', 'BASE_TP_EVENTS_100415_3', 0, 0, 'PUBLICKEY' );
insert into Measurementcolumn ( MTABLEID, DATANAME, COLNUMBER, DATATYPE, DATASIZE, DATASCALE, UNIQUEVALUE, NULLABLE, INDEXES, DESCRIPTION, DATAID, RELEASEID, UNIQUEKEY, INCLUDESQL, COLTYPE ) values ( 'EVENT_E_TEST:((2)):EVENT_E_TEST_APN_ERR:DAY', 'HOUR_ID', 10, 'tinyint', 0, 0, 256, 1, 'LF', '', 'HOUR_ID', 'BASE_TP_EVENTS_100415_3', 0, 0, 'PUBLICKEY' );
insert into Measurementcolumn ( MTABLEID, DATANAME, COLNUMBER, DATATYPE, DATASIZE, DATASCALE, UNIQUEVALUE, NULLABLE, INDEXES, DESCRIPTION, DATAID, RELEASEID, UNIQUEKEY, INCLUDESQL, COLTYPE ) values ( 'EVENT_E_TEST:((2)):EVENT_E_TEST_APN_ERR:DAY', 'MIN_ID', 11, 'tinyint', 0, 0, 256, 1, 'LF', '', 'MIN_ID', 'BASE_TP_EVENTS_100415_3', 0, 0, 'PUBLICKEY' );
insert into Measurementcolumn ( MTABLEID, DATANAME, COLNUMBER, DATATYPE, DATASIZE, DATASCALE, UNIQUEVALUE, NULLABLE, INDEXES, DESCRIPTION, DATAID, RELEASEID, UNIQUEKEY, INCLUDESQL, COLTYPE ) values ( 'EVENT_E_TEST:((2)):EVENT_E_TEST_APN_ERR:DAY', 'DATETIME_ID', 12, 'datetime', 0, 0, 100000000, 1, 'HG', '', 'DATETIME_ID', 'BASE_TP_EVENTS_100415_3', 0, 1, 'PUBLICKEY' );
insert into Measurementcolumn ( MTABLEID, DATANAME, COLNUMBER, DATATYPE, DATASIZE, DATASCALE, UNIQUEVALUE, NULLABLE, INDEXES, DESCRIPTION, DATAID, RELEASEID, UNIQUEKEY, INCLUDESQL, COLTYPE ) values ( 'EVENT_E_TEST:((2)):EVENT_E_TEST_APN_ERR:DAY', 'VALID', 13, 'bit', 0, 0, 1, 1, '', '', 'VALID', 'BASE_TP_EVENTS_100415_3', 0, 0, 'PUBLICKEY' );
insert into Measurementcolumn ( MTABLEID, DATANAME, COLNUMBER, DATATYPE, DATASIZE, DATASCALE, UNIQUEVALUE, NULLABLE, INDEXES, DESCRIPTION, DATAID, RELEASEID, UNIQUEKEY, INCLUDESQL, COLTYPE ) values ( 'EVENT_E_TEST:((2)):EVENT_E_TEST_APN_ERR:DAY', 'NEW_KEY', 14, 'unsigned bigint', 0, 0, 255, 1, '', '', 'NEW_KEY', 'EVENT_E_SGEH:((41))', 0, 1, 'KEY' );





insert into Measurementtype ( TYPEID, TYPECLASSID, TYPENAME, VENDORID, FOLDERNAME, DESCRIPTION, STATUS, VERSIONID, OBJECTID, OBJECTNAME, OBJECTVERSION, OBJECTTYPE, JOINABLE, SIZING, TOTALAGG, ELEMENTBHSUPPORT, RANKINGTABLE, DELTACALCSUPPORT, PLAINTABLE, UNIVERSEEXTENSION, VECTORSUPPORT, DATAFORMATSUPPORT, ONEMINAGG, FIFTEENMINAGG, EVENTSCALCTABLE, MIXEDPARTITIONSTABLE, LOADFILE_DUP_CHECK ) values ( 'EVENT_E_TEST:((2)):EVENT_E_TEST_ERR', 'EVENT_E_TEST:((2)):EVENT_E_TEST_DEFAULT', 'EVENT_E_TEST_ERR', 'EVENT_E_SGEH', 'EVENT_E_TEST_ERR', '', null, 'EVENT_E_TEST:((2))', 'EVENT_E_TEST:((2)):EVENT_E_TEST_ERR', 'EVENT_E_TEST_ERR', null, null, '', 'sgehsmall_raw', 0, 0, 0, 0, 0, 'ALL', 0, 1, 0, 0, 0, 0, 1 );
insert into Measurementkey ( TYPEID, DATANAME, DESCRIPTION, ISELEMENT, UNIQUEKEY, COLNUMBER, DATATYPE, DATASIZE, DATASCALE, UNIQUEVALUE, NULLABLE, INDEXES, INCLUDESQL, UNIVOBJECT, JOINABLE, DATAID ) values ( 'EVENT_E_TEST:((2)):EVENT_E_TEST_ERR', 'ACTIVATION_TYPE', '', 0, 0, 15, 'tinyint', 0, 0, 255, 1, 'LF', 1, 'ACTIVATION_TYPE', 0, 'ACTIVATION_TYPE' );
insert into Measurementkey ( TYPEID, DATANAME, DESCRIPTION, ISELEMENT, UNIQUEKEY, COLNUMBER, DATATYPE, DATASIZE, DATASCALE, UNIQUEVALUE, NULLABLE, INDEXES, INCLUDESQL, UNIVOBJECT, JOINABLE, DATAID ) values ( 'EVENT_E_TEST:((2)):EVENT_E_TEST_ERR', 'APN', '', 0, 0, 30, 'varchar', 127, 0, 255, 1, 'LF', 1, 'APN', 0, 'APN' );
insert into Measurementkey ( TYPEID, DATANAME, DESCRIPTION, ISELEMENT, UNIQUEKEY, COLNUMBER, DATATYPE, DATASIZE, DATASCALE, UNIQUEVALUE, NULLABLE, INDEXES, INCLUDESQL, UNIVOBJECT, JOINABLE, DATAID ) values ( 'EVENT_E_TEST:((2)):EVENT_E_TEST_ERR', 'ATTACH_TYPE', '', 0, 0, 16, 'tinyint', 0, 0, 255, 1, 'LF', 1, 'ATTACH_TYPE', 0, 'ATTACH_TYPE' );
insert into Measurementkey ( TYPEID, DATANAME, DESCRIPTION, ISELEMENT, UNIQUEKEY, COLNUMBER, DATATYPE, DATASIZE, DATASCALE, UNIQUEVALUE, NULLABLE, INDEXES, INCLUDESQL, UNIVOBJECT, JOINABLE, DATAID ) values ( 'EVENT_E_TEST:((2)):EVENT_E_TEST_ERR', 'CAUSE_CODE', '', 0, 0, 13, 'smallint', 0, 0, 255, 1, 'LF', 1, 'CAUSE_CODE', 0, 'CAUSE_CODE' );
insert into Measurementkey ( TYPEID, DATANAME, DESCRIPTION, ISELEMENT, UNIQUEKEY, COLNUMBER, DATATYPE, DATASIZE, DATASCALE, UNIQUEVALUE, NULLABLE, INDEXES, INCLUDESQL, UNIVOBJECT, JOINABLE, DATAID ) values ( 'EVENT_E_TEST:((2)):EVENT_E_TEST_ERR', 'CAUSE_PROT_TYPE', '', 0, 0, 39, 'tinyint', 0, 0, 255, 1, 'LF', 1, 'CAUSE_PROT_TYPE', 0, 'CAUSE_PROT_TYPE' );
insert into Measurementkey ( TYPEID, DATANAME, DESCRIPTION, ISELEMENT, UNIQUEKEY, COLNUMBER, DATATYPE, DATASIZE, DATASCALE, UNIQUEVALUE, NULLABLE, INDEXES, INCLUDESQL, UNIVOBJECT, JOINABLE, DATAID ) values ( 'EVENT_E_TEST:((2)):EVENT_E_TEST_ERR', 'CELL_ID', '', 0, 0, 4, 'unsigned int', 0, 0, 255, 1, 'HG', 1, 'CELL_ID', 0, 'CELL_ID' );
insert into Measurementkey ( TYPEID, DATANAME, DESCRIPTION, ISELEMENT, UNIQUEKEY, COLNUMBER, DATATYPE, DATASIZE, DATASCALE, UNIQUEVALUE, NULLABLE, INDEXES, INCLUDESQL, UNIVOBJECT, JOINABLE, DATAID ) values ( 'EVENT_E_TEST:((2)):EVENT_E_TEST_ERR', 'DEACTIVATION_TRIGGER', '', 0, 0, 17, 'tinyint', 0, 0, 255, 1, 'LF', 1, 'DEACTIVATION_TRIGGER', 0, 'DEACTIVATION_TRIGGER' );
insert into Measurementkey ( TYPEID, DATANAME, DESCRIPTION, ISELEMENT, UNIQUEKEY, COLNUMBER, DATATYPE, DATASIZE, DATASCALE, UNIQUEVALUE, NULLABLE, INDEXES, INCLUDESQL, UNIVOBJECT, JOINABLE, DATAID ) values ( 'EVENT_E_TEST:((2)):EVENT_E_TEST_ERR', 'DETACH_TRIGGER', '', 0, 0, 54, 'tinyint', 0, 0, 255, 1, '', 1, 'DETACH_TRIGGER', 0, '' );
insert into Measurementkey ( TYPEID, DATANAME, DESCRIPTION, ISELEMENT, UNIQUEKEY, COLNUMBER, DATATYPE, DATASIZE, DATASCALE, UNIQUEVALUE, NULLABLE, INDEXES, INCLUDESQL, UNIVOBJECT, JOINABLE, DATAID ) values ( 'EVENT_E_TEST:((2)):EVENT_E_TEST_ERR', 'DETACH_TYPE', '', 0, 0, 53, 'tinyint', 0, 0, 255, 1, '', 1, 'DETACH_TYPE', 0, 'DETACH_TYPE' );
insert into Measurementkey ( TYPEID, DATANAME, DESCRIPTION, ISELEMENT, UNIQUEKEY, COLNUMBER, DATATYPE, DATASIZE, DATASCALE, UNIQUEVALUE, NULLABLE, INDEXES, INCLUDESQL, UNIVOBJECT, JOINABLE, DATAID ) values ( 'EVENT_E_TEST:((2)):EVENT_E_TEST_ERR', 'DROPPED_PDP', '', 0, 0, 18, 'tinyint', 0, 0, 255, 1, '', 1, 'DROPPED_PDP', 0, 'DROPPED_PDP' );
insert into Measurementkey ( TYPEID, DATANAME, DESCRIPTION, ISELEMENT, UNIQUEKEY, COLNUMBER, DATATYPE, DATASIZE, DATASCALE, UNIQUEVALUE, NULLABLE, INDEXES, INCLUDESQL, UNIVOBJECT, JOINABLE, DATAID ) values ( 'EVENT_E_TEST:((2)):EVENT_E_TEST_ERR', 'DURATION', '', 0, 0, 55, 'unsigned int', 0, 0, 255, 1, '', 1, 'DURATION', 0, 'DURATION' );
insert into Measurementkey ( TYPEID, DATANAME, DESCRIPTION, ISELEMENT, UNIQUEKEY, COLNUMBER, DATATYPE, DATASIZE, DATASCALE, UNIQUEVALUE, NULLABLE, INDEXES, INCLUDESQL, UNIVOBJECT, JOINABLE, DATAID ) values ( 'EVENT_E_TEST:((2)):EVENT_E_TEST_ERR', 'EVENT_ID', '', 0, 0, 19, 'tinyint', 0, 0, 255, 1, 'LF', 1, 'EVENT_ID', 0, 'EVENT_ID' );
insert into Measurementkey ( TYPEID, DATANAME, DESCRIPTION, ISELEMENT, UNIQUEKEY, COLNUMBER, DATATYPE, DATASIZE, DATASCALE, UNIQUEVALUE, NULLABLE, INDEXES, INCLUDESQL, UNIVOBJECT, JOINABLE, DATAID ) values ( 'EVENT_E_TEST:((2)):EVENT_E_TEST_ERR', 'EVENT_RESULT', '', 0, 0, 20, 'tinyint', 0, 0, 255, 1, 'LF', 1, 'EVENT_RESULT', 0, 'EVENT_RESULT' );
insert into Measurementkey ( TYPEID, DATANAME, DESCRIPTION, ISELEMENT, UNIQUEKEY, COLNUMBER, DATATYPE, DATASIZE, DATASCALE, UNIQUEVALUE, NULLABLE, INDEXES, INCLUDESQL, UNIVOBJECT, JOINABLE, DATAID ) values ( 'EVENT_E_TEST:((2)):EVENT_E_TEST_ERR', 'GGSN_IPADDRESS', '', 0, 0, 34, 'binary', 16, 0, 255, 1, '', 1, 'GGSN_IPADDRESS', 0, 'GGSN_IPADDRESS' );
insert into Measurementkey ( TYPEID, DATANAME, DESCRIPTION, ISELEMENT, UNIQUEKEY, COLNUMBER, DATATYPE, DATASIZE, DATASCALE, UNIQUEVALUE, NULLABLE, INDEXES, INCLUDESQL, UNIVOBJECT, JOINABLE, DATAID ) values ( 'EVENT_E_TEST:((2)):EVENT_E_TEST_ERR', 'GGSN_NAME', '', 0, 0, 35, 'varchar', 128, 0, 255, 1, 'HG', 1, 'GGSN_NAME', 0, 'GGSN_NAME' );
insert into Measurementkey ( TYPEID, DATANAME, DESCRIPTION, ISELEMENT, UNIQUEKEY, COLNUMBER, DATATYPE, DATASIZE, DATASCALE, UNIQUEVALUE, NULLABLE, INDEXES, INCLUDESQL, UNIVOBJECT, JOINABLE, DATAID ) values ( 'EVENT_E_TEST:((2)):EVENT_E_TEST_ERR', 'HIERARCHY_1', '', 0, 0, 3, 'varchar', 128, 0, 255, 1, 'HG', 1, 'HIERARCHY_1', 0, 'HIERARCHY_1' );
insert into Measurementkey ( TYPEID, DATANAME, DESCRIPTION, ISELEMENT, UNIQUEKEY, COLNUMBER, DATATYPE, DATASIZE, DATASCALE, UNIQUEVALUE, NULLABLE, INDEXES, INCLUDESQL, UNIVOBJECT, JOINABLE, DATAID ) values ( 'EVENT_E_TEST:((2)):EVENT_E_TEST_ERR', 'HIERARCHY_2', '', 0, 0, 2, 'varchar', 128, 0, 255, 1, 'HG', 1, 'HIERARCHY_2', 0, 'HIERARCHY_2' );
insert into Measurementkey ( TYPEID, DATANAME, DESCRIPTION, ISELEMENT, UNIQUEKEY, COLNUMBER, DATATYPE, DATASIZE, DATASCALE, UNIQUEVALUE, NULLABLE, INDEXES, INCLUDESQL, UNIVOBJECT, JOINABLE, DATAID ) values ( 'EVENT_E_TEST:((2)):EVENT_E_TEST_ERR', 'HIERARCHY_3', '', 0, 0, 1, 'varchar', 128, 0, 255, 1, 'LF', 1, 'HIERARCHY_3', 0, 'HIERARCHY_3' );
insert into Measurementkey ( TYPEID, DATANAME, DESCRIPTION, ISELEMENT, UNIQUEKEY, COLNUMBER, DATATYPE, DATASIZE, DATASCALE, UNIQUEVALUE, NULLABLE, INDEXES, INCLUDESQL, UNIVOBJECT, JOINABLE, DATAID ) values ( 'EVENT_E_TEST:((2)):EVENT_E_TEST_ERR', 'HLR', '', 0, 0, 25, 'unsigned bigint', 0, 0, 255, 1, '', 1, 'HLR', 0, 'HLR' );
insert into Measurementkey ( TYPEID, DATANAME, DESCRIPTION, ISELEMENT, UNIQUEKEY, COLNUMBER, DATATYPE, DATASIZE, DATASCALE, UNIQUEVALUE, NULLABLE, INDEXES, INCLUDESQL, UNIVOBJECT, JOINABLE, DATAID ) values ( 'EVENT_E_TEST:((2)):EVENT_E_TEST_ERR', 'HOMEZONE_IDENTITY', '', 0, 0, 31, 'varchar', 31, 0, 255, 1, '', 1, 'HOMEZONE_IDENTITY', 0, 'HOMEZONE_IDENTITY' );
insert into Measurementkey ( TYPEID, DATANAME, DESCRIPTION, ISELEMENT, UNIQUEKEY, COLNUMBER, DATATYPE, DATASIZE, DATASCALE, UNIQUEVALUE, NULLABLE, INDEXES, INCLUDESQL, UNIVOBJECT, JOINABLE, DATAID ) values ( 'EVENT_E_TEST:((2)):EVENT_E_TEST_ERR', 'IMEISV', '', 0, 0, 26, 'unsigned bigint', 0, 0, 255, 1, '', 1, 'IMEISV', 0, 'IMEISV' );
insert into Measurementkey ( TYPEID, DATANAME, DESCRIPTION, ISELEMENT, UNIQUEKEY, COLNUMBER, DATATYPE, DATASIZE, DATASCALE, UNIQUEVALUE, NULLABLE, INDEXES, INCLUDESQL, UNIVOBJECT, JOINABLE, DATAID ) values ( 'EVENT_E_TEST:((2)):EVENT_E_TEST_ERR', 'IMSI_MCC', '', 0, 0, 28, 'varchar', 3, 0, 255, 1, 'LF', 1, 'IMSI_MCC', 0, 'IMSI_MCC' );
insert into Measurementkey ( TYPEID, DATANAME, DESCRIPTION, ISELEMENT, UNIQUEKEY, COLNUMBER, DATATYPE, DATASIZE, DATASCALE, UNIQUEVALUE, NULLABLE, INDEXES, INCLUDESQL, UNIVOBJECT, JOINABLE, DATAID ) values ( 'EVENT_E_TEST:((2)):EVENT_E_TEST_ERR', 'IMSI_MNC', '', 0, 0, 29, 'varchar', 3, 0, 255, 1, 'LF', 1, 'IMSI_MNC', 0, 'IMSI_MNC' );
insert into Measurementkey ( TYPEID, DATANAME, DESCRIPTION, ISELEMENT, UNIQUEKEY, COLNUMBER, DATATYPE, DATASIZE, DATASCALE, UNIQUEVALUE, NULLABLE, INDEXES, INCLUDESQL, UNIVOBJECT, JOINABLE, DATAID ) values ( 'EVENT_E_TEST:((2)):EVENT_E_TEST_ERR', 'INTRA_RAU_TYPE', '', 0, 0, 21, 'tinyint', 0, 0, 255, 1, 'LF', 1, 'INTRA_RAU_TYPE', 0, 'INTRA_RAU_TYPE' );
insert into Measurementkey ( TYPEID, DATANAME, DESCRIPTION, ISELEMENT, UNIQUEKEY, COLNUMBER, DATATYPE, DATASIZE, DATASCALE, UNIQUEVALUE, NULLABLE, INDEXES, INCLUDESQL, UNIVOBJECT, JOINABLE, DATAID ) values ( 'EVENT_E_TEST:((2)):EVENT_E_TEST_ERR', 'LAC', '', 0, 0, 7, 'unsigned int', 0, 0, 255, 1, 'LF', 1, 'LAC', 0, 'LAC' );
insert into Measurementkey ( TYPEID, DATANAME, DESCRIPTION, ISELEMENT, UNIQUEKEY, COLNUMBER, DATATYPE, DATASIZE, DATASCALE, UNIQUEVALUE, NULLABLE, INDEXES, INCLUDESQL, UNIVOBJECT, JOINABLE, DATAID ) values ( 'EVENT_E_TEST:((2)):EVENT_E_TEST_ERR', 'LINKED_NSAPI', '', 0, 0, 40, 'unsigned int', 0, 0, 255, 1, '', 1, 'LINKED_NSAPI', 0, '' );
insert into Measurementkey ( TYPEID, DATANAME, DESCRIPTION, ISELEMENT, UNIQUEKEY, COLNUMBER, DATATYPE, DATASIZE, DATASCALE, UNIQUEVALUE, NULLABLE, INDEXES, INCLUDESQL, UNIVOBJECT, JOINABLE, DATAID ) values ( 'EVENT_E_TEST:((2)):EVENT_E_TEST_ERR', 'MCC', '', 0, 0, 5, 'varchar', 3, 0, 255, 1, 'LF', 1, 'MCC', 0, 'MCC' );
insert into Measurementkey ( TYPEID, DATANAME, DESCRIPTION, ISELEMENT, UNIQUEKEY, COLNUMBER, DATATYPE, DATASIZE, DATASCALE, UNIQUEVALUE, NULLABLE, INDEXES, INCLUDESQL, UNIVOBJECT, JOINABLE, DATAID ) values ( 'EVENT_E_TEST:((2)):EVENT_E_TEST_ERR', 'MNC', '', 0, 0, 6, 'varchar', 3, 0, 255, 1, 'LF', 1, 'MNC', 0, 'MNC' );
insert into Measurementkey ( TYPEID, DATANAME, DESCRIPTION, ISELEMENT, UNIQUEKEY, COLNUMBER, DATATYPE, DATASIZE, DATASCALE, UNIQUEVALUE, NULLABLE, INDEXES, INCLUDESQL, UNIVOBJECT, JOINABLE, DATAID ) values ( 'EVENT_E_TEST:((2)):EVENT_E_TEST_ERR', 'OLD_LAC', '', 0, 0, 11, 'unsigned int', 0, 0, 255, 1, '', 1, 'OLD_LAC', 0, 'OLD_LAC' );
insert into Measurementkey ( TYPEID, DATANAME, DESCRIPTION, ISELEMENT, UNIQUEKEY, COLNUMBER, DATATYPE, DATASIZE, DATASCALE, UNIQUEVALUE, NULLABLE, INDEXES, INCLUDESQL, UNIVOBJECT, JOINABLE, DATAID ) values ( 'EVENT_E_TEST:((2)):EVENT_E_TEST_ERR', 'OLD_MCC', '', 0, 0, 9, 'varchar', 3, 0, 255, 1, '', 1, 'OLD_MCC', 0, 'OLD_MCC' );
insert into Measurementkey ( TYPEID, DATANAME, DESCRIPTION, ISELEMENT, UNIQUEKEY, COLNUMBER, DATATYPE, DATASIZE, DATASCALE, UNIQUEVALUE, NULLABLE, INDEXES, INCLUDESQL, UNIVOBJECT, JOINABLE, DATAID ) values ( 'EVENT_E_TEST:((2)):EVENT_E_TEST_ERR', 'OLD_MNC', '', 0, 0, 10, 'varchar', 3, 0, 255, 1, '', 1, 'OLD_MNC', 0, 'OLD_MNC' );
insert into Measurementkey ( TYPEID, DATANAME, DESCRIPTION, ISELEMENT, UNIQUEKEY, COLNUMBER, DATATYPE, DATASIZE, DATASCALE, UNIQUEVALUE, NULLABLE, INDEXES, INCLUDESQL, UNIVOBJECT, JOINABLE, DATAID ) values ( 'EVENT_E_TEST:((2)):EVENT_E_TEST_ERR', 'OLD_RAC', '', 0, 0, 12, 'tinyint', 0, 0, 255, 1, '', 1, 'OLD_RAC', 0, 'OLD_RAC' );
insert into Measurementkey ( TYPEID, DATANAME, DESCRIPTION, ISELEMENT, UNIQUEKEY, COLNUMBER, DATATYPE, DATASIZE, DATASCALE, UNIQUEVALUE, NULLABLE, INDEXES, INCLUDESQL, UNIVOBJECT, JOINABLE, DATAID ) values ( 'EVENT_E_TEST:((2)):EVENT_E_TEST_ERR', 'OLD_SGSN_IPADDRESS', '', 0, 0, 37, 'binary', 16, 0, 255, 1, '', 1, 'OLD_SGSN_IPADDRESS', 0, 'OLD_SGSN_IPADDRESS' );
insert into Measurementkey ( TYPEID, DATANAME, DESCRIPTION, ISELEMENT, UNIQUEKEY, COLNUMBER, DATATYPE, DATASIZE, DATASCALE, UNIQUEVALUE, NULLABLE, INDEXES, INCLUDESQL, UNIVOBJECT, JOINABLE, DATAID ) values ( 'EVENT_E_TEST:((2)):EVENT_E_TEST_ERR', 'PAGING_ATTEMPTS', '', 0, 0, 49, 'tinyint', 0, 0, 255, 1, '', 1, 'PAGING_ATTEMPTS', 0, 'PAGING_ATTEMPTS' );
insert into Measurementkey ( TYPEID, DATANAME, DESCRIPTION, ISELEMENT, UNIQUEKEY, COLNUMBER, DATATYPE, DATASIZE, DATASCALE, UNIQUEVALUE, NULLABLE, INDEXES, INCLUDESQL, UNIVOBJECT, JOINABLE, DATAID ) values ( 'EVENT_E_TEST:((2)):EVENT_E_TEST_ERR', 'PDP_GGSN_IPADDRESS_1', '', 0, 0, 42, 'binary', 16, 0, 255, 1, '', 1, 'PDP_GGSN_IPADDRESS_1', 0, '' );
insert into Measurementkey ( TYPEID, DATANAME, DESCRIPTION, ISELEMENT, UNIQUEKEY, COLNUMBER, DATATYPE, DATASIZE, DATASCALE, UNIQUEVALUE, NULLABLE, INDEXES, INCLUDESQL, UNIVOBJECT, JOINABLE, DATAID ) values ( 'EVENT_E_TEST:((2)):EVENT_E_TEST_ERR', 'PDP_GGSN_IPADDRESS_2', '', 0, 0, 46, 'binary', 16, 0, 255, 1, '', 1, 'PDP_GGSN_IPADDRESS_2', 0, 'PDP_GGSN_IPADDRESS_2' );
insert into Measurementkey ( TYPEID, DATANAME, DESCRIPTION, ISELEMENT, UNIQUEKEY, COLNUMBER, DATATYPE, DATASIZE, DATASCALE, UNIQUEVALUE, NULLABLE, INDEXES, INCLUDESQL, UNIVOBJECT, JOINABLE, DATAID ) values ( 'EVENT_E_TEST:((2)):EVENT_E_TEST_ERR', 'PDP_GGSN_NAME_1', '', 0, 0, 43, 'varchar', 128, 0, 255, 1, '', 1, 'PDP_GGSN_NAME_1', 0, 'PDP_GGSN_NAME_1' );
insert into Measurementkey ( TYPEID, DATANAME, DESCRIPTION, ISELEMENT, UNIQUEKEY, COLNUMBER, DATATYPE, DATASIZE, DATASCALE, UNIQUEVALUE, NULLABLE, INDEXES, INCLUDESQL, UNIVOBJECT, JOINABLE, DATAID ) values ( 'EVENT_E_TEST:((2)):EVENT_E_TEST_ERR', 'PDP_GGSN_NAME_2', '', 0, 0, 47, 'varchar', 128, 0, 255, 1, '', 1, 'PDP_GGSN_NAME_2', 0, 'PDP_GGSN_NAME_1' );
insert into Measurementkey ( TYPEID, DATANAME, DESCRIPTION, ISELEMENT, UNIQUEKEY, COLNUMBER, DATATYPE, DATASIZE, DATASCALE, UNIQUEVALUE, NULLABLE, INDEXES, INCLUDESQL, UNIVOBJECT, JOINABLE, DATAID ) values ( 'EVENT_E_TEST:((2)):EVENT_E_TEST_ERR', 'PDP_MS_IPADDRESS_1', '', 0, 0, 44, 'binary', 16, 0, 255, 1, '', 1, 'PDP_MS_IPADDRESS_1', 0, 'PDP_MS_IPADDRESS_1' );
insert into Measurementkey ( TYPEID, DATANAME, DESCRIPTION, ISELEMENT, UNIQUEKEY, COLNUMBER, DATATYPE, DATASIZE, DATASCALE, UNIQUEVALUE, NULLABLE, INDEXES, INCLUDESQL, UNIVOBJECT, JOINABLE, DATAID ) values ( 'EVENT_E_TEST:((2)):EVENT_E_TEST_ERR', 'PDP_MS_IPADDRESS_2', '', 0, 0, 48, 'binary', 16, 0, 255, 1, '', 1, 'PDP_MS_IPADDRESS_2', 0, 'PDP_MS_IPADDRESS_2' );
insert into Measurementkey ( TYPEID, DATANAME, DESCRIPTION, ISELEMENT, UNIQUEKEY, COLNUMBER, DATATYPE, DATASIZE, DATASCALE, UNIQUEVALUE, NULLABLE, INDEXES, INCLUDESQL, UNIVOBJECT, JOINABLE, DATAID ) values ( 'EVENT_E_TEST:((2)):EVENT_E_TEST_ERR', 'PDP_NSAPI_1', '', 0, 0, 41, 'unsigned int', 0, 0, 255, 1, '', 1, 'PDP_NSAPI_1', 0, 'PDP_NSAPI_1' );
insert into Measurementkey ( TYPEID, DATANAME, DESCRIPTION, ISELEMENT, UNIQUEKEY, COLNUMBER, DATATYPE, DATASIZE, DATASCALE, UNIQUEVALUE, NULLABLE, INDEXES, INCLUDESQL, UNIVOBJECT, JOINABLE, DATAID ) values ( 'EVENT_E_TEST:((2)):EVENT_E_TEST_ERR', 'PDP_NSAPI_2', '', 0, 0, 45, 'unsigned int', 0, 0, 255, 1, '', 1, 'PDP_NSAPI_2', 0, 'PDP_NSAPI_2' );
insert into Measurementkey ( TYPEID, DATANAME, DESCRIPTION, ISELEMENT, UNIQUEKEY, COLNUMBER, DATATYPE, DATASIZE, DATASCALE, UNIQUEVALUE, NULLABLE, INDEXES, INCLUDESQL, UNIVOBJECT, JOINABLE, DATAID ) values ( 'EVENT_E_TEST:((2)):EVENT_E_TEST_ERR', 'PTMSI', '', 0, 0, 33, 'unsigned int', 0, 0, 255, 1, 'HG', 1, 'PTMSI', 0, 'PTMSI' );
insert into Measurementkey ( TYPEID, DATANAME, DESCRIPTION, ISELEMENT, UNIQUEKEY, COLNUMBER, DATATYPE, DATASIZE, DATASCALE, UNIQUEVALUE, NULLABLE, INDEXES, INCLUDESQL, UNIVOBJECT, JOINABLE, DATAID ) values ( 'EVENT_E_TEST:((2)):EVENT_E_TEST_ERR', 'RAC', '', 0, 0, 8, 'tinyint', 0, 0, 255, 1, '', 1, 'RAC', 0, 'RAC' );
insert into Measurementkey ( TYPEID, DATANAME, DESCRIPTION, ISELEMENT, UNIQUEKEY, COLNUMBER, DATATYPE, DATASIZE, DATASCALE, UNIQUEVALUE, NULLABLE, INDEXES, INCLUDESQL, UNIVOBJECT, JOINABLE, DATAID ) values ( 'EVENT_E_TEST:((2)):EVENT_E_TEST_ERR', 'RAT', '', 0, 0, 22, 'tinyint', 0, 0, 255, 1, 'LF', 1, 'RAT', 0, 'RAT' );
insert into Measurementkey ( TYPEID, DATANAME, DESCRIPTION, ISELEMENT, UNIQUEKEY, COLNUMBER, DATATYPE, DATASIZE, DATASCALE, UNIQUEVALUE, NULLABLE, INDEXES, INCLUDESQL, UNIVOBJECT, JOINABLE, DATAID ) values ( 'EVENT_E_TEST:((2)):EVENT_E_TEST_ERR', 'REQUEST_RETRIES', '', 0, 0, 51, 'tinyint', 0, 0, 255, 1, '', 1, 'REQUEST_RETRIES', 0, 'REQUEST_RETRIES' );
insert into Measurementkey ( TYPEID, DATANAME, DESCRIPTION, ISELEMENT, UNIQUEKEY, COLNUMBER, DATATYPE, DATASIZE, DATASCALE, UNIQUEVALUE, NULLABLE, INDEXES, INCLUDESQL, UNIVOBJECT, JOINABLE, DATAID ) values ( 'EVENT_E_TEST:((2)):EVENT_E_TEST_ERR', 'ROAMING', '', 0, 0, 38, 'bit', 0, 0, 255, 1, '', 1, 'ROAMING', 0, 'ROAMING' );
insert into Measurementkey ( TYPEID, DATANAME, DESCRIPTION, ISELEMENT, UNIQUEKEY, COLNUMBER, DATATYPE, DATASIZE, DATASCALE, UNIQUEVALUE, NULLABLE, INDEXES, INCLUDESQL, UNIVOBJECT, JOINABLE, DATAID ) values ( 'EVENT_E_TEST:((2)):EVENT_E_TEST_ERR', 'SAC', '', 0, 0, 32, 'unsigned int', 0, 0, 255, 1, '', 1, 'SAC', 0, 'SAC' );
insert into Measurementkey ( TYPEID, DATANAME, DESCRIPTION, ISELEMENT, UNIQUEKEY, COLNUMBER, DATATYPE, DATASIZE, DATASCALE, UNIQUEVALUE, NULLABLE, INDEXES, INCLUDESQL, UNIVOBJECT, JOINABLE, DATAID ) values ( 'EVENT_E_TEST:((2)):EVENT_E_TEST_ERR', 'SERVICE_REQ_TRIGGER', '', 0, 0, 50, 'tinyint', 0, 0, 255, 1, '', 1, 'SERVICE_REQ_TRIGGER', 0, 'SERVICE_REQ_TRIGGER' );
insert into Measurementkey ( TYPEID, DATANAME, DESCRIPTION, ISELEMENT, UNIQUEKEY, COLNUMBER, DATATYPE, DATASIZE, DATASCALE, UNIQUEVALUE, NULLABLE, INDEXES, INCLUDESQL, UNIVOBJECT, JOINABLE, DATAID ) values ( 'EVENT_E_TEST:((2)):EVENT_E_TEST_ERR', 'SERVICE_TYPE', '', 0, 0, 52, 'tinyint', 0, 0, 255, 1, '', 1, 'SERVICE_TYPE', 0, '' );
insert into Measurementkey ( TYPEID, DATANAME, DESCRIPTION, ISELEMENT, UNIQUEKEY, COLNUMBER, DATATYPE, DATASIZE, DATASCALE, UNIQUEVALUE, NULLABLE, INDEXES, INCLUDESQL, UNIVOBJECT, JOINABLE, DATAID ) values ( 'EVENT_E_TEST:((2)):EVENT_E_TEST_ERR', 'SGSN_IPADDRESS', '', 0, 0, 36, 'binary', 16, 0, 255, 1, '', 1, 'SGSN_IPADDRESS', 0, 'SGSN_IPADDRESS' );
insert into Measurementkey ( TYPEID, DATANAME, DESCRIPTION, ISELEMENT, UNIQUEKEY, COLNUMBER, DATATYPE, DATASIZE, DATASCALE, UNIQUEVALUE, NULLABLE, INDEXES, INCLUDESQL, UNIVOBJECT, JOINABLE, DATAID ) values ( 'EVENT_E_TEST:((2)):EVENT_E_TEST_ERR', 'SUBCAUSE_CODE', '', 0, 0, 14, 'smallint', 0, 0, 255, 1, 'LF', 1, 'SUBCAUSE_CODE', 0, 'SUBCAUSE_CODE' );
insert into Measurementkey ( TYPEID, DATANAME, DESCRIPTION, ISELEMENT, UNIQUEKEY, COLNUMBER, DATATYPE, DATASIZE, DATASCALE, UNIQUEVALUE, NULLABLE, INDEXES, INCLUDESQL, UNIVOBJECT, JOINABLE, DATAID ) values ( 'EVENT_E_TEST:((2)):EVENT_E_TEST_ERR', 'TAC', '', 0, 0, 27, 'unsigned int', 0, 0, 255, 1, 'HG', 1, 'TAC', 0, 'TAC' );
insert into Measurementkey ( TYPEID, DATANAME, DESCRIPTION, ISELEMENT, UNIQUEKEY, COLNUMBER, DATATYPE, DATASIZE, DATASCALE, UNIQUEVALUE, NULLABLE, INDEXES, INCLUDESQL, UNIVOBJECT, JOINABLE, DATAID ) values ( 'EVENT_E_TEST:((2)):EVENT_E_TEST_ERR', 'TRANSFERRED_PDP', '', 0, 0, 23, 'tinyint', 0, 0, 255, 1, '', 1, 'TRANSFERRED_PDP', 0, 'TRANSFERRED_PDP' );
insert into Measurementkey ( TYPEID, DATANAME, DESCRIPTION, ISELEMENT, UNIQUEKEY, COLNUMBER, DATATYPE, DATASIZE, DATASCALE, UNIQUEVALUE, NULLABLE, INDEXES, INCLUDESQL, UNIVOBJECT, JOINABLE, DATAID ) values ( 'EVENT_E_TEST:((2)):EVENT_E_TEST_ERR', 'UPDATE_TYPE', '', 0, 0, 24, 'tinyint', 0, 0, 255, 1, 'LF', 1, 'UPDATE_TYPE', 0, 'UPDATE_TYPE' );
insert into Measurementtable ( MTABLEID, TABLELEVEL, TYPEID, BASETABLENAME, DEFAULT_TEMPLATE, PARTITIONPLAN ) values ( 'EVENT_E_TEST:((2)):EVENT_E_TEST_ERR:RAW', 'RAW', 'EVENT_E_TEST:((2)):EVENT_E_TEST_ERR', 'EVENT_E_TEST_ERR_RAW', null, 'sgehsmall_raw' );
insert into Measurementcolumn ( MTABLEID, DATANAME, COLNUMBER, DATATYPE, DATASIZE, DATASCALE, UNIQUEVALUE, NULLABLE, INDEXES, DESCRIPTION, DATAID, RELEASEID, UNIQUEKEY, INCLUDESQL, COLTYPE ) values ( 'EVENT_E_TEST:((2)):EVENT_E_TEST_ERR:RAW', 'HIERARCHY_3', 1, 'varchar', 128, 0, 255, 1, 'LF', '', 'HIERARCHY_3', 'EVENT_E_SGEH:((42))', 0, 1, 'KEY' );
insert into Measurementcolumn ( MTABLEID, DATANAME, COLNUMBER, DATATYPE, DATASIZE, DATASCALE, UNIQUEVALUE, NULLABLE, INDEXES, DESCRIPTION, DATAID, RELEASEID, UNIQUEKEY, INCLUDESQL, COLTYPE ) values ( 'EVENT_E_TEST:((2)):EVENT_E_TEST_ERR:RAW', 'HIERARCHY_2', 2, 'varchar', 128, 0, 255, 1, 'HG', '', 'HIERARCHY_2', 'EVENT_E_SGEH:((42))', 0, 1, 'KEY' );
insert into Measurementcolumn ( MTABLEID, DATANAME, COLNUMBER, DATATYPE, DATASIZE, DATASCALE, UNIQUEVALUE, NULLABLE, INDEXES, DESCRIPTION, DATAID, RELEASEID, UNIQUEKEY, INCLUDESQL, COLTYPE ) values ( 'EVENT_E_TEST:((2)):EVENT_E_TEST_ERR:RAW', 'HIERARCHY_1', 3, 'varchar', 128, 0, 255, 1, 'HG', '', 'HIERARCHY_1', 'EVENT_E_SGEH:((42))', 0, 1, 'KEY' );
insert into Measurementcolumn ( MTABLEID, DATANAME, COLNUMBER, DATATYPE, DATASIZE, DATASCALE, UNIQUEVALUE, NULLABLE, INDEXES, DESCRIPTION, DATAID, RELEASEID, UNIQUEKEY, INCLUDESQL, COLTYPE ) values ( 'EVENT_E_TEST:((2)):EVENT_E_TEST_ERR:RAW', 'CELL_ID', 4, 'unsigned int', 0, 0, 255, 1, 'HG', '', 'CELL_ID', 'EVENT_E_SGEH:((42))', 0, 1, 'KEY' );
insert into Measurementcolumn ( MTABLEID, DATANAME, COLNUMBER, DATATYPE, DATASIZE, DATASCALE, UNIQUEVALUE, NULLABLE, INDEXES, DESCRIPTION, DATAID, RELEASEID, UNIQUEKEY, INCLUDESQL, COLTYPE ) values ( 'EVENT_E_TEST:((2)):EVENT_E_TEST_ERR:RAW', 'MCC', 5, 'varchar', 3, 0, 255, 1, 'LF', '', 'MCC', 'EVENT_E_SGEH:((42))', 0, 1, 'KEY' );
insert into Measurementcolumn ( MTABLEID, DATANAME, COLNUMBER, DATATYPE, DATASIZE, DATASCALE, UNIQUEVALUE, NULLABLE, INDEXES, DESCRIPTION, DATAID, RELEASEID, UNIQUEKEY, INCLUDESQL, COLTYPE ) values ( 'EVENT_E_TEST:((2)):EVENT_E_TEST_ERR:RAW', 'MNC', 6, 'varchar', 3, 0, 255, 1, 'LF', '', 'MNC', 'EVENT_E_SGEH:((42))', 0, 1, 'KEY' );
insert into Measurementcolumn ( MTABLEID, DATANAME, COLNUMBER, DATATYPE, DATASIZE, DATASCALE, UNIQUEVALUE, NULLABLE, INDEXES, DESCRIPTION, DATAID, RELEASEID, UNIQUEKEY, INCLUDESQL, COLTYPE ) values ( 'EVENT_E_TEST:((2)):EVENT_E_TEST_ERR:RAW', 'LAC', 7, 'unsigned int', 0, 0, 255, 1, 'LF', '', 'LAC', 'EVENT_E_SGEH:((42))', 0, 1, 'KEY' );
insert into Measurementcolumn ( MTABLEID, DATANAME, COLNUMBER, DATATYPE, DATASIZE, DATASCALE, UNIQUEVALUE, NULLABLE, INDEXES, DESCRIPTION, DATAID, RELEASEID, UNIQUEKEY, INCLUDESQL, COLTYPE ) values ( 'EVENT_E_TEST:((2)):EVENT_E_TEST_ERR:RAW', 'RAC', 8, 'tinyint', 0, 0, 255, 1, '', '', 'RAC', 'EVENT_E_SGEH:((42))', 0, 1, 'KEY' );
insert into Measurementcolumn ( MTABLEID, DATANAME, COLNUMBER, DATATYPE, DATASIZE, DATASCALE, UNIQUEVALUE, NULLABLE, INDEXES, DESCRIPTION, DATAID, RELEASEID, UNIQUEKEY, INCLUDESQL, COLTYPE ) values ( 'EVENT_E_TEST:((2)):EVENT_E_TEST_ERR:RAW', 'OLD_MCC', 9, 'varchar', 3, 0, 255, 1, '', '', 'OLD_MCC', 'EVENT_E_SGEH:((42))', 0, 1, 'KEY' );
insert into Measurementcolumn ( MTABLEID, DATANAME, COLNUMBER, DATATYPE, DATASIZE, DATASCALE, UNIQUEVALUE, NULLABLE, INDEXES, DESCRIPTION, DATAID, RELEASEID, UNIQUEKEY, INCLUDESQL, COLTYPE ) values ( 'EVENT_E_TEST:((2)):EVENT_E_TEST_ERR:RAW', 'OLD_MNC', 10, 'varchar', 3, 0, 255, 1, '', '', 'OLD_MNC', 'EVENT_E_SGEH:((42))', 0, 1, 'KEY' );
insert into Measurementcolumn ( MTABLEID, DATANAME, COLNUMBER, DATATYPE, DATASIZE, DATASCALE, UNIQUEVALUE, NULLABLE, INDEXES, DESCRIPTION, DATAID, RELEASEID, UNIQUEKEY, INCLUDESQL, COLTYPE ) values ( 'EVENT_E_TEST:((2)):EVENT_E_TEST_ERR:RAW', 'OLD_LAC', 11, 'unsigned int', 0, 0, 255, 1, '', '', 'OLD_LAC', 'EVENT_E_SGEH:((42))', 0, 1, 'KEY' );
insert into Measurementcolumn ( MTABLEID, DATANAME, COLNUMBER, DATATYPE, DATASIZE, DATASCALE, UNIQUEVALUE, NULLABLE, INDEXES, DESCRIPTION, DATAID, RELEASEID, UNIQUEKEY, INCLUDESQL, COLTYPE ) values ( 'EVENT_E_TEST:((2)):EVENT_E_TEST_ERR:RAW', 'OLD_RAC', 12, 'tinyint', 0, 0, 255, 1, '', '', 'OLD_RAC', 'EVENT_E_SGEH:((42))', 0, 1, 'KEY' );
insert into Measurementcolumn ( MTABLEID, DATANAME, COLNUMBER, DATATYPE, DATASIZE, DATASCALE, UNIQUEVALUE, NULLABLE, INDEXES, DESCRIPTION, DATAID, RELEASEID, UNIQUEKEY, INCLUDESQL, COLTYPE ) values ( 'EVENT_E_TEST:((2)):EVENT_E_TEST_ERR:RAW', 'CAUSE_CODE', 13, 'smallint', 0, 0, 255, 1, 'LF', '', 'CAUSE_CODE', 'EVENT_E_SGEH:((42))', 0, 1, 'KEY' );
insert into Measurementcolumn ( MTABLEID, DATANAME, COLNUMBER, DATATYPE, DATASIZE, DATASCALE, UNIQUEVALUE, NULLABLE, INDEXES, DESCRIPTION, DATAID, RELEASEID, UNIQUEKEY, INCLUDESQL, COLTYPE ) values ( 'EVENT_E_TEST:((2)):EVENT_E_TEST_ERR:RAW', 'SUBCAUSE_CODE', 14, 'smallint', 0, 0, 255, 1, 'LF', '', 'SUBCAUSE_CODE', 'EVENT_E_SGEH:((42))', 0, 1, 'KEY' );
insert into Measurementcolumn ( MTABLEID, DATANAME, COLNUMBER, DATATYPE, DATASIZE, DATASCALE, UNIQUEVALUE, NULLABLE, INDEXES, DESCRIPTION, DATAID, RELEASEID, UNIQUEKEY, INCLUDESQL, COLTYPE ) values ( 'EVENT_E_TEST:((2)):EVENT_E_TEST_ERR:RAW', 'ACTIVATION_TYPE', 15, 'tinyint', 0, 0, 255, 1, 'LF', '', 'ACTIVATION_TYPE', 'EVENT_E_SGEH:((42))', 0, 1, 'KEY' );
insert into Measurementcolumn ( MTABLEID, DATANAME, COLNUMBER, DATATYPE, DATASIZE, DATASCALE, UNIQUEVALUE, NULLABLE, INDEXES, DESCRIPTION, DATAID, RELEASEID, UNIQUEKEY, INCLUDESQL, COLTYPE ) values ( 'EVENT_E_TEST:((2)):EVENT_E_TEST_ERR:RAW', 'ATTACH_TYPE', 16, 'tinyint', 0, 0, 255, 1, 'LF', '', 'ATTACH_TYPE', 'EVENT_E_SGEH:((42))', 0, 1, 'KEY' );
insert into Measurementcolumn ( MTABLEID, DATANAME, COLNUMBER, DATATYPE, DATASIZE, DATASCALE, UNIQUEVALUE, NULLABLE, INDEXES, DESCRIPTION, DATAID, RELEASEID, UNIQUEKEY, INCLUDESQL, COLTYPE ) values ( 'EVENT_E_TEST:((2)):EVENT_E_TEST_ERR:RAW', 'DEACTIVATION_TRIGGER', 17, 'tinyint', 0, 0, 255, 1, 'LF', '', 'DEACTIVATION_TRIGGER', 'EVENT_E_SGEH:((42))', 0, 1, 'KEY' );
insert into Measurementcolumn ( MTABLEID, DATANAME, COLNUMBER, DATATYPE, DATASIZE, DATASCALE, UNIQUEVALUE, NULLABLE, INDEXES, DESCRIPTION, DATAID, RELEASEID, UNIQUEKEY, INCLUDESQL, COLTYPE ) values ( 'EVENT_E_TEST:((2)):EVENT_E_TEST_ERR:RAW', 'DROPPED_PDP', 18, 'tinyint', 0, 0, 255, 1, '', '', 'DROPPED_PDP', 'EVENT_E_SGEH:((42))', 0, 1, 'KEY' );
insert into Measurementcolumn ( MTABLEID, DATANAME, COLNUMBER, DATATYPE, DATASIZE, DATASCALE, UNIQUEVALUE, NULLABLE, INDEXES, DESCRIPTION, DATAID, RELEASEID, UNIQUEKEY, INCLUDESQL, COLTYPE ) values ( 'EVENT_E_TEST:((2)):EVENT_E_TEST_ERR:RAW', 'EVENT_ID', 19, 'tinyint', 0, 0, 255, 1, 'LF', '', 'EVENT_ID', 'EVENT_E_SGEH:((42))', 0, 1, 'KEY' );
insert into Measurementcolumn ( MTABLEID, DATANAME, COLNUMBER, DATATYPE, DATASIZE, DATASCALE, UNIQUEVALUE, NULLABLE, INDEXES, DESCRIPTION, DATAID, RELEASEID, UNIQUEKEY, INCLUDESQL, COLTYPE ) values ( 'EVENT_E_TEST:((2)):EVENT_E_TEST_ERR:RAW', 'EVENT_RESULT', 20, 'tinyint', 0, 0, 255, 1, 'LF', '', 'EVENT_RESULT', 'EVENT_E_SGEH:((42))', 0, 1, 'KEY' );
insert into Measurementcolumn ( MTABLEID, DATANAME, COLNUMBER, DATATYPE, DATASIZE, DATASCALE, UNIQUEVALUE, NULLABLE, INDEXES, DESCRIPTION, DATAID, RELEASEID, UNIQUEKEY, INCLUDESQL, COLTYPE ) values ( 'EVENT_E_TEST:((2)):EVENT_E_TEST_ERR:RAW', 'INTRA_RAU_TYPE', 21, 'tinyint', 0, 0, 255, 1, 'LF', '', 'INTRA_RAU_TYPE', 'EVENT_E_SGEH:((42))', 0, 1, 'KEY' );
insert into Measurementcolumn ( MTABLEID, DATANAME, COLNUMBER, DATATYPE, DATASIZE, DATASCALE, UNIQUEVALUE, NULLABLE, INDEXES, DESCRIPTION, DATAID, RELEASEID, UNIQUEKEY, INCLUDESQL, COLTYPE ) values ( 'EVENT_E_TEST:((2)):EVENT_E_TEST_ERR:RAW', 'RAT', 22, 'tinyint', 0, 0, 255, 1, 'LF', '', 'RAT', 'EVENT_E_SGEH:((42))', 0, 1, 'KEY' );
insert into Measurementcolumn ( MTABLEID, DATANAME, COLNUMBER, DATATYPE, DATASIZE, DATASCALE, UNIQUEVALUE, NULLABLE, INDEXES, DESCRIPTION, DATAID, RELEASEID, UNIQUEKEY, INCLUDESQL, COLTYPE ) values ( 'EVENT_E_TEST:((2)):EVENT_E_TEST_ERR:RAW', 'TRANSFERRED_PDP', 23, 'tinyint', 0, 0, 255, 1, '', '', 'TRANSFERRED_PDP', 'EVENT_E_SGEH:((42))', 0, 1, 'KEY' );
insert into Measurementcolumn ( MTABLEID, DATANAME, COLNUMBER, DATATYPE, DATASIZE, DATASCALE, UNIQUEVALUE, NULLABLE, INDEXES, DESCRIPTION, DATAID, RELEASEID, UNIQUEKEY, INCLUDESQL, COLTYPE ) values ( 'EVENT_E_TEST:((2)):EVENT_E_TEST_ERR:RAW', 'UPDATE_TYPE', 24, 'tinyint', 0, 0, 255, 1, 'LF', '', 'UPDATE_TYPE', 'EVENT_E_SGEH:((42))', 0, 1, 'KEY' );
insert into Measurementcolumn ( MTABLEID, DATANAME, COLNUMBER, DATATYPE, DATASIZE, DATASCALE, UNIQUEVALUE, NULLABLE, INDEXES, DESCRIPTION, DATAID, RELEASEID, UNIQUEKEY, INCLUDESQL, COLTYPE ) values ( 'EVENT_E_TEST:((2)):EVENT_E_TEST_ERR:RAW', 'HLR', 25, 'unsigned bigint', 0, 0, 255, 1, '', '', 'HLR', 'EVENT_E_SGEH:((42))', 0, 1, 'KEY' );
insert into Measurementcolumn ( MTABLEID, DATANAME, COLNUMBER, DATATYPE, DATASIZE, DATASCALE, UNIQUEVALUE, NULLABLE, INDEXES, DESCRIPTION, DATAID, RELEASEID, UNIQUEKEY, INCLUDESQL, COLTYPE ) values ( 'EVENT_E_TEST:((2)):EVENT_E_TEST_ERR:RAW', 'IMEISV', 26, 'unsigned bigint', 0, 0, 255, 1, '', '', 'IMEISV', 'EVENT_E_SGEH:((42))', 0, 1, 'KEY' );
insert into Measurementcolumn ( MTABLEID, DATANAME, COLNUMBER, DATATYPE, DATASIZE, DATASCALE, UNIQUEVALUE, NULLABLE, INDEXES, DESCRIPTION, DATAID, RELEASEID, UNIQUEKEY, INCLUDESQL, COLTYPE ) values ( 'EVENT_E_TEST:((2)):EVENT_E_TEST_ERR:RAW', 'TAC', 27, 'unsigned int', 0, 0, 255, 1, 'HG', '', 'TAC', 'EVENT_E_SGEH:((42))', 0, 1, 'KEY' );
insert into Measurementcolumn ( MTABLEID, DATANAME, COLNUMBER, DATATYPE, DATASIZE, DATASCALE, UNIQUEVALUE, NULLABLE, INDEXES, DESCRIPTION, DATAID, RELEASEID, UNIQUEKEY, INCLUDESQL, COLTYPE ) values ( 'EVENT_E_TEST:((2)):EVENT_E_TEST_ERR:RAW', 'IMSI_MCC', 28, 'varchar', 3, 0, 255, 1, 'LF', '', 'IMSI_MCC', 'EVENT_E_SGEH:((42))', 0, 1, 'KEY' );
insert into Measurementcolumn ( MTABLEID, DATANAME, COLNUMBER, DATATYPE, DATASIZE, DATASCALE, UNIQUEVALUE, NULLABLE, INDEXES, DESCRIPTION, DATAID, RELEASEID, UNIQUEKEY, INCLUDESQL, COLTYPE ) values ( 'EVENT_E_TEST:((2)):EVENT_E_TEST_ERR:RAW', 'IMSI_MNC', 29, 'varchar', 3, 0, 255, 1, 'LF', '', 'IMSI_MNC', 'EVENT_E_SGEH:((42))', 0, 1, 'KEY' );
insert into Measurementcolumn ( MTABLEID, DATANAME, COLNUMBER, DATATYPE, DATASIZE, DATASCALE, UNIQUEVALUE, NULLABLE, INDEXES, DESCRIPTION, DATAID, RELEASEID, UNIQUEKEY, INCLUDESQL, COLTYPE ) values ( 'EVENT_E_TEST:((2)):EVENT_E_TEST_ERR:RAW', 'APN', 30, 'varchar', 127, 0, 255, 1, 'LF', '', 'APN', 'EVENT_E_SGEH:((42))', 0, 1, 'KEY' );
insert into Measurementcolumn ( MTABLEID, DATANAME, COLNUMBER, DATATYPE, DATASIZE, DATASCALE, UNIQUEVALUE, NULLABLE, INDEXES, DESCRIPTION, DATAID, RELEASEID, UNIQUEKEY, INCLUDESQL, COLTYPE ) values ( 'EVENT_E_TEST:((2)):EVENT_E_TEST_ERR:RAW', 'HOMEZONE_IDENTITY', 31, 'varchar', 31, 0, 255, 1, '', '', 'HOMEZONE_IDENTITY', 'EVENT_E_SGEH:((42))', 0, 1, 'KEY' );
insert into Measurementcolumn ( MTABLEID, DATANAME, COLNUMBER, DATATYPE, DATASIZE, DATASCALE, UNIQUEVALUE, NULLABLE, INDEXES, DESCRIPTION, DATAID, RELEASEID, UNIQUEKEY, INCLUDESQL, COLTYPE ) values ( 'EVENT_E_TEST:((2)):EVENT_E_TEST_ERR:RAW', 'SAC', 32, 'unsigned int', 0, 0, 255, 1, '', '', 'SAC', 'EVENT_E_SGEH:((42))', 0, 1, 'KEY' );
insert into Measurementcolumn ( MTABLEID, DATANAME, COLNUMBER, DATATYPE, DATASIZE, DATASCALE, UNIQUEVALUE, NULLABLE, INDEXES, DESCRIPTION, DATAID, RELEASEID, UNIQUEKEY, INCLUDESQL, COLTYPE ) values ( 'EVENT_E_TEST:((2)):EVENT_E_TEST_ERR:RAW', 'PTMSI', 33, 'unsigned int', 0, 0, 255, 1, 'HG', '', 'PTMSI', 'EVENT_E_SGEH:((42))', 0, 1, 'KEY' );
insert into Measurementcolumn ( MTABLEID, DATANAME, COLNUMBER, DATATYPE, DATASIZE, DATASCALE, UNIQUEVALUE, NULLABLE, INDEXES, DESCRIPTION, DATAID, RELEASEID, UNIQUEKEY, INCLUDESQL, COLTYPE ) values ( 'EVENT_E_TEST:((2)):EVENT_E_TEST_ERR:RAW', 'GGSN_IPADDRESS', 34, 'binary', 16, 0, 255, 1, '', '', 'GGSN_IPADDRESS', 'EVENT_E_SGEH:((42))', 0, 1, 'KEY' );
insert into Measurementcolumn ( MTABLEID, DATANAME, COLNUMBER, DATATYPE, DATASIZE, DATASCALE, UNIQUEVALUE, NULLABLE, INDEXES, DESCRIPTION, DATAID, RELEASEID, UNIQUEKEY, INCLUDESQL, COLTYPE ) values ( 'EVENT_E_TEST:((2)):EVENT_E_TEST_ERR:RAW', 'GGSN_NAME', 35, 'varchar', 128, 0, 255, 1, 'HG', '', 'GGSN_NAME', 'EVENT_E_SGEH:((42))', 0, 1, 'KEY' );
insert into Measurementcolumn ( MTABLEID, DATANAME, COLNUMBER, DATATYPE, DATASIZE, DATASCALE, UNIQUEVALUE, NULLABLE, INDEXES, DESCRIPTION, DATAID, RELEASEID, UNIQUEKEY, INCLUDESQL, COLTYPE ) values ( 'EVENT_E_TEST:((2)):EVENT_E_TEST_ERR:RAW', 'SGSN_IPADDRESS', 36, 'binary', 16, 0, 255, 1, '', '', 'SGSN_IPADDRESS', 'EVENT_E_SGEH:((42))', 0, 1, 'KEY' );
insert into Measurementcolumn ( MTABLEID, DATANAME, COLNUMBER, DATATYPE, DATASIZE, DATASCALE, UNIQUEVALUE, NULLABLE, INDEXES, DESCRIPTION, DATAID, RELEASEID, UNIQUEKEY, INCLUDESQL, COLTYPE ) values ( 'EVENT_E_TEST:((2)):EVENT_E_TEST_ERR:RAW', 'OLD_SGSN_IPADDRESS', 37, 'binary', 16, 0, 255, 1, '', '', 'OLD_SGSN_IPADDRESS', 'EVENT_E_SGEH:((42))', 0, 1, 'KEY' );
insert into Measurementcolumn ( MTABLEID, DATANAME, COLNUMBER, DATATYPE, DATASIZE, DATASCALE, UNIQUEVALUE, NULLABLE, INDEXES, DESCRIPTION, DATAID, RELEASEID, UNIQUEKEY, INCLUDESQL, COLTYPE ) values ( 'EVENT_E_TEST:((2)):EVENT_E_TEST_ERR:RAW', 'ROAMING', 38, 'bit', 0, 0, 255, 1, '', '', 'ROAMING', 'EVENT_E_SGEH:((42))', 0, 1, 'KEY' );
insert into Measurementcolumn ( MTABLEID, DATANAME, COLNUMBER, DATATYPE, DATASIZE, DATASCALE, UNIQUEVALUE, NULLABLE, INDEXES, DESCRIPTION, DATAID, RELEASEID, UNIQUEKEY, INCLUDESQL, COLTYPE ) values ( 'EVENT_E_TEST:((2)):EVENT_E_TEST_ERR:RAW', 'CAUSE_PROT_TYPE', 39, 'tinyint', 0, 0, 255, 1, 'LF', '', 'CAUSE_PROT_TYPE', 'EVENT_E_SGEH:((42))', 0, 1, 'KEY' );
insert into Measurementcolumn ( MTABLEID, DATANAME, COLNUMBER, DATATYPE, DATASIZE, DATASCALE, UNIQUEVALUE, NULLABLE, INDEXES, DESCRIPTION, DATAID, RELEASEID, UNIQUEKEY, INCLUDESQL, COLTYPE ) values ( 'EVENT_E_TEST:((2)):EVENT_E_TEST_ERR:RAW', 'LINKED_NSAPI', 40, 'unsigned int', 0, 0, 255, 1, '', '', 'LINKED_NSAPI', 'EVENT_E_SGEH:((42))', 0, 1, 'KEY' );
insert into Measurementcolumn ( MTABLEID, DATANAME, COLNUMBER, DATATYPE, DATASIZE, DATASCALE, UNIQUEVALUE, NULLABLE, INDEXES, DESCRIPTION, DATAID, RELEASEID, UNIQUEKEY, INCLUDESQL, COLTYPE ) values ( 'EVENT_E_TEST:((2)):EVENT_E_TEST_ERR:RAW', 'PDP_NSAPI_1', 41, 'unsigned int', 0, 0, 255, 1, '', '', 'PDP_NSAPI_1', 'EVENT_E_SGEH:((42))', 0, 1, 'KEY' );
insert into Measurementcolumn ( MTABLEID, DATANAME, COLNUMBER, DATATYPE, DATASIZE, DATASCALE, UNIQUEVALUE, NULLABLE, INDEXES, DESCRIPTION, DATAID, RELEASEID, UNIQUEKEY, INCLUDESQL, COLTYPE ) values ( 'EVENT_E_TEST:((2)):EVENT_E_TEST_ERR:RAW', 'PDP_GGSN_IPADDRESS_1', 42, 'binary', 16, 0, 255, 1, '', '', 'PDP_GGSN_IPADDRESS_1', 'EVENT_E_SGEH:((42))', 0, 1, 'KEY' );
insert into Measurementcolumn ( MTABLEID, DATANAME, COLNUMBER, DATATYPE, DATASIZE, DATASCALE, UNIQUEVALUE, NULLABLE, INDEXES, DESCRIPTION, DATAID, RELEASEID, UNIQUEKEY, INCLUDESQL, COLTYPE ) values ( 'EVENT_E_TEST:((2)):EVENT_E_TEST_ERR:RAW', 'PDP_GGSN_NAME_1', 43, 'varchar', 128, 0, 255, 1, '', '', 'PDP_GGSN_NAME_1', 'EVENT_E_SGEH:((42))', 0, 1, 'KEY' );
insert into Measurementcolumn ( MTABLEID, DATANAME, COLNUMBER, DATATYPE, DATASIZE, DATASCALE, UNIQUEVALUE, NULLABLE, INDEXES, DESCRIPTION, DATAID, RELEASEID, UNIQUEKEY, INCLUDESQL, COLTYPE ) values ( 'EVENT_E_TEST:((2)):EVENT_E_TEST_ERR:RAW', 'PDP_MS_IPADDRESS_1', 44, 'binary', 16, 0, 255, 1, '', '', 'PDP_MS_IPADDRESS_1', 'EVENT_E_SGEH:((42))', 0, 1, 'KEY' );
insert into Measurementcolumn ( MTABLEID, DATANAME, COLNUMBER, DATATYPE, DATASIZE, DATASCALE, UNIQUEVALUE, NULLABLE, INDEXES, DESCRIPTION, DATAID, RELEASEID, UNIQUEKEY, INCLUDESQL, COLTYPE ) values ( 'EVENT_E_TEST:((2)):EVENT_E_TEST_ERR:RAW', 'PDP_NSAPI_2', 45, 'unsigned int', 0, 0, 255, 1, '', '', 'PDP_NSAPI_2', 'EVENT_E_SGEH:((42))', 0, 1, 'KEY' );
insert into Measurementcolumn ( MTABLEID, DATANAME, COLNUMBER, DATATYPE, DATASIZE, DATASCALE, UNIQUEVALUE, NULLABLE, INDEXES, DESCRIPTION, DATAID, RELEASEID, UNIQUEKEY, INCLUDESQL, COLTYPE ) values ( 'EVENT_E_TEST:((2)):EVENT_E_TEST_ERR:RAW', 'PDP_GGSN_IPADDRESS_2', 46, 'binary', 16, 0, 255, 1, '', '', 'PDP_GGSN_IPADDRESS_2', 'EVENT_E_SGEH:((42))', 0, 1, 'KEY' );
insert into Measurementcolumn ( MTABLEID, DATANAME, COLNUMBER, DATATYPE, DATASIZE, DATASCALE, UNIQUEVALUE, NULLABLE, INDEXES, DESCRIPTION, DATAID, RELEASEID, UNIQUEKEY, INCLUDESQL, COLTYPE ) values ( 'EVENT_E_TEST:((2)):EVENT_E_TEST_ERR:RAW', 'PDP_GGSN_NAME_2', 47, 'varchar', 128, 0, 255, 1, '', '', 'PDP_GGSN_NAME_1', 'EVENT_E_SGEH:((42))', 0, 1, 'KEY' );
insert into Measurementcolumn ( MTABLEID, DATANAME, COLNUMBER, DATATYPE, DATASIZE, DATASCALE, UNIQUEVALUE, NULLABLE, INDEXES, DESCRIPTION, DATAID, RELEASEID, UNIQUEKEY, INCLUDESQL, COLTYPE ) values ( 'EVENT_E_TEST:((2)):EVENT_E_TEST_ERR:RAW', 'PDP_MS_IPADDRESS_2', 48, 'binary', 16, 0, 255, 1, '', '', 'PDP_MS_IPADDRESS_2', 'EVENT_E_SGEH:((42))', 0, 1, 'KEY' );
insert into Measurementcolumn ( MTABLEID, DATANAME, COLNUMBER, DATATYPE, DATASIZE, DATASCALE, UNIQUEVALUE, NULLABLE, INDEXES, DESCRIPTION, DATAID, RELEASEID, UNIQUEKEY, INCLUDESQL, COLTYPE ) values ( 'EVENT_E_TEST:((2)):EVENT_E_TEST_ERR:RAW', 'PAGING_ATTEMPTS', 49, 'tinyint', 0, 0, 255, 1, '', '', 'PAGING_ATTEMPTS', 'EVENT_E_SGEH:((42))', 0, 1, 'KEY' );
insert into Measurementcolumn ( MTABLEID, DATANAME, COLNUMBER, DATATYPE, DATASIZE, DATASCALE, UNIQUEVALUE, NULLABLE, INDEXES, DESCRIPTION, DATAID, RELEASEID, UNIQUEKEY, INCLUDESQL, COLTYPE ) values ( 'EVENT_E_TEST:((2)):EVENT_E_TEST_ERR:RAW', 'SERVICE_REQ_TRIGGER', 50, 'tinyint', 0, 0, 255, 1, '', '', 'SERVICE_REQ_TRIGGER', 'EVENT_E_SGEH:((42))', 0, 1, 'KEY' );
insert into Measurementcolumn ( MTABLEID, DATANAME, COLNUMBER, DATATYPE, DATASIZE, DATASCALE, UNIQUEVALUE, NULLABLE, INDEXES, DESCRIPTION, DATAID, RELEASEID, UNIQUEKEY, INCLUDESQL, COLTYPE ) values ( 'EVENT_E_TEST:((2)):EVENT_E_TEST_ERR:RAW', 'REQUEST_RETRIES', 51, 'tinyint', 0, 0, 255, 1, '', '', 'REQUEST_RETRIES', 'EVENT_E_SGEH:((42))', 0, 1, 'KEY' );
insert into Measurementcolumn ( MTABLEID, DATANAME, COLNUMBER, DATATYPE, DATASIZE, DATASCALE, UNIQUEVALUE, NULLABLE, INDEXES, DESCRIPTION, DATAID, RELEASEID, UNIQUEKEY, INCLUDESQL, COLTYPE ) values ( 'EVENT_E_TEST:((2)):EVENT_E_TEST_ERR:RAW', 'SERVICE_TYPE', 52, 'tinyint', 0, 0, 255, 1, '', '', 'SERVICE_TYPE', 'EVENT_E_SGEH:((42))', 0, 1, 'KEY' );
insert into Measurementcolumn ( MTABLEID, DATANAME, COLNUMBER, DATATYPE, DATASIZE, DATASCALE, UNIQUEVALUE, NULLABLE, INDEXES, DESCRIPTION, DATAID, RELEASEID, UNIQUEKEY, INCLUDESQL, COLTYPE ) values ( 'EVENT_E_TEST:((2)):EVENT_E_TEST_ERR:RAW', 'DETACH_TYPE', 53, 'tinyint', 0, 0, 255, 1, '', '', 'DETACH_TYPE', 'EVENT_E_SGEH:((42))', 0, 1, 'KEY' );
insert into Measurementcolumn ( MTABLEID, DATANAME, COLNUMBER, DATATYPE, DATASIZE, DATASCALE, UNIQUEVALUE, NULLABLE, INDEXES, DESCRIPTION, DATAID, RELEASEID, UNIQUEKEY, INCLUDESQL, COLTYPE ) values ( 'EVENT_E_TEST:((2)):EVENT_E_TEST_ERR:RAW', 'DETACH_TRIGGER', 54, 'tinyint', 0, 0, 255, 1, '', '', 'DETACH_TRIGGER', 'EVENT_E_SGEH:((42))', 0, 1, 'KEY' );
insert into Measurementcolumn ( MTABLEID, DATANAME, COLNUMBER, DATATYPE, DATASIZE, DATASCALE, UNIQUEVALUE, NULLABLE, INDEXES, DESCRIPTION, DATAID, RELEASEID, UNIQUEKEY, INCLUDESQL, COLTYPE ) values ( 'EVENT_E_TEST:((2)):EVENT_E_TEST_ERR:RAW', 'DURATION', 55, 'unsigned int', 0, 0, 255, 1, '', '', 'DURATION', 'EVENT_E_SGEH:((42))', 0, 1, 'KEY' );
insert into Measurementcolumn ( MTABLEID, DATANAME, COLNUMBER, DATATYPE, DATASIZE, DATASCALE, UNIQUEVALUE, NULLABLE, INDEXES, DESCRIPTION, DATAID, RELEASEID, UNIQUEKEY, INCLUDESQL, COLTYPE ) values ( 'EVENT_E_TEST:((2)):EVENT_E_TEST_ERR:RAW', 'EVENT_SOURCE_NAME', 56, 'varchar', 128, 0, 64000, 1, 'HG', '', 'EVENT_SOURCE_NAME', 'BASE_TP_EVENTS_100415_3', 0, 1, 'PUBLICKEY' );
insert into Measurementcolumn ( MTABLEID, DATANAME, COLNUMBER, DATATYPE, DATASIZE, DATASCALE, UNIQUEVALUE, NULLABLE, INDEXES, DESCRIPTION, DATAID, RELEASEID, UNIQUEKEY, INCLUDESQL, COLTYPE ) values ( 'EVENT_E_TEST:((2)):EVENT_E_TEST_ERR:RAW', 'OSS_ID', 57, 'varchar', 20, 0, 255, 1, 'LF', '', 'OSS_ID', 'BASE_TP_EVENTS_100415_3', 0, 1, 'PUBLICKEY' );
insert into Measurementcolumn ( MTABLEID, DATANAME, COLNUMBER, DATATYPE, DATASIZE, DATASCALE, UNIQUEVALUE, NULLABLE, INDEXES, DESCRIPTION, DATAID, RELEASEID, UNIQUEKEY, INCLUDESQL, COLTYPE ) values ( 'EVENT_E_TEST:((2)):EVENT_E_TEST_ERR:RAW', 'DATE_ID', 58, 'date', 0, 0, 100000000, 0, 'LF', '', 'DATE_ID', 'BASE_TP_EVENTS_100415_3', 0, 1, 'PUBLICKEY' );
insert into Measurementcolumn ( MTABLEID, DATANAME, COLNUMBER, DATATYPE, DATASIZE, DATASCALE, UNIQUEVALUE, NULLABLE, INDEXES, DESCRIPTION, DATAID, RELEASEID, UNIQUEKEY, INCLUDESQL, COLTYPE ) values ( 'EVENT_E_TEST:((2)):EVENT_E_TEST_ERR:RAW', 'YEAR_ID', 59, 'smallint', 0, 0, 65536, 0, 'LF', '', 'YEAR_ID', 'BASE_TP_EVENTS_100415_3', 0, 0, 'PUBLICKEY' );
insert into Measurementcolumn ( MTABLEID, DATANAME, COLNUMBER, DATATYPE, DATASIZE, DATASCALE, UNIQUEVALUE, NULLABLE, INDEXES, DESCRIPTION, DATAID, RELEASEID, UNIQUEKEY, INCLUDESQL, COLTYPE ) values ( 'EVENT_E_TEST:((2)):EVENT_E_TEST_ERR:RAW', 'MONTH_ID', 60, 'tinyint', 0, 0, 256, 0, 'LF', '', 'MONTH_ID', 'BASE_TP_EVENTS_100415_3', 0, 0, 'PUBLICKEY' );
insert into Measurementcolumn ( MTABLEID, DATANAME, COLNUMBER, DATATYPE, DATASIZE, DATASCALE, UNIQUEVALUE, NULLABLE, INDEXES, DESCRIPTION, DATAID, RELEASEID, UNIQUEKEY, INCLUDESQL, COLTYPE ) values ( 'EVENT_E_TEST:((2)):EVENT_E_TEST_ERR:RAW', 'DAY_ID', 61, 'tinyint', 0, 0, 256, 0, 'LF', '', 'DAY_ID', 'BASE_TP_EVENTS_100415_3', 0, 0, 'PUBLICKEY' );
insert into Measurementcolumn ( MTABLEID, DATANAME, COLNUMBER, DATATYPE, DATASIZE, DATASCALE, UNIQUEVALUE, NULLABLE, INDEXES, DESCRIPTION, DATAID, RELEASEID, UNIQUEKEY, INCLUDESQL, COLTYPE ) values ( 'EVENT_E_TEST:((2)):EVENT_E_TEST_ERR:RAW', 'HOUR_ID', 62, 'tinyint', 0, 0, 256, 0, 'LF', '', 'HOUR_ID', 'BASE_TP_EVENTS_100415_3', 0, 0, 'PUBLICKEY' );
insert into Measurementcolumn ( MTABLEID, DATANAME, COLNUMBER, DATATYPE, DATASIZE, DATASCALE, UNIQUEVALUE, NULLABLE, INDEXES, DESCRIPTION, DATAID, RELEASEID, UNIQUEKEY, INCLUDESQL, COLTYPE ) values ( 'EVENT_E_TEST:((2)):EVENT_E_TEST_ERR:RAW', 'MIN_ID', 63, 'tinyint', 0, 0, 256, 0, 'LF', '', 'MIN_ID', 'BASE_TP_EVENTS_100415_3', 0, 0, 'PUBLICKEY' );
insert into Measurementcolumn ( MTABLEID, DATANAME, COLNUMBER, DATATYPE, DATASIZE, DATASCALE, UNIQUEVALUE, NULLABLE, INDEXES, DESCRIPTION, DATAID, RELEASEID, UNIQUEKEY, INCLUDESQL, COLTYPE ) values ( 'EVENT_E_TEST:((2)):EVENT_E_TEST_ERR:RAW', 'DATETIME_ID', 64, 'datetime', 0, 0, 100000000, 0, 'HG', '', 'DATETIME_ID', 'BASE_TP_EVENTS_100415_3', 0, 1, 'PUBLICKEY' );
insert into Measurementcolumn ( MTABLEID, DATANAME, COLNUMBER, DATATYPE, DATASIZE, DATASCALE, UNIQUEVALUE, NULLABLE, INDEXES, DESCRIPTION, DATAID, RELEASEID, UNIQUEKEY, INCLUDESQL, COLTYPE ) values ( 'EVENT_E_TEST:((2)):EVENT_E_TEST_ERR:RAW', 'EVENT_TIME', 65, 'timestamp', 0, 0, 25000000, 0, '', '', 'EVENT_TIME', 'BASE_TP_EVENTS_100415_3', 0, 0, 'PUBLICKEY' );
insert into Measurementcolumn ( MTABLEID, DATANAME, COLNUMBER, DATATYPE, DATASIZE, DATASCALE, UNIQUEVALUE, NULLABLE, INDEXES, DESCRIPTION, DATAID, RELEASEID, UNIQUEKEY, INCLUDESQL, COLTYPE ) values ( 'EVENT_E_TEST:((2)):EVENT_E_TEST_ERR:RAW', 'TIMEZONE', 66, 'smallint', 0, 0, 65536, 1, 'LF', '', 'TIMEZONE', 'BASE_TP_EVENTS_100415_3', 0, 1, 'PUBLICKEY' );
insert into Measurementcolumn ( MTABLEID, DATANAME, COLNUMBER, DATATYPE, DATASIZE, DATASCALE, UNIQUEVALUE, NULLABLE, INDEXES, DESCRIPTION, DATAID, RELEASEID, UNIQUEKEY, INCLUDESQL, COLTYPE ) values ( 'EVENT_E_TEST:((2)):EVENT_E_TEST_ERR:RAW', 'VENDOR', 67, 'varchar', 20, 0, 255, 1, 'LF', '', 'VENDOR', 'BASE_TP_EVENTS_100415_3', 0, 1, 'PUBLICKEY' );
insert into Measurementcolumn ( MTABLEID, DATANAME, COLNUMBER, DATATYPE, DATASIZE, DATASCALE, UNIQUEVALUE, NULLABLE, INDEXES, DESCRIPTION, DATAID, RELEASEID, UNIQUEKEY, INCLUDESQL, COLTYPE ) values ( 'EVENT_E_TEST:((2)):EVENT_E_TEST_ERR:RAW', 'SUSPECTFLAG', 68, 'bit', 0, 0, 1, 1, '', '', 'SUSPECTFLAG', 'BASE_TP_EVENTS_100415_3', 0, 1, 'PUBLICKEY' );
insert into Measurementcolumn ( MTABLEID, DATANAME, COLNUMBER, DATATYPE, DATASIZE, DATASCALE, UNIQUEVALUE, NULLABLE, INDEXES, DESCRIPTION, DATAID, RELEASEID, UNIQUEKEY, INCLUDESQL, COLTYPE ) values ( 'EVENT_E_TEST:((2)):EVENT_E_TEST_ERR:RAW', 'NE_VERSION', 69, 'varchar', 20, 0, 255, 1, 'LF', '', 'NE_VERSION', 'BASE_TP_EVENTS_100415_3', 0, 1, 'PUBLICKEY' );
insert into Measurementcolumn ( MTABLEID, DATANAME, COLNUMBER, DATATYPE, DATASIZE, DATASCALE, UNIQUEVALUE, NULLABLE, INDEXES, DESCRIPTION, DATAID, RELEASEID, UNIQUEKEY, INCLUDESQL, COLTYPE ) values ( 'EVENT_E_TEST:((2)):EVENT_E_TEST_ERR:RAW', 'IMSI', 70, 'unsigned bigint', 0, 0, 100000000, 1, 'HG', '', 'IMSI', 'BASE_TP_EVENTS_100415_3', 0, 1, 'PUBLICKEY' );
insert into Measurementcolumn ( MTABLEID, DATANAME, COLNUMBER, DATATYPE, DATASIZE, DATASCALE, UNIQUEVALUE, NULLABLE, INDEXES, DESCRIPTION, DATAID, RELEASEID, UNIQUEKEY, INCLUDESQL, COLTYPE ) values ( 'EVENT_E_TEST:((2)):EVENT_E_TEST_ERR:RAW', 'MSISDN', 71, 'unsigned bigint', 0, 0, 100000000, 1, 'HG', '', 'MSISDN', 'BASE_TP_EVENTS_100415_3', 0, 1, 'PUBLICKEY' );
insert into Measurementcolumn ( MTABLEID, DATANAME, COLNUMBER, DATATYPE, DATASIZE, DATASCALE, UNIQUEVALUE, NULLABLE, INDEXES, DESCRIPTION, DATAID, RELEASEID, UNIQUEKEY, INCLUDESQL, COLTYPE ) values ( 'EVENT_E_TEST:((2)):EVENT_E_TEST_ERR:RAW', 'SESSION_ID', 72, 'unsigned int', 0, 0, 100000000, 1, 'HG', '', 'SESSION_ID', 'BASE_TP_EVENTS_100415_3', 0, 0, 'PUBLICKEY' );
insert into Measurementcolumn ( MTABLEID, DATANAME, COLNUMBER, DATATYPE, DATASIZE, DATASCALE, UNIQUEVALUE, NULLABLE, INDEXES, DESCRIPTION, DATAID, RELEASEID, UNIQUEKEY, INCLUDESQL, COLTYPE ) values ( 'EVENT_E_TEST:((2)):EVENT_E_TEST_ERR:RAW', 'BATCH_ID', 73, 'unsigned int', 0, 0, 100000000, 1, '', '', 'BATCH_ID', 'BASE_TP_EVENTS_100415_3', 0, 0, 'PUBLICKEY' );
insert into Measurementcolumn ( MTABLEID, DATANAME, COLNUMBER, DATATYPE, DATASIZE, DATASCALE, UNIQUEVALUE, NULLABLE, INDEXES, DESCRIPTION, DATAID, RELEASEID, UNIQUEKEY, INCLUDESQL, COLTYPE ) values ( 'EVENT_E_TEST:((2)):EVENT_E_TEST_ERR:RAW', 'LOCAL_DATE_ID', 74, 'date', 0, 0, 100000000, 0, 'LF', '', 'LOCAL_DATE_ID', 'BASE_TP_EVENTS_100415_3', 0, 1, 'PUBLICKEY' );
insert into Measurementtype ( TYPEID, TYPECLASSID, TYPENAME, VENDORID, FOLDERNAME, DESCRIPTION, STATUS, VERSIONID, OBJECTID, OBJECTNAME, OBJECTVERSION, OBJECTTYPE, JOINABLE, SIZING, TOTALAGG, ELEMENTBHSUPPORT, RANKINGTABLE, DELTACALCSUPPORT, PLAINTABLE, UNIVERSEEXTENSION, VECTORSUPPORT, DATAFORMATSUPPORT, ONEMINAGG, FIFTEENMINAGG, EVENTSCALCTABLE, MIXEDPARTITIONSTABLE, LOADFILE_DUP_CHECK ) values ( 'EVENT_E_TEST:((2)):EVENT_E_TEST_APN_SUC', 'EVENT_E_TEST:((2)):EVENT_E_TEST_DEFAULT', 'EVENT_E_TEST_APN_SUC', 'EVENT_E_SGEH', 'EVENT_E_TEST_APN_SUC', '', null, 'EVENT_E_TEST:((2))', 'EVENT_E_TEST:((2)):EVENT_E_TEST_APN_SUC', 'EVENT_E_TEST_APN_SUC', null, null, '', 'sgeh', 1, 0, 0, 0, 0, 'ALL', 0, 0, 0, 1, 1, 0, null );
insert into Measurementkey ( TYPEID, DATANAME, DESCRIPTION, ISELEMENT, UNIQUEKEY, COLNUMBER, DATATYPE, DATASIZE, DATASCALE, UNIQUEVALUE, NULLABLE, INDEXES, INCLUDESQL, UNIVOBJECT, JOINABLE, DATAID ) values ( 'EVENT_E_TEST:((2)):EVENT_E_TEST_APN_SUC', 'APN', '', 0, 0, 1, 'varchar', 127, 0, 255, 0, 'LF', 1, 'APN', 0, 'APN' );
insert into Measurementkey ( TYPEID, DATANAME, DESCRIPTION, ISELEMENT, UNIQUEKEY, COLNUMBER, DATATYPE, DATASIZE, DATASCALE, UNIQUEVALUE, NULLABLE, INDEXES, INCLUDESQL, UNIVOBJECT, JOINABLE, DATAID ) values ( 'EVENT_E_TEST:((2)):EVENT_E_TEST_APN_SUC', 'NO_OF_ERRORS', '', 0, 0, 3, 'unsigned bigint', 0, 0, 255, 1, '', 1, 'NO_OF_ERRORS', 0, 'NO_OF_ERRORS' );
insert into Measurementkey ( TYPEID, DATANAME, DESCRIPTION, ISELEMENT, UNIQUEKEY, COLNUMBER, DATATYPE, DATASIZE, DATASCALE, UNIQUEVALUE, NULLABLE, INDEXES, INCLUDESQL, UNIVOBJECT, JOINABLE, DATAID ) values ( 'EVENT_E_TEST:((2)):EVENT_E_TEST_APN_SUC', 'NO_OF_NET_INIT_DEACTIVATES', '', 0, 0, 5, 'unsigned bigint', 0, 0, 255, 1, '', 1, 'NO_OF_NET_INIT_DEACTIVATES', 0, 'NO_OF_NET_INIT_DEACTIVATES' );
insert into Measurementkey ( TYPEID, DATANAME, DESCRIPTION, ISELEMENT, UNIQUEKEY, COLNUMBER, DATATYPE, DATASIZE, DATASCALE, UNIQUEVALUE, NULLABLE, INDEXES, INCLUDESQL, UNIVOBJECT, JOINABLE, DATAID ) values ( 'EVENT_E_TEST:((2)):EVENT_E_TEST_APN_SUC', 'NO_OF_SUCCESSES', '', 0, 0, 2, 'unsigned bigint', 0, 0, 255, 0, '', 1, 'NO_OF_SUCCESSES', 0, 'NO_OF_SUCCESSES' );
insert into Measurementkey ( TYPEID, DATANAME, DESCRIPTION, ISELEMENT, UNIQUEKEY, COLNUMBER, DATATYPE, DATASIZE, DATASCALE, UNIQUEVALUE, NULLABLE, INDEXES, INCLUDESQL, UNIVOBJECT, JOINABLE, DATAID ) values ( 'EVENT_E_TEST:((2)):EVENT_E_TEST_APN_SUC', 'NO_OF_TOTAL_ERR_SUBSCRIBERS', '', 0, 0, 4, 'unsigned bigint', 0, 0, 255, 1, '', 1, 'NO_OF_TOTAL_ERR_SUBSCRIBERS', 0, 'NO_OF_TOTAL_SUBSCRIBERS' );
insert into Measurementtable ( MTABLEID, TABLELEVEL, TYPEID, BASETABLENAME, DEFAULT_TEMPLATE, PARTITIONPLAN ) values ( 'EVENT_E_TEST:((2)):EVENT_E_TEST_APN_SUC:15MIN', '15MIN', 'EVENT_E_TEST:((2)):EVENT_E_TEST_APN_SUC', 'EVENT_E_TEST_APN_SUC_15MIN', null, 'sgehextrasmall_15min' );
insert into Measurementcolumn ( MTABLEID, DATANAME, COLNUMBER, DATATYPE, DATASIZE, DATASCALE, UNIQUEVALUE, NULLABLE, INDEXES, DESCRIPTION, DATAID, RELEASEID, UNIQUEKEY, INCLUDESQL, COLTYPE ) values ( 'EVENT_E_TEST:((2)):EVENT_E_TEST_APN_SUC:15MIN', 'APN', 1, 'varchar', 127, 0, 255, 0, 'LF', '', 'APN', 'EVENT_E_SGEH:((41))', 0, 1, 'KEY' );
insert into Measurementcolumn ( MTABLEID, DATANAME, COLNUMBER, DATATYPE, DATASIZE, DATASCALE, UNIQUEVALUE, NULLABLE, INDEXES, DESCRIPTION, DATAID, RELEASEID, UNIQUEKEY, INCLUDESQL, COLTYPE ) values ( 'EVENT_E_TEST:((2)):EVENT_E_TEST_APN_SUC:15MIN', 'NO_OF_SUCCESSES', 2, 'unsigned bigint', 0, 0, 255, 0, '', '', 'NO_OF_SUCCESSES', 'EVENT_E_SGEH:((41))', 0, 1, 'KEY' );
insert into Measurementcolumn ( MTABLEID, DATANAME, COLNUMBER, DATATYPE, DATASIZE, DATASCALE, UNIQUEVALUE, NULLABLE, INDEXES, DESCRIPTION, DATAID, RELEASEID, UNIQUEKEY, INCLUDESQL, COLTYPE ) values ( 'EVENT_E_TEST:((2)):EVENT_E_TEST_APN_SUC:15MIN', 'NO_OF_ERRORS', 3, 'unsigned bigint', 0, 0, 255, 1, '', '', 'NO_OF_ERRORS', 'EVENT_E_SGEH:((41))', 0, 1, 'KEY' );
insert into Measurementcolumn ( MTABLEID, DATANAME, COLNUMBER, DATATYPE, DATASIZE, DATASCALE, UNIQUEVALUE, NULLABLE, INDEXES, DESCRIPTION, DATAID, RELEASEID, UNIQUEKEY, INCLUDESQL, COLTYPE ) values ( 'EVENT_E_TEST:((2)):EVENT_E_TEST_APN_SUC:15MIN', 'NO_OF_TOTAL_ERR_SUBSCRIBERS', 4, 'unsigned bigint', 0, 0, 255, 1, '', '', 'NO_OF_TOTAL_SUBSCRIBERS', 'EVENT_E_SGEH:((41))', 0, 1, 'KEY' );
insert into Measurementcolumn ( MTABLEID, DATANAME, COLNUMBER, DATATYPE, DATASIZE, DATASCALE, UNIQUEVALUE, NULLABLE, INDEXES, DESCRIPTION, DATAID, RELEASEID, UNIQUEKEY, INCLUDESQL, COLTYPE ) values ( 'EVENT_E_TEST:((2)):EVENT_E_TEST_APN_SUC:15MIN', 'NO_OF_NET_INIT_DEACTIVATES', 5, 'unsigned bigint', 0, 0, 255, 1, '', '', 'NO_OF_NET_INIT_DEACTIVATES', 'EVENT_E_SGEH:((41))', 0, 1, 'KEY' );
insert into Measurementcolumn ( MTABLEID, DATANAME, COLNUMBER, DATATYPE, DATASIZE, DATASCALE, UNIQUEVALUE, NULLABLE, INDEXES, DESCRIPTION, DATAID, RELEASEID, UNIQUEKEY, INCLUDESQL, COLTYPE ) values ( 'EVENT_E_TEST:((2)):EVENT_E_TEST_APN_SUC:15MIN', 'DATE_ID', 6, 'date', 0, 0, 100000000, 0, 'LF', '', 'DATE_ID', 'BASE_TP_EVENTS_100415_3', 0, 1, 'PUBLICKEY' );
insert into Measurementcolumn ( MTABLEID, DATANAME, COLNUMBER, DATATYPE, DATASIZE, DATASCALE, UNIQUEVALUE, NULLABLE, INDEXES, DESCRIPTION, DATAID, RELEASEID, UNIQUEKEY, INCLUDESQL, COLTYPE ) values ( 'EVENT_E_TEST:((2)):EVENT_E_TEST_APN_SUC:15MIN', 'YEAR_ID', 7, 'smallint', 0, 0, 65536, 0, 'LF', '', 'YEAR_ID', 'BASE_TP_EVENTS_100415_3', 0, 0, 'PUBLICKEY' );
insert into Measurementcolumn ( MTABLEID, DATANAME, COLNUMBER, DATATYPE, DATASIZE, DATASCALE, UNIQUEVALUE, NULLABLE, INDEXES, DESCRIPTION, DATAID, RELEASEID, UNIQUEKEY, INCLUDESQL, COLTYPE ) values ( 'EVENT_E_TEST:((2)):EVENT_E_TEST_APN_SUC:15MIN', 'MONTH_ID', 8, 'tinyint', 0, 0, 256, 0, 'LF', '', 'MONTH_ID', 'BASE_TP_EVENTS_100415_3', 0, 0, 'PUBLICKEY' );
insert into Measurementcolumn ( MTABLEID, DATANAME, COLNUMBER, DATATYPE, DATASIZE, DATASCALE, UNIQUEVALUE, NULLABLE, INDEXES, DESCRIPTION, DATAID, RELEASEID, UNIQUEKEY, INCLUDESQL, COLTYPE ) values ( 'EVENT_E_TEST:((2)):EVENT_E_TEST_APN_SUC:15MIN', 'DAY_ID', 9, 'tinyint', 0, 0, 256, 0, 'LF', '', 'DAY_ID', 'BASE_TP_EVENTS_100415_3', 0, 0, 'PUBLICKEY' );
insert into Measurementcolumn ( MTABLEID, DATANAME, COLNUMBER, DATATYPE, DATASIZE, DATASCALE, UNIQUEVALUE, NULLABLE, INDEXES, DESCRIPTION, DATAID, RELEASEID, UNIQUEKEY, INCLUDESQL, COLTYPE ) values ( 'EVENT_E_TEST:((2)):EVENT_E_TEST_APN_SUC:15MIN', 'HOUR_ID', 10, 'tinyint', 0, 0, 256, 0, 'LF', '', 'HOUR_ID', 'BASE_TP_EVENTS_100415_3', 0, 0, 'PUBLICKEY' );
insert into Measurementcolumn ( MTABLEID, DATANAME, COLNUMBER, DATATYPE, DATASIZE, DATASCALE, UNIQUEVALUE, NULLABLE, INDEXES, DESCRIPTION, DATAID, RELEASEID, UNIQUEKEY, INCLUDESQL, COLTYPE ) values ( 'EVENT_E_TEST:((2)):EVENT_E_TEST_APN_SUC:15MIN', 'MIN_ID', 11, 'tinyint', 0, 0, 256, 0, 'LF', '', 'MIN_ID', 'BASE_TP_EVENTS_100415_3', 0, 0, 'PUBLICKEY' );
insert into Measurementcolumn ( MTABLEID, DATANAME, COLNUMBER, DATATYPE, DATASIZE, DATASCALE, UNIQUEVALUE, NULLABLE, INDEXES, DESCRIPTION, DATAID, RELEASEID, UNIQUEKEY, INCLUDESQL, COLTYPE ) values ( 'EVENT_E_TEST:((2)):EVENT_E_TEST_APN_SUC:15MIN', 'DATETIME_ID', 12, 'datetime', 0, 0, 100000000, 0, 'HG', '', 'DATETIME_ID', 'BASE_TP_EVENTS_100415_3', 0, 1, 'PUBLICKEY' );
insert into Measurementcolumn ( MTABLEID, DATANAME, COLNUMBER, DATATYPE, DATASIZE, DATASCALE, UNIQUEVALUE, NULLABLE, INDEXES, DESCRIPTION, DATAID, RELEASEID, UNIQUEKEY, INCLUDESQL, COLTYPE ) values ( 'EVENT_E_TEST:((2)):EVENT_E_TEST_APN_SUC:15MIN', 'VALID', 13, 'bit', 0, 0, 1, 1, '', '', 'VALID', 'BASE_TP_EVENTS_100415_3', 0, 0, 'PUBLICKEY' );
insert into Measurementtable ( MTABLEID, TABLELEVEL, TYPEID, BASETABLENAME, DEFAULT_TEMPLATE, PARTITIONPLAN ) values ( 'EVENT_E_TEST:((2)):EVENT_E_TEST_APN_SUC:DAY', 'DAY', 'EVENT_E_TEST:((2)):EVENT_E_TEST_APN_SUC', 'EVENT_E_TEST_APN_SUC_DAY', null, 'sgehextrasmall_day' );
insert into Measurementcolumn ( MTABLEID, DATANAME, COLNUMBER, DATATYPE, DATASIZE, DATASCALE, UNIQUEVALUE, NULLABLE, INDEXES, DESCRIPTION, DATAID, RELEASEID, UNIQUEKEY, INCLUDESQL, COLTYPE ) values ( 'EVENT_E_TEST:((2)):EVENT_E_TEST_APN_SUC:DAY', 'APN', 1, 'varchar', 127, 0, 255, 0, 'LF', '', 'APN', 'EVENT_E_SGEH:((41))', 0, 1, 'KEY' );
insert into Measurementcolumn ( MTABLEID, DATANAME, COLNUMBER, DATATYPE, DATASIZE, DATASCALE, UNIQUEVALUE, NULLABLE, INDEXES, DESCRIPTION, DATAID, RELEASEID, UNIQUEKEY, INCLUDESQL, COLTYPE ) values ( 'EVENT_E_TEST:((2)):EVENT_E_TEST_APN_SUC:DAY', 'NO_OF_SUCCESSES', 2, 'unsigned bigint', 0, 0, 255, 0, '', '', 'NO_OF_SUCCESSES', 'EVENT_E_SGEH:((41))', 0, 1, 'KEY' );
insert into Measurementcolumn ( MTABLEID, DATANAME, COLNUMBER, DATATYPE, DATASIZE, DATASCALE, UNIQUEVALUE, NULLABLE, INDEXES, DESCRIPTION, DATAID, RELEASEID, UNIQUEKEY, INCLUDESQL, COLTYPE ) values ( 'EVENT_E_TEST:((2)):EVENT_E_TEST_APN_SUC:DAY', 'NO_OF_ERRORS', 3, 'unsigned bigint', 0, 0, 255, 1, '', '', 'NO_OF_ERRORS', 'EVENT_E_SGEH:((41))', 0, 1, 'KEY' );
insert into Measurementcolumn ( MTABLEID, DATANAME, COLNUMBER, DATATYPE, DATASIZE, DATASCALE, UNIQUEVALUE, NULLABLE, INDEXES, DESCRIPTION, DATAID, RELEASEID, UNIQUEKEY, INCLUDESQL, COLTYPE ) values ( 'EVENT_E_TEST:((2)):EVENT_E_TEST_APN_SUC:DAY', 'NO_OF_TOTAL_ERR_SUBSCRIBERS', 4, 'unsigned bigint', 0, 0, 255, 1, '', '', 'NO_OF_TOTAL_SUBSCRIBERS', 'EVENT_E_SGEH:((41))', 0, 1, 'KEY' );
insert into Measurementcolumn ( MTABLEID, DATANAME, COLNUMBER, DATATYPE, DATASIZE, DATASCALE, UNIQUEVALUE, NULLABLE, INDEXES, DESCRIPTION, DATAID, RELEASEID, UNIQUEKEY, INCLUDESQL, COLTYPE ) values ( 'EVENT_E_TEST:((2)):EVENT_E_TEST_APN_SUC:DAY', 'NO_OF_NET_INIT_DEACTIVATES', 5, 'unsigned bigint', 0, 0, 255, 1, '', '', 'NO_OF_NET_INIT_DEACTIVATES', 'EVENT_E_SGEH:((41))', 0, 1, 'KEY' );
insert into Measurementcolumn ( MTABLEID, DATANAME, COLNUMBER, DATATYPE, DATASIZE, DATASCALE, UNIQUEVALUE, NULLABLE, INDEXES, DESCRIPTION, DATAID, RELEASEID, UNIQUEKEY, INCLUDESQL, COLTYPE ) values ( 'EVENT_E_TEST:((2)):EVENT_E_TEST_APN_SUC:DAY', 'DATE_ID', 6, 'date', 0, 0, 100000000, 0, 'LF', '', 'DATE_ID', 'BASE_TP_EVENTS_100415_3', 0, 1, 'PUBLICKEY' );
insert into Measurementcolumn ( MTABLEID, DATANAME, COLNUMBER, DATATYPE, DATASIZE, DATASCALE, UNIQUEVALUE, NULLABLE, INDEXES, DESCRIPTION, DATAID, RELEASEID, UNIQUEKEY, INCLUDESQL, COLTYPE ) values ( 'EVENT_E_TEST:((2)):EVENT_E_TEST_APN_SUC:DAY', 'YEAR_ID', 7, 'smallint', 0, 0, 65536, 0, 'LF', '', 'YEAR_ID', 'BASE_TP_EVENTS_100415_3', 0, 0, 'PUBLICKEY' );
insert into Measurementcolumn ( MTABLEID, DATANAME, COLNUMBER, DATATYPE, DATASIZE, DATASCALE, UNIQUEVALUE, NULLABLE, INDEXES, DESCRIPTION, DATAID, RELEASEID, UNIQUEKEY, INCLUDESQL, COLTYPE ) values ( 'EVENT_E_TEST:((2)):EVENT_E_TEST_APN_SUC:DAY', 'MONTH_ID', 8, 'tinyint', 0, 0, 256, 0, 'LF', '', 'MONTH_ID', 'BASE_TP_EVENTS_100415_3', 0, 0, 'PUBLICKEY' );
insert into Measurementcolumn ( MTABLEID, DATANAME, COLNUMBER, DATATYPE, DATASIZE, DATASCALE, UNIQUEVALUE, NULLABLE, INDEXES, DESCRIPTION, DATAID, RELEASEID, UNIQUEKEY, INCLUDESQL, COLTYPE ) values ( 'EVENT_E_TEST:((2)):EVENT_E_TEST_APN_SUC:DAY', 'DAY_ID', 9, 'tinyint', 0, 0, 256, 0, 'LF', '', 'DAY_ID', 'BASE_TP_EVENTS_100415_3', 0, 0, 'PUBLICKEY' );
insert into Measurementcolumn ( MTABLEID, DATANAME, COLNUMBER, DATATYPE, DATASIZE, DATASCALE, UNIQUEVALUE, NULLABLE, INDEXES, DESCRIPTION, DATAID, RELEASEID, UNIQUEKEY, INCLUDESQL, COLTYPE ) values ( 'EVENT_E_TEST:((2)):EVENT_E_TEST_APN_SUC:DAY', 'HOUR_ID', 10, 'tinyint', 0, 0, 256, 1, 'LF', '', 'HOUR_ID', 'BASE_TP_EVENTS_100415_3', 0, 0, 'PUBLICKEY' );
insert into Measurementcolumn ( MTABLEID, DATANAME, COLNUMBER, DATATYPE, DATASIZE, DATASCALE, UNIQUEVALUE, NULLABLE, INDEXES, DESCRIPTION, DATAID, RELEASEID, UNIQUEKEY, INCLUDESQL, COLTYPE ) values ( 'EVENT_E_TEST:((2)):EVENT_E_TEST_APN_SUC:DAY', 'MIN_ID', 11, 'tinyint', 0, 0, 256, 1, 'LF', '', 'MIN_ID', 'BASE_TP_EVENTS_100415_3', 0, 0, 'PUBLICKEY' );
insert into Measurementcolumn ( MTABLEID, DATANAME, COLNUMBER, DATATYPE, DATASIZE, DATASCALE, UNIQUEVALUE, NULLABLE, INDEXES, DESCRIPTION, DATAID, RELEASEID, UNIQUEKEY, INCLUDESQL, COLTYPE ) values ( 'EVENT_E_TEST:((2)):EVENT_E_TEST_APN_SUC:DAY', 'DATETIME_ID', 12, 'datetime', 0, 0, 100000000, 1, 'HG', '', 'DATETIME_ID', 'BASE_TP_EVENTS_100415_3', 0, 1, 'PUBLICKEY' );
insert into Measurementcolumn ( MTABLEID, DATANAME, COLNUMBER, DATATYPE, DATASIZE, DATASCALE, UNIQUEVALUE, NULLABLE, INDEXES, DESCRIPTION, DATAID, RELEASEID, UNIQUEKEY, INCLUDESQL, COLTYPE ) values ( 'EVENT_E_TEST:((2)):EVENT_E_TEST_APN_SUC:DAY', 'VALID', 13, 'bit', 0, 0, 1, 1, '', '', 'VALID', 'BASE_TP_EVENTS_100415_3', 0, 0, 'PUBLICKEY' );
insert into Techpackdependency ( VERSIONID, TECHPACKNAME, VERSION ) values ( 'EVENT_E_TEST:((2))', 'DWH_BASE', 'R3B' );
insert into Techpackdependency ( VERSIONID, TECHPACKNAME, VERSION ) values ( 'EVENT_E_TEST:((2))', 'DWH_MONITOR', 'R1A' );
insert into Universeclass ( VERSIONID, CLASSNAME, UNIVERSEEXTENSION, DESCRIPTION, PARENT, OBJ_BH_REL, ELEM_BH_REL, INHERITANCE, ORDERNRO ) values ( 'EVENT_E_TEST:((2))', 'EVENT_E_TEST_APN_ERR_Keys', 'ALL', 'Keys for EVENT_E_TEST_APN_ERR', 'EVENT_E_TEST_APN_ERR', 0, 0, 0, 9223372036854775807 );
insert into Universeclass ( VERSIONID, CLASSNAME, UNIVERSEEXTENSION, DESCRIPTION, PARENT, OBJ_BH_REL, ELEM_BH_REL, INHERITANCE, ORDERNRO ) values ( 'EVENT_E_TEST:((2))', 'EVENT_E_TEST_ERR_Keys', 'ALL', 'Keys for EVENT_E_TEST_ERR', 'EVENT_E_TEST_ERR', 0, 0, 0, 9223372036854775807 );
insert into Universeclass ( VERSIONID, CLASSNAME, UNIVERSEEXTENSION, DESCRIPTION, PARENT, OBJ_BH_REL, ELEM_BH_REL, INHERITANCE, ORDERNRO ) values ( 'EVENT_E_TEST:((2))', 'EVENT_E_TEST_APN_SUC_Keys', 'ALL', 'Keys for EVENT_E_TEST_APN_SUC', 'EVENT_E_TEST_APN_SUC', 0, 0, 0, 9223372036854775807 );
insert into Universeclass ( VERSIONID, CLASSNAME, UNIVERSEEXTENSION, DESCRIPTION, PARENT, OBJ_BH_REL, ELEM_BH_REL, INHERITANCE, ORDERNRO ) values ( 'EVENT_E_TEST:((2))', 'EVENT_E_TEST_SUC_Keys', 'ALL', 'Keys for EVENT_E_TEST_SUC', 'EVENT_E_TEST_SUC', 0, 0, 0, 9223372036854775807 );
insert into Universeclass ( VERSIONID, CLASSNAME, UNIVERSEEXTENSION, DESCRIPTION, PARENT, OBJ_BH_REL, ELEM_BH_REL, INHERITANCE, ORDERNRO ) values ( 'EVENT_E_TEST:((2))', 'EVENT_E_TEST_IMSI_RANK_Keys', 'ALL', 'Keys for EVENT_E_TEST_IMSI_RANK', 'EVENT_E_TEST_IMSI_RANK', 0, 0, 0, 9223372036854775807 );
insert into Transformer ( TRANSFORMERID, VERSIONID, DESCRIPTION, TYPE ) values ( 'EVENT_E_TEST:((2)):EVENT_E_TEST_ERR:mz', 'EVENT_E_TEST:((2))', '', 'SPECIFIC' );
insert into Transformer ( TRANSFORMERID, VERSIONID, DESCRIPTION, TYPE ) values ( 'EVENT_E_TEST:((2)):EVENT_E_TEST_SUC:mz', 'EVENT_E_TEST:((2))', '', 'SPECIFIC' );
insert into Transformer ( TRANSFORMERID, VERSIONID, DESCRIPTION, TYPE ) values ( 'EVENT_E_TEST:((2)):ALL:mz', 'EVENT_E_TEST:((2))', '', 'ALL' );
insert into Dataformat ( DATAFORMATID, TYPEID, VERSIONID, OBJECTTYPE, FOLDERNAME, DATAFORMATTYPE ) values ( 'EVENT_E_TEST:((2)):EVENT_E_TEST_ERR:mz', 'EVENT_E_TEST:((2)):EVENT_E_TEST_ERR', 'EVENT_E_TEST:((2))', 'Measurement', 'EVENT_E_TEST_ERR', 'mz' );
insert into Dataitem ( DATAFORMATID, DATANAME, COLNUMBER, DATAID, PROCESS_INSTRUCTION ) values ( 'EVENT_E_TEST:((2)):EVENT_E_TEST_ERR:mz', 'ACTIVATION_TYPE', 15, 'ACTIVATION_TYPE', 'key' );
insert into Dataitem ( DATAFORMATID, DATANAME, COLNUMBER, DATAID, PROCESS_INSTRUCTION ) values ( 'EVENT_E_TEST:((2)):EVENT_E_TEST_ERR:mz', 'APN', 30, 'APN', 'key' );
insert into Dataitem ( DATAFORMATID, DATANAME, COLNUMBER, DATAID, PROCESS_INSTRUCTION ) values ( 'EVENT_E_TEST:((2)):EVENT_E_TEST_ERR:mz', 'ATTACH_TYPE', 16, 'ATTACH_TYPE', 'key' );
insert into Dataitem ( DATAFORMATID, DATANAME, COLNUMBER, DATAID, PROCESS_INSTRUCTION ) values ( 'EVENT_E_TEST:((2)):EVENT_E_TEST_ERR:mz', 'BATCH_ID', 73, 'BATCH_ID', '' );
insert into Dataitem ( DATAFORMATID, DATANAME, COLNUMBER, DATAID, PROCESS_INSTRUCTION ) values ( 'EVENT_E_TEST:((2)):EVENT_E_TEST_ERR:mz', 'CAUSE_CODE', 13, 'CAUSE_CODE', 'key' );
insert into Dataitem ( DATAFORMATID, DATANAME, COLNUMBER, DATAID, PROCESS_INSTRUCTION ) values ( 'EVENT_E_TEST:((2)):EVENT_E_TEST_ERR:mz', 'CAUSE_PROT_TYPE', 39, 'CAUSE_PROT_TYPE', 'key' );
insert into Dataitem ( DATAFORMATID, DATANAME, COLNUMBER, DATAID, PROCESS_INSTRUCTION ) values ( 'EVENT_E_TEST:((2)):EVENT_E_TEST_ERR:mz', 'CELL_ID', 4, 'CELL_ID', 'key' );
insert into Dataitem ( DATAFORMATID, DATANAME, COLNUMBER, DATAID, PROCESS_INSTRUCTION ) values ( 'EVENT_E_TEST:((2)):EVENT_E_TEST_ERR:mz', 'DATE_ID', 58, 'DATE_ID', '' );
insert into Dataitem ( DATAFORMATID, DATANAME, COLNUMBER, DATAID, PROCESS_INSTRUCTION ) values ( 'EVENT_E_TEST:((2)):EVENT_E_TEST_ERR:mz', 'DATETIME_ID', 64, 'DATETIME_ID', '' );
insert into Dataitem ( DATAFORMATID, DATANAME, COLNUMBER, DATAID, PROCESS_INSTRUCTION ) values ( 'EVENT_E_TEST:((2)):EVENT_E_TEST_ERR:mz', 'DAY_ID', 61, 'DAY_ID', '' );
insert into Dataitem ( DATAFORMATID, DATANAME, COLNUMBER, DATAID, PROCESS_INSTRUCTION ) values ( 'EVENT_E_TEST:((2)):EVENT_E_TEST_ERR:mz', 'DEACTIVATION_TRIGGER', 17, 'DEACTIVATION_TRIGGER', 'key' );
insert into Dataitem ( DATAFORMATID, DATANAME, COLNUMBER, DATAID, PROCESS_INSTRUCTION ) values ( 'EVENT_E_TEST:((2)):EVENT_E_TEST_ERR:mz', 'DETACH_TRIGGER', 54, 'DETACH_TRIGGER', 'key' );
insert into Dataitem ( DATAFORMATID, DATANAME, COLNUMBER, DATAID, PROCESS_INSTRUCTION ) values ( 'EVENT_E_TEST:((2)):EVENT_E_TEST_ERR:mz', 'DETACH_TYPE', 53, 'DETACH_TYPE', 'key' );
insert into Dataitem ( DATAFORMATID, DATANAME, COLNUMBER, DATAID, PROCESS_INSTRUCTION ) values ( 'EVENT_E_TEST:((2)):EVENT_E_TEST_ERR:mz', 'DROPPED_PDP', 18, 'DROPPED_PDP', 'key' );
insert into Dataitem ( DATAFORMATID, DATANAME, COLNUMBER, DATAID, PROCESS_INSTRUCTION ) values ( 'EVENT_E_TEST:((2)):EVENT_E_TEST_ERR:mz', 'DURATION', 55, 'DURATION', 'key' );
insert into Dataitem ( DATAFORMATID, DATANAME, COLNUMBER, DATAID, PROCESS_INSTRUCTION ) values ( 'EVENT_E_TEST:((2)):EVENT_E_TEST_ERR:mz', 'EVENT_ID', 19, 'EVENT_ID', 'key' );
insert into Dataitem ( DATAFORMATID, DATANAME, COLNUMBER, DATAID, PROCESS_INSTRUCTION ) values ( 'EVENT_E_TEST:((2)):EVENT_E_TEST_ERR:mz', 'EVENT_RESULT', 20, 'EVENT_RESULT', 'key' );
insert into Dataitem ( DATAFORMATID, DATANAME, COLNUMBER, DATAID, PROCESS_INSTRUCTION ) values ( 'EVENT_E_TEST:((2)):EVENT_E_TEST_ERR:mz', 'EVENT_SOURCE_NAME', 56, 'EVENT_SOURCE_NAME', '' );
insert into Dataitem ( DATAFORMATID, DATANAME, COLNUMBER, DATAID, PROCESS_INSTRUCTION ) values ( 'EVENT_E_TEST:((2)):EVENT_E_TEST_ERR:mz', 'EVENT_TIME', 65, 'EVENT_TIME', '' );
insert into Dataitem ( DATAFORMATID, DATANAME, COLNUMBER, DATAID, PROCESS_INSTRUCTION ) values ( 'EVENT_E_TEST:((2)):EVENT_E_TEST_ERR:mz', 'GGSN_IPADDRESS', 34, 'GGSN_IPADDRESS', 'key' );
insert into Dataitem ( DATAFORMATID, DATANAME, COLNUMBER, DATAID, PROCESS_INSTRUCTION ) values ( 'EVENT_E_TEST:((2)):EVENT_E_TEST_ERR:mz', 'GGSN_NAME', 35, 'GGSN_NAME', 'key' );
insert into Dataitem ( DATAFORMATID, DATANAME, COLNUMBER, DATAID, PROCESS_INSTRUCTION ) values ( 'EVENT_E_TEST:((2)):EVENT_E_TEST_ERR:mz', 'HIERARCHY_1', 3, 'HIERARCHY_1', 'key' );
insert into Dataitem ( DATAFORMATID, DATANAME, COLNUMBER, DATAID, PROCESS_INSTRUCTION ) values ( 'EVENT_E_TEST:((2)):EVENT_E_TEST_ERR:mz', 'HIERARCHY_2', 2, 'HIERARCHY_2', 'key' );
insert into Dataitem ( DATAFORMATID, DATANAME, COLNUMBER, DATAID, PROCESS_INSTRUCTION ) values ( 'EVENT_E_TEST:((2)):EVENT_E_TEST_ERR:mz', 'HIERARCHY_3', 1, 'HIERARCHY_3', 'key' );
insert into Dataitem ( DATAFORMATID, DATANAME, COLNUMBER, DATAID, PROCESS_INSTRUCTION ) values ( 'EVENT_E_TEST:((2)):EVENT_E_TEST_ERR:mz', 'HLR', 25, 'HLR', 'key' );
insert into Dataitem ( DATAFORMATID, DATANAME, COLNUMBER, DATAID, PROCESS_INSTRUCTION ) values ( 'EVENT_E_TEST:((2)):EVENT_E_TEST_ERR:mz', 'HOMEZONE_IDENTITY', 31, 'HOMEZONE_IDENTITY', 'key' );
insert into Dataitem ( DATAFORMATID, DATANAME, COLNUMBER, DATAID, PROCESS_INSTRUCTION ) values ( 'EVENT_E_TEST:((2)):EVENT_E_TEST_ERR:mz', 'HOUR_ID', 62, 'HOUR_ID', '' );
insert into Dataitem ( DATAFORMATID, DATANAME, COLNUMBER, DATAID, PROCESS_INSTRUCTION ) values ( 'EVENT_E_TEST:((2)):EVENT_E_TEST_ERR:mz', 'IMEISV', 26, 'IMEISV', 'key' );
insert into Dataitem ( DATAFORMATID, DATANAME, COLNUMBER, DATAID, PROCESS_INSTRUCTION ) values ( 'EVENT_E_TEST:((2)):EVENT_E_TEST_ERR:mz', 'IMSI', 70, 'IMSI', '' );
insert into Dataitem ( DATAFORMATID, DATANAME, COLNUMBER, DATAID, PROCESS_INSTRUCTION ) values ( 'EVENT_E_TEST:((2)):EVENT_E_TEST_ERR:mz', 'IMSI_MCC', 28, 'IMSI_MCC', 'key' );
insert into Dataitem ( DATAFORMATID, DATANAME, COLNUMBER, DATAID, PROCESS_INSTRUCTION ) values ( 'EVENT_E_TEST:((2)):EVENT_E_TEST_ERR:mz', 'IMSI_MNC', 29, 'IMSI_MNC', 'key' );
insert into Dataitem ( DATAFORMATID, DATANAME, COLNUMBER, DATAID, PROCESS_INSTRUCTION ) values ( 'EVENT_E_TEST:((2)):EVENT_E_TEST_ERR:mz', 'INTRA_RAU_TYPE', 21, 'INTRA_RAU_TYPE', 'key' );
insert into Dataitem ( DATAFORMATID, DATANAME, COLNUMBER, DATAID, PROCESS_INSTRUCTION ) values ( 'EVENT_E_TEST:((2)):EVENT_E_TEST_ERR:mz', 'LAC', 7, 'LAC', 'key' );
insert into Dataitem ( DATAFORMATID, DATANAME, COLNUMBER, DATAID, PROCESS_INSTRUCTION ) values ( 'EVENT_E_TEST:((2)):EVENT_E_TEST_ERR:mz', 'LINKED_NSAPI', 40, 'LINKED_NSAPI', 'key' );
insert into Dataitem ( DATAFORMATID, DATANAME, COLNUMBER, DATAID, PROCESS_INSTRUCTION ) values ( 'EVENT_E_TEST:((2)):EVENT_E_TEST_ERR:mz', 'LOCAL_DATE_ID', 74, 'LOCAL_DATE_ID', '' );
insert into Dataitem ( DATAFORMATID, DATANAME, COLNUMBER, DATAID, PROCESS_INSTRUCTION ) values ( 'EVENT_E_TEST:((2)):EVENT_E_TEST_ERR:mz', 'MCC', 5, 'MCC', 'key' );
insert into Dataitem ( DATAFORMATID, DATANAME, COLNUMBER, DATAID, PROCESS_INSTRUCTION ) values ( 'EVENT_E_TEST:((2)):EVENT_E_TEST_ERR:mz', 'MIN_ID', 63, 'MIN_ID', '' );
insert into Dataitem ( DATAFORMATID, DATANAME, COLNUMBER, DATAID, PROCESS_INSTRUCTION ) values ( 'EVENT_E_TEST:((2)):EVENT_E_TEST_ERR:mz', 'MNC', 6, 'MNC', 'key' );
insert into Dataitem ( DATAFORMATID, DATANAME, COLNUMBER, DATAID, PROCESS_INSTRUCTION ) values ( 'EVENT_E_TEST:((2)):EVENT_E_TEST_ERR:mz', 'MONTH_ID', 60, 'MONTH_ID', '' );
insert into Dataitem ( DATAFORMATID, DATANAME, COLNUMBER, DATAID, PROCESS_INSTRUCTION ) values ( 'EVENT_E_TEST:((2)):EVENT_E_TEST_ERR:mz', 'MSISDN', 71, 'MSISDN', '' );
insert into Dataitem ( DATAFORMATID, DATANAME, COLNUMBER, DATAID, PROCESS_INSTRUCTION ) values ( 'EVENT_E_TEST:((2)):EVENT_E_TEST_ERR:mz', 'NE_VERSION', 69, 'NE_VERSION', '' );
insert into Dataitem ( DATAFORMATID, DATANAME, COLNUMBER, DATAID, PROCESS_INSTRUCTION ) values ( 'EVENT_E_TEST:((2)):EVENT_E_TEST_ERR:mz', 'OLD_LAC', 11, 'OLD_LAC', 'key' );
insert into Dataitem ( DATAFORMATID, DATANAME, COLNUMBER, DATAID, PROCESS_INSTRUCTION ) values ( 'EVENT_E_TEST:((2)):EVENT_E_TEST_ERR:mz', 'OLD_MCC', 9, 'OLD_MCC', 'key' );
insert into Dataitem ( DATAFORMATID, DATANAME, COLNUMBER, DATAID, PROCESS_INSTRUCTION ) values ( 'EVENT_E_TEST:((2)):EVENT_E_TEST_ERR:mz', 'OLD_MNC', 10, 'OLD_MNC', 'key' );
insert into Dataitem ( DATAFORMATID, DATANAME, COLNUMBER, DATAID, PROCESS_INSTRUCTION ) values ( 'EVENT_E_TEST:((2)):EVENT_E_TEST_ERR:mz', 'OLD_RAC', 12, 'OLD_RAC', 'key' );
insert into Dataitem ( DATAFORMATID, DATANAME, COLNUMBER, DATAID, PROCESS_INSTRUCTION ) values ( 'EVENT_E_TEST:((2)):EVENT_E_TEST_ERR:mz', 'OLD_SGSN_IPADDRESS', 37, 'OLD_SGSN_IPADDRESS', 'key' );
insert into Dataitem ( DATAFORMATID, DATANAME, COLNUMBER, DATAID, PROCESS_INSTRUCTION ) values ( 'EVENT_E_TEST:((2)):EVENT_E_TEST_ERR:mz', 'OSS_ID', 57, 'OSS_ID', '' );
insert into Dataitem ( DATAFORMATID, DATANAME, COLNUMBER, DATAID, PROCESS_INSTRUCTION ) values ( 'EVENT_E_TEST:((2)):EVENT_E_TEST_ERR:mz', 'PAGING_ATTEMPTS', 49, 'PAGING_ATTEMPTS', 'key' );
insert into Dataitem ( DATAFORMATID, DATANAME, COLNUMBER, DATAID, PROCESS_INSTRUCTION ) values ( 'EVENT_E_TEST:((2)):EVENT_E_TEST_ERR:mz', 'PDP_GGSN_IPADDRESS_1', 42, 'PDP_GGSN_IPADDRESS_1', 'key' );
insert into Dataitem ( DATAFORMATID, DATANAME, COLNUMBER, DATAID, PROCESS_INSTRUCTION ) values ( 'EVENT_E_TEST:((2)):EVENT_E_TEST_ERR:mz', 'PDP_GGSN_IPADDRESS_2', 46, 'PDP_GGSN_IPADDRESS_2', 'key' );
insert into Dataitem ( DATAFORMATID, DATANAME, COLNUMBER, DATAID, PROCESS_INSTRUCTION ) values ( 'EVENT_E_TEST:((2)):EVENT_E_TEST_ERR:mz', 'PDP_GGSN_NAME_1', 43, 'PDP_GGSN_NAME_1', 'key' );
insert into Dataitem ( DATAFORMATID, DATANAME, COLNUMBER, DATAID, PROCESS_INSTRUCTION ) values ( 'EVENT_E_TEST:((2)):EVENT_E_TEST_ERR:mz', 'PDP_GGSN_NAME_2', 47, 'PDP_GGSN_NAME_1', 'key' );
insert into Dataitem ( DATAFORMATID, DATANAME, COLNUMBER, DATAID, PROCESS_INSTRUCTION ) values ( 'EVENT_E_TEST:((2)):EVENT_E_TEST_ERR:mz', 'PDP_MS_IPADDRESS_1', 44, 'PDP_MS_IPADDRESS_1', 'key' );
insert into Dataitem ( DATAFORMATID, DATANAME, COLNUMBER, DATAID, PROCESS_INSTRUCTION ) values ( 'EVENT_E_TEST:((2)):EVENT_E_TEST_ERR:mz', 'PDP_MS_IPADDRESS_2', 48, 'PDP_MS_IPADDRESS_2', 'key' );
insert into Dataitem ( DATAFORMATID, DATANAME, COLNUMBER, DATAID, PROCESS_INSTRUCTION ) values ( 'EVENT_E_TEST:((2)):EVENT_E_TEST_ERR:mz', 'PDP_NSAPI_1', 41, 'PDP_NSAPI_1', 'key' );
insert into Dataitem ( DATAFORMATID, DATANAME, COLNUMBER, DATAID, PROCESS_INSTRUCTION ) values ( 'EVENT_E_TEST:((2)):EVENT_E_TEST_ERR:mz', 'PDP_NSAPI_2', 45, 'PDP_NSAPI_2', 'key' );
insert into Dataitem ( DATAFORMATID, DATANAME, COLNUMBER, DATAID, PROCESS_INSTRUCTION ) values ( 'EVENT_E_TEST:((2)):EVENT_E_TEST_ERR:mz', 'PTMSI', 33, 'PTMSI', 'key' );
insert into Dataitem ( DATAFORMATID, DATANAME, COLNUMBER, DATAID, PROCESS_INSTRUCTION ) values ( 'EVENT_E_TEST:((2)):EVENT_E_TEST_ERR:mz', 'RAC', 8, 'RAC', 'key' );
insert into Dataitem ( DATAFORMATID, DATANAME, COLNUMBER, DATAID, PROCESS_INSTRUCTION ) values ( 'EVENT_E_TEST:((2)):EVENT_E_TEST_ERR:mz', 'RAT', 22, 'RAT', 'key' );
insert into Dataitem ( DATAFORMATID, DATANAME, COLNUMBER, DATAID, PROCESS_INSTRUCTION ) values ( 'EVENT_E_TEST:((2)):EVENT_E_TEST_ERR:mz', 'REQUEST_RETRIES', 51, 'REQUEST_RETRIES', 'key' );
insert into Dataitem ( DATAFORMATID, DATANAME, COLNUMBER, DATAID, PROCESS_INSTRUCTION ) values ( 'EVENT_E_TEST:((2)):EVENT_E_TEST_ERR:mz', 'ROAMING', 38, 'ROAMING', 'key' );
insert into Dataitem ( DATAFORMATID, DATANAME, COLNUMBER, DATAID, PROCESS_INSTRUCTION ) values ( 'EVENT_E_TEST:((2)):EVENT_E_TEST_ERR:mz', 'SAC', 32, 'SAC', 'key' );
insert into Dataitem ( DATAFORMATID, DATANAME, COLNUMBER, DATAID, PROCESS_INSTRUCTION ) values ( 'EVENT_E_TEST:((2)):EVENT_E_TEST_ERR:mz', 'SERVICE_REQ_TRIGGER', 50, 'SERVICE_REQ_TRIGGER', 'key' );
insert into Dataitem ( DATAFORMATID, DATANAME, COLNUMBER, DATAID, PROCESS_INSTRUCTION ) values ( 'EVENT_E_TEST:((2)):EVENT_E_TEST_ERR:mz', 'SERVICE_TYPE', 52, 'SERVICE_TYPE', 'key' );
insert into Dataitem ( DATAFORMATID, DATANAME, COLNUMBER, DATAID, PROCESS_INSTRUCTION ) values ( 'EVENT_E_TEST:((2)):EVENT_E_TEST_ERR:mz', 'SESSION_ID', 72, 'SESSION_ID', '' );
insert into Dataitem ( DATAFORMATID, DATANAME, COLNUMBER, DATAID, PROCESS_INSTRUCTION ) values ( 'EVENT_E_TEST:((2)):EVENT_E_TEST_ERR:mz', 'SGSN_IPADDRESS', 36, 'SGSN_IPADDRESS', 'key' );
insert into Dataitem ( DATAFORMATID, DATANAME, COLNUMBER, DATAID, PROCESS_INSTRUCTION ) values ( 'EVENT_E_TEST:((2)):EVENT_E_TEST_ERR:mz', 'SUBCAUSE_CODE', 14, 'SUBCAUSE_CODE', 'key' );
insert into Dataitem ( DATAFORMATID, DATANAME, COLNUMBER, DATAID, PROCESS_INSTRUCTION ) values ( 'EVENT_E_TEST:((2)):EVENT_E_TEST_ERR:mz', 'SUSPECTFLAG', 68, 'SUSPECTFLAG', '' );
insert into Dataitem ( DATAFORMATID, DATANAME, COLNUMBER, DATAID, PROCESS_INSTRUCTION ) values ( 'EVENT_E_TEST:((2)):EVENT_E_TEST_ERR:mz', 'TAC', 27, 'TAC', 'key' );
insert into Dataitem ( DATAFORMATID, DATANAME, COLNUMBER, DATAID, PROCESS_INSTRUCTION ) values ( 'EVENT_E_TEST:((2)):EVENT_E_TEST_ERR:mz', 'TIMEZONE', 66, 'TIMEZONE', '' );
insert into Dataitem ( DATAFORMATID, DATANAME, COLNUMBER, DATAID, PROCESS_INSTRUCTION ) values ( 'EVENT_E_TEST:((2)):EVENT_E_TEST_ERR:mz', 'TRANSFERRED_PDP', 23, 'TRANSFERRED_PDP', 'key' );
insert into Dataitem ( DATAFORMATID, DATANAME, COLNUMBER, DATAID, PROCESS_INSTRUCTION ) values ( 'EVENT_E_TEST:((2)):EVENT_E_TEST_ERR:mz', 'UPDATE_TYPE', 24, 'UPDATE_TYPE', 'key' );
insert into Dataitem ( DATAFORMATID, DATANAME, COLNUMBER, DATAID, PROCESS_INSTRUCTION ) values ( 'EVENT_E_TEST:((2)):EVENT_E_TEST_ERR:mz', 'VENDOR', 67, 'VENDOR', '' );
insert into Dataitem ( DATAFORMATID, DATANAME, COLNUMBER, DATAID, PROCESS_INSTRUCTION ) values ( 'EVENT_E_TEST:((2)):EVENT_E_TEST_ERR:mz', 'YEAR_ID', 59, 'YEAR_ID', '' );
insert into Dataformat ( DATAFORMATID, TYPEID, VERSIONID, OBJECTTYPE, FOLDERNAME, DATAFORMATTYPE ) values ( 'EVENT_E_TEST:((2)):EVENT_E_TEST_SUC:mz', 'EVENT_E_TEST:((2)):EVENT_E_TEST_SUC', 'EVENT_E_TEST:((2))', 'Measurement', 'EVENT_E_TEST_SUC', 'mz' );
insert into Dataitem ( DATAFORMATID, DATANAME, COLNUMBER, DATAID, PROCESS_INSTRUCTION ) values ( 'EVENT_E_TEST:((2)):EVENT_E_TEST_SUC:mz', 'ACTIVATION_TYPE', 15, 'ACTIVATION_TYPE', 'key' );
insert into Dataitem ( DATAFORMATID, DATANAME, COLNUMBER, DATAID, PROCESS_INSTRUCTION ) values ( 'EVENT_E_TEST:((2)):EVENT_E_TEST_SUC:mz', 'APN', 30, 'APN', 'key' );
insert into Dataitem ( DATAFORMATID, DATANAME, COLNUMBER, DATAID, PROCESS_INSTRUCTION ) values ( 'EVENT_E_TEST:((2)):EVENT_E_TEST_SUC:mz', 'ATTACH_TYPE', 16, 'ATTACH_TYPE', 'key' );
insert into Dataitem ( DATAFORMATID, DATANAME, COLNUMBER, DATAID, PROCESS_INSTRUCTION ) values ( 'EVENT_E_TEST:((2)):EVENT_E_TEST_SUC:mz', 'BATCH_ID', 73, 'BATCH_ID', '' );
insert into Dataitem ( DATAFORMATID, DATANAME, COLNUMBER, DATAID, PROCESS_INSTRUCTION ) values ( 'EVENT_E_TEST:((2)):EVENT_E_TEST_SUC:mz', 'CAUSE_CODE', 13, 'CAUSE_CODE', 'key' );
insert into Dataitem ( DATAFORMATID, DATANAME, COLNUMBER, DATAID, PROCESS_INSTRUCTION ) values ( 'EVENT_E_TEST:((2)):EVENT_E_TEST_SUC:mz', 'CAUSE_PROT_TYPE', 39, 'CAUSE_PROT_TYPE', 'key' );
insert into Dataitem ( DATAFORMATID, DATANAME, COLNUMBER, DATAID, PROCESS_INSTRUCTION ) values ( 'EVENT_E_TEST:((2)):EVENT_E_TEST_SUC:mz', 'CELL_ID', 4, 'CELL_ID', 'key' );
insert into Dataitem ( DATAFORMATID, DATANAME, COLNUMBER, DATAID, PROCESS_INSTRUCTION ) values ( 'EVENT_E_TEST:((2)):EVENT_E_TEST_SUC:mz', 'DATE_ID', 58, 'DATE_ID', '' );
insert into Dataitem ( DATAFORMATID, DATANAME, COLNUMBER, DATAID, PROCESS_INSTRUCTION ) values ( 'EVENT_E_TEST:((2)):EVENT_E_TEST_SUC:mz', 'DATETIME_ID', 64, 'DATETIME_ID', '' );
insert into Dataitem ( DATAFORMATID, DATANAME, COLNUMBER, DATAID, PROCESS_INSTRUCTION ) values ( 'EVENT_E_TEST:((2)):EVENT_E_TEST_SUC:mz', 'DAY_ID', 61, 'DAY_ID', '' );
insert into Dataitem ( DATAFORMATID, DATANAME, COLNUMBER, DATAID, PROCESS_INSTRUCTION ) values ( 'EVENT_E_TEST:((2)):EVENT_E_TEST_SUC:mz', 'DEACTIVATION_TRIGGER', 17, 'DEACTIVATION_TRIGGER', 'key' );
insert into Dataitem ( DATAFORMATID, DATANAME, COLNUMBER, DATAID, PROCESS_INSTRUCTION ) values ( 'EVENT_E_TEST:((2)):EVENT_E_TEST_SUC:mz', 'DETACH_TRIGGER', 54, 'DETACH_TRIGGER', 'key' );
insert into Dataitem ( DATAFORMATID, DATANAME, COLNUMBER, DATAID, PROCESS_INSTRUCTION ) values ( 'EVENT_E_TEST:((2)):EVENT_E_TEST_SUC:mz', 'DETACH_TYPE', 53, 'DETACH_TYPE', 'key' );
insert into Dataitem ( DATAFORMATID, DATANAME, COLNUMBER, DATAID, PROCESS_INSTRUCTION ) values ( 'EVENT_E_TEST:((2)):EVENT_E_TEST_SUC:mz', 'DROPPED_PDP', 18, 'DROPPED_PDP', 'key' );
insert into Dataitem ( DATAFORMATID, DATANAME, COLNUMBER, DATAID, PROCESS_INSTRUCTION ) values ( 'EVENT_E_TEST:((2)):EVENT_E_TEST_SUC:mz', 'DURATION', 55, 'DURATION', 'key' );
insert into Dataitem ( DATAFORMATID, DATANAME, COLNUMBER, DATAID, PROCESS_INSTRUCTION ) values ( 'EVENT_E_TEST:((2)):EVENT_E_TEST_SUC:mz', 'EVENT_ID', 19, 'EVENT_ID', 'key' );
insert into Dataitem ( DATAFORMATID, DATANAME, COLNUMBER, DATAID, PROCESS_INSTRUCTION ) values ( 'EVENT_E_TEST:((2)):EVENT_E_TEST_SUC:mz', 'EVENT_RESULT', 20, 'EVENT_RESULT', 'key' );
insert into Dataitem ( DATAFORMATID, DATANAME, COLNUMBER, DATAID, PROCESS_INSTRUCTION ) values ( 'EVENT_E_TEST:((2)):EVENT_E_TEST_SUC:mz', 'EVENT_SOURCE_NAME', 56, 'EVENT_SOURCE_NAME', '' );
insert into Dataitem ( DATAFORMATID, DATANAME, COLNUMBER, DATAID, PROCESS_INSTRUCTION ) values ( 'EVENT_E_TEST:((2)):EVENT_E_TEST_SUC:mz', 'EVENT_TIME', 65, 'EVENT_TIME', '' );
insert into Dataitem ( DATAFORMATID, DATANAME, COLNUMBER, DATAID, PROCESS_INSTRUCTION ) values ( 'EVENT_E_TEST:((2)):EVENT_E_TEST_SUC:mz', 'GGSN_IPADDRESS', 34, 'GGSN_IPADDRESS', 'key' );
insert into Dataitem ( DATAFORMATID, DATANAME, COLNUMBER, DATAID, PROCESS_INSTRUCTION ) values ( 'EVENT_E_TEST:((2)):EVENT_E_TEST_SUC:mz', 'GGSN_NAME', 35, 'GGSN_NAME', 'key' );
insert into Dataitem ( DATAFORMATID, DATANAME, COLNUMBER, DATAID, PROCESS_INSTRUCTION ) values ( 'EVENT_E_TEST:((2)):EVENT_E_TEST_SUC:mz', 'HIERARCHY_1', 3, 'HIERARCHY_1', 'key' );
insert into Dataitem ( DATAFORMATID, DATANAME, COLNUMBER, DATAID, PROCESS_INSTRUCTION ) values ( 'EVENT_E_TEST:((2)):EVENT_E_TEST_SUC:mz', 'HIERARCHY_2', 2, 'HIERARCHY_2', 'key' );
insert into Dataitem ( DATAFORMATID, DATANAME, COLNUMBER, DATAID, PROCESS_INSTRUCTION ) values ( 'EVENT_E_TEST:((2)):EVENT_E_TEST_SUC:mz', 'HIERARCHY_3', 1, 'HIERARCHY_3', 'key' );
insert into Dataitem ( DATAFORMATID, DATANAME, COLNUMBER, DATAID, PROCESS_INSTRUCTION ) values ( 'EVENT_E_TEST:((2)):EVENT_E_TEST_SUC:mz', 'HLR', 25, 'HLR', 'key' );
insert into Dataitem ( DATAFORMATID, DATANAME, COLNUMBER, DATAID, PROCESS_INSTRUCTION ) values ( 'EVENT_E_TEST:((2)):EVENT_E_TEST_SUC:mz', 'HOMEZONE_IDENTITY', 31, 'HOMEZONE_IDENTITY', 'key' );
insert into Dataitem ( DATAFORMATID, DATANAME, COLNUMBER, DATAID, PROCESS_INSTRUCTION ) values ( 'EVENT_E_TEST:((2)):EVENT_E_TEST_SUC:mz', 'HOUR_ID', 62, 'HOUR_ID', '' );
insert into Dataitem ( DATAFORMATID, DATANAME, COLNUMBER, DATAID, PROCESS_INSTRUCTION ) values ( 'EVENT_E_TEST:((2)):EVENT_E_TEST_SUC:mz', 'IMEISV', 26, 'IMEISV', 'key' );
insert into Dataitem ( DATAFORMATID, DATANAME, COLNUMBER, DATAID, PROCESS_INSTRUCTION ) values ( 'EVENT_E_TEST:((2)):EVENT_E_TEST_SUC:mz', 'IMSI', 70, 'IMSI', '' );
insert into Dataitem ( DATAFORMATID, DATANAME, COLNUMBER, DATAID, PROCESS_INSTRUCTION ) values ( 'EVENT_E_TEST:((2)):EVENT_E_TEST_SUC:mz', 'IMSI_MCC', 28, 'IMSI_MCC', 'key' );
insert into Dataitem ( DATAFORMATID, DATANAME, COLNUMBER, DATAID, PROCESS_INSTRUCTION ) values ( 'EVENT_E_TEST:((2)):EVENT_E_TEST_SUC:mz', 'IMSI_MNC', 29, 'IMSI_MNC', 'key' );
insert into Dataitem ( DATAFORMATID, DATANAME, COLNUMBER, DATAID, PROCESS_INSTRUCTION ) values ( 'EVENT_E_TEST:((2)):EVENT_E_TEST_SUC:mz', 'INTRA_RAU_TYPE', 21, 'INTRA_RAU_TYPE', 'key' );
insert into Dataitem ( DATAFORMATID, DATANAME, COLNUMBER, DATAID, PROCESS_INSTRUCTION ) values ( 'EVENT_E_TEST:((2)):EVENT_E_TEST_SUC:mz', 'LAC', 7, 'LAC', 'key' );
insert into Dataitem ( DATAFORMATID, DATANAME, COLNUMBER, DATAID, PROCESS_INSTRUCTION ) values ( 'EVENT_E_TEST:((2)):EVENT_E_TEST_SUC:mz', 'LINKED_NSAPI', 40, 'LINKED_NSAPI', 'key' );
insert into Dataitem ( DATAFORMATID, DATANAME, COLNUMBER, DATAID, PROCESS_INSTRUCTION ) values ( 'EVENT_E_TEST:((2)):EVENT_E_TEST_SUC:mz', 'LOCAL_DATE_ID', 74, 'LOCAL_DATE_ID', '' );
insert into Dataitem ( DATAFORMATID, DATANAME, COLNUMBER, DATAID, PROCESS_INSTRUCTION ) values ( 'EVENT_E_TEST:((2)):EVENT_E_TEST_SUC:mz', 'MCC', 5, 'MCC', 'key' );
insert into Dataitem ( DATAFORMATID, DATANAME, COLNUMBER, DATAID, PROCESS_INSTRUCTION ) values ( 'EVENT_E_TEST:((2)):EVENT_E_TEST_SUC:mz', 'MIN_ID', 63, 'MIN_ID', '' );
insert into Dataitem ( DATAFORMATID, DATANAME, COLNUMBER, DATAID, PROCESS_INSTRUCTION ) values ( 'EVENT_E_TEST:((2)):EVENT_E_TEST_SUC:mz', 'MNC', 6, 'MNC', 'key' );
insert into Dataitem ( DATAFORMATID, DATANAME, COLNUMBER, DATAID, PROCESS_INSTRUCTION ) values ( 'EVENT_E_TEST:((2)):EVENT_E_TEST_SUC:mz', 'MONTH_ID', 60, 'MONTH_ID', '' );
insert into Dataitem ( DATAFORMATID, DATANAME, COLNUMBER, DATAID, PROCESS_INSTRUCTION ) values ( 'EVENT_E_TEST:((2)):EVENT_E_TEST_SUC:mz', 'MSISDN', 71, 'MSISDN', '' );
insert into Dataitem ( DATAFORMATID, DATANAME, COLNUMBER, DATAID, PROCESS_INSTRUCTION ) values ( 'EVENT_E_TEST:((2)):EVENT_E_TEST_SUC:mz', 'NE_VERSION', 69, 'NE_VERSION', '' );
insert into Dataitem ( DATAFORMATID, DATANAME, COLNUMBER, DATAID, PROCESS_INSTRUCTION ) values ( 'EVENT_E_TEST:((2)):EVENT_E_TEST_SUC:mz', 'OLD_LAC', 11, 'OLD_LAC', 'key' );
insert into Dataitem ( DATAFORMATID, DATANAME, COLNUMBER, DATAID, PROCESS_INSTRUCTION ) values ( 'EVENT_E_TEST:((2)):EVENT_E_TEST_SUC:mz', 'OLD_MCC', 9, 'OLD_MCC', 'key' );
insert into Dataitem ( DATAFORMATID, DATANAME, COLNUMBER, DATAID, PROCESS_INSTRUCTION ) values ( 'EVENT_E_TEST:((2)):EVENT_E_TEST_SUC:mz', 'OLD_MNC', 10, 'OLD_MNC', 'key' );
insert into Dataitem ( DATAFORMATID, DATANAME, COLNUMBER, DATAID, PROCESS_INSTRUCTION ) values ( 'EVENT_E_TEST:((2)):EVENT_E_TEST_SUC:mz', 'OLD_RAC', 12, 'OLD_RAC', 'key' );
insert into Dataitem ( DATAFORMATID, DATANAME, COLNUMBER, DATAID, PROCESS_INSTRUCTION ) values ( 'EVENT_E_TEST:((2)):EVENT_E_TEST_SUC:mz', 'OLD_SGSN_IPADDRESS', 37, 'OLD_SGSN_IPADDRESS', 'key' );
insert into Dataitem ( DATAFORMATID, DATANAME, COLNUMBER, DATAID, PROCESS_INSTRUCTION ) values ( 'EVENT_E_TEST:((2)):EVENT_E_TEST_SUC:mz', 'OSS_ID', 57, 'OSS_ID', '' );
insert into Dataitem ( DATAFORMATID, DATANAME, COLNUMBER, DATAID, PROCESS_INSTRUCTION ) values ( 'EVENT_E_TEST:((2)):EVENT_E_TEST_SUC:mz', 'PAGING_ATTEMPTS', 49, 'PAGING_ATTEMPTS', 'key' );
insert into Dataitem ( DATAFORMATID, DATANAME, COLNUMBER, DATAID, PROCESS_INSTRUCTION ) values ( 'EVENT_E_TEST:((2)):EVENT_E_TEST_SUC:mz', 'PDP_GGSN_IPADDRESS_1', 42, 'PDP_GGSN_IPADDRESS_1', 'key' );
insert into Dataitem ( DATAFORMATID, DATANAME, COLNUMBER, DATAID, PROCESS_INSTRUCTION ) values ( 'EVENT_E_TEST:((2)):EVENT_E_TEST_SUC:mz', 'PDP_GGSN_IPADDRESS_2', 46, 'PDP_GGSN_IPADDRESS_2', 'key' );
insert into Dataitem ( DATAFORMATID, DATANAME, COLNUMBER, DATAID, PROCESS_INSTRUCTION ) values ( 'EVENT_E_TEST:((2)):EVENT_E_TEST_SUC:mz', 'PDP_GGSN_NAME_1', 43, 'PDP_GGSN_NAME_1', 'key' );
insert into Dataitem ( DATAFORMATID, DATANAME, COLNUMBER, DATAID, PROCESS_INSTRUCTION ) values ( 'EVENT_E_TEST:((2)):EVENT_E_TEST_SUC:mz', 'PDP_GGSN_NAME_2', 47, 'PDP_GGSN_NAME_2', 'key' );
insert into Dataitem ( DATAFORMATID, DATANAME, COLNUMBER, DATAID, PROCESS_INSTRUCTION ) values ( 'EVENT_E_TEST:((2)):EVENT_E_TEST_SUC:mz', 'PDP_MS_IPADDRESS_1', 44, 'PDP_MS_IPADDRESS_1', 'key' );
insert into Dataitem ( DATAFORMATID, DATANAME, COLNUMBER, DATAID, PROCESS_INSTRUCTION ) values ( 'EVENT_E_TEST:((2)):EVENT_E_TEST_SUC:mz', 'PDP_MS_IPADDRESS_2', 48, 'PDP_MS_IPADDRESS_2', 'key' );
insert into Dataitem ( DATAFORMATID, DATANAME, COLNUMBER, DATAID, PROCESS_INSTRUCTION ) values ( 'EVENT_E_TEST:((2)):EVENT_E_TEST_SUC:mz', 'PDP_NSAPI_1', 41, 'PDP_NSAPI_1', 'key' );
insert into Dataitem ( DATAFORMATID, DATANAME, COLNUMBER, DATAID, PROCESS_INSTRUCTION ) values ( 'EVENT_E_TEST:((2)):EVENT_E_TEST_SUC:mz', 'PDP_NSAPI_2', 45, 'PDP_NSAPI_2', 'key' );
insert into Dataitem ( DATAFORMATID, DATANAME, COLNUMBER, DATAID, PROCESS_INSTRUCTION ) values ( 'EVENT_E_TEST:((2)):EVENT_E_TEST_SUC:mz', 'PTMSI', 33, 'PTMSI', 'key' );
insert into Dataitem ( DATAFORMATID, DATANAME, COLNUMBER, DATAID, PROCESS_INSTRUCTION ) values ( 'EVENT_E_TEST:((2)):EVENT_E_TEST_SUC:mz', 'RAC', 8, 'RAC', 'key' );
insert into Dataitem ( DATAFORMATID, DATANAME, COLNUMBER, DATAID, PROCESS_INSTRUCTION ) values ( 'EVENT_E_TEST:((2)):EVENT_E_TEST_SUC:mz', 'RAT', 22, 'RAT', 'key' );
insert into Dataitem ( DATAFORMATID, DATANAME, COLNUMBER, DATAID, PROCESS_INSTRUCTION ) values ( 'EVENT_E_TEST:((2)):EVENT_E_TEST_SUC:mz', 'REQUEST_RETRIES', 51, 'REQUEST_RETRIES', 'key' );
insert into Dataitem ( DATAFORMATID, DATANAME, COLNUMBER, DATAID, PROCESS_INSTRUCTION ) values ( 'EVENT_E_TEST:((2)):EVENT_E_TEST_SUC:mz', 'ROAMING', 38, 'ROAMING', 'key' );
insert into Dataitem ( DATAFORMATID, DATANAME, COLNUMBER, DATAID, PROCESS_INSTRUCTION ) values ( 'EVENT_E_TEST:((2)):EVENT_E_TEST_SUC:mz', 'SAC', 32, 'SAC', 'key' );
insert into Dataitem ( DATAFORMATID, DATANAME, COLNUMBER, DATAID, PROCESS_INSTRUCTION ) values ( 'EVENT_E_TEST:((2)):EVENT_E_TEST_SUC:mz', 'SERVICE_REQ_TRIGGER', 50, 'SERVICE_REQ_TRIGGER', 'key' );
insert into Dataitem ( DATAFORMATID, DATANAME, COLNUMBER, DATAID, PROCESS_INSTRUCTION ) values ( 'EVENT_E_TEST:((2)):EVENT_E_TEST_SUC:mz', 'SERVICE_TYPE', 52, 'SERVICE_TYPE', 'key' );
insert into Dataitem ( DATAFORMATID, DATANAME, COLNUMBER, DATAID, PROCESS_INSTRUCTION ) values ( 'EVENT_E_TEST:((2)):EVENT_E_TEST_SUC:mz', 'SESSION_ID', 72, 'SESSION_ID', '' );
insert into Dataitem ( DATAFORMATID, DATANAME, COLNUMBER, DATAID, PROCESS_INSTRUCTION ) values ( 'EVENT_E_TEST:((2)):EVENT_E_TEST_SUC:mz', 'SGSN_IPADDRESS', 36, 'SGSN_IPADDRESS', 'key' );
insert into Dataitem ( DATAFORMATID, DATANAME, COLNUMBER, DATAID, PROCESS_INSTRUCTION ) values ( 'EVENT_E_TEST:((2)):EVENT_E_TEST_SUC:mz', 'SUBCAUSE_CODE', 14, 'SUBCAUSE_CODE', 'key' );
insert into Dataitem ( DATAFORMATID, DATANAME, COLNUMBER, DATAID, PROCESS_INSTRUCTION ) values ( 'EVENT_E_TEST:((2)):EVENT_E_TEST_SUC:mz', 'SUSPECTFLAG', 68, 'SUSPECTFLAG', '' );
insert into Dataitem ( DATAFORMATID, DATANAME, COLNUMBER, DATAID, PROCESS_INSTRUCTION ) values ( 'EVENT_E_TEST:((2)):EVENT_E_TEST_SUC:mz', 'TAC', 27, 'TAC', 'key' );
insert into Dataitem ( DATAFORMATID, DATANAME, COLNUMBER, DATAID, PROCESS_INSTRUCTION ) values ( 'EVENT_E_TEST:((2)):EVENT_E_TEST_SUC:mz', 'TIMEZONE', 66, 'TIMEZONE', '' );
insert into Dataitem ( DATAFORMATID, DATANAME, COLNUMBER, DATAID, PROCESS_INSTRUCTION ) values ( 'EVENT_E_TEST:((2)):EVENT_E_TEST_SUC:mz', 'TRANSFERRED_PDP', 23, 'TRANSFERRED_PDP', 'key' );
insert into Dataitem ( DATAFORMATID, DATANAME, COLNUMBER, DATAID, PROCESS_INSTRUCTION ) values ( 'EVENT_E_TEST:((2)):EVENT_E_TEST_SUC:mz', 'UPDATE_TYPE', 24, 'UPDATE_TYPE', 'key' );
insert into Dataitem ( DATAFORMATID, DATANAME, COLNUMBER, DATAID, PROCESS_INSTRUCTION ) values ( 'EVENT_E_TEST:((2)):EVENT_E_TEST_SUC:mz', 'VENDOR', 67, 'VENDOR', '' );
insert into Dataitem ( DATAFORMATID, DATANAME, COLNUMBER, DATAID, PROCESS_INSTRUCTION ) values ( 'EVENT_E_TEST:((2)):EVENT_E_TEST_SUC:mz', 'YEAR_ID', 59, 'YEAR_ID', '' );
insert into Externalstatement ( VERSIONID, STATEMENTNAME, EXECUTIONORDER, DBCONNECTION, STATEMENT, BASEDEF ) values ( 'EVENT_E_TEST:((2))', 'copy_GROUP_CC_SCC', 1, 'dwh', 'IF (select count(*) from sys.syscolumns where tname=''GROUP_TYPE_E_CAUSE_CODE_SUBCAUSE_CODE'') > 1
BEGIN
	INSERT INTO GROUP_TYPE_E_CPT_CC_SCC (GROUP_NAME, CAUSE_PROT_TYPE, CAUSE_CODE, SUBCAUSE_CODE) (
		select GROUP_NAME, 1, CAUSE_CODE, SUBCAUSE_CODE from GROUP_TYPE_E_CAUSE_CODE_SUBCAUSE_CODE
	)
	DROP TABLE GROUP_TYPE_E_CAUSE_CODE_SUBCAUSE_CODE
END
', 0 );
insert into Universename ( VERSIONID, UNIVERSENAME, UNIVERSEEXTENSION, ORDERNRO, UNIVERSEEXTENSIONNAME ) values ( 'EVENT_E_TEST:((2))', '', '', null, '' );
insert into Grouptypes ( GROUPTYPE, VERSIONID, DATANAME, DATATYPE, DATASIZE, DATASCALE, NULLABLE ) values ( 'IMSI', 'EVENT_E_TEST:((2))', 'IMSI', 'unsigned bigint', 0, 0, 0 );
insert into Grouptypes ( GROUPTYPE, VERSIONID, DATANAME, DATATYPE, DATASIZE, DATASCALE, NULLABLE ) values ( 'MCC_MNC', 'EVENT_E_TEST:((2))', 'MCC', 'varchar', 3, 0, 0 );
insert into Grouptypes ( GROUPTYPE, VERSIONID, DATANAME, DATATYPE, DATASIZE, DATASCALE, NULLABLE ) values ( 'MCC_MNC', 'EVENT_E_TEST:((2))', 'MNC', 'varchar', 3, 0, 0 );
--end:dwhrep