insert into Versioning ( VERSIONID, DESCRIPTION, STATUS, TECHPACK_NAME, TECHPACK_VERSION, TECHPACK_TYPE, PRODUCT_NUMBER, LOCKEDBY, LOCKDATE, BASEDEFINITION, BASEVERSION, INSTALLDESCRIPTION, UNIVERSENAME, UNIVERSEEXTENSION, ENIQ_LEVEL, LICENSENAME ) values ( 'DC_E_TEST:((2))', 'Ericsson ERBS', 1, 'DC_E_TEST', 'R9B', 'PM', 'COA 252 159/1', null, null, 'TP_TEST:TEST_TP_1', null, '', null, null, '11', 'CXC4010777' );
insert into Supportedvendorrelease ( VERSIONID, VENDORRELEASE ) values ( 'DC_E_TEST:((2))', 'L10A' );
insert into Supportedvendorrelease ( VERSIONID, VENDORRELEASE ) values ( 'DC_E_TEST:((2))', 'L10B' );
insert into Supportedvendorrelease ( VERSIONID, VENDORRELEASE ) values ( 'DC_E_TEST:((2))', 'L11A' );
insert into Supportedvendorrelease ( VERSIONID, VENDORRELEASE ) values ( 'DC_E_TEST:((2))', 'L11B' );
insert into Measurementtypeclass ( TYPECLASSID, VERSIONID, DESCRIPTION ) values ( 'DC_E_TEST:((2)):DC_E_TEST_', 'DC_E_TEST:((2))', '' );
insert into Measurementtype ( TYPEID, TYPECLASSID, TYPENAME, VENDORID, FOLDERNAME, DESCRIPTION, STATUS, VERSIONID, OBJECTID, OBJECTNAME, OBJECTVERSION, OBJECTTYPE, JOINABLE, SIZING, TOTALAGG, ELEMENTBHSUPPORT, RANKINGTABLE, DELTACALCSUPPORT, PLAINTABLE, UNIVERSEEXTENSION, VECTORSUPPORT, DATAFORMATSUPPORT, FOLLOWJOHN, ONEMINAGG, FIFTEENMINAGG, EVENTSCALCTABLE, MIXEDPARTITIONSTABLE, LOADFILE_DUP_CHECK ) values ( 'DC_E_TEST:((2)):DC_E_TEST_ELEMBH', 'DC_E_TEST:((2)):DC_E_TEST_', 'DC_E_TEST_ELEMBH', 'DC_E_TEST', 'DC_E_TEST_ELEMBH', '', null, 'DC_E_TEST:((2))', 'DC_E_TEST:((2)):DC_E_TEST_ELEMBH', 'DC_E_TEST_ELEMBH', null, null, '', 'large', 0, 1, 1, 0, 0, 'ALL', 0, 0, null, null, null, null, null, null );
insert into Measurementkey ( TYPEID, DATANAME, DESCRIPTION, ISELEMENT, UNIQUEKEY, COLNUMBER, DATATYPE, DATASIZE, DATASCALE, UNIQUEVALUE, NULLABLE, INDEXES, INCLUDESQL, UNIVOBJECT, JOINABLE, DATAID ) values ( 'DC_E_TEST:((2)):DC_E_TEST_ELEMBH', 'ELEMENT_NAME', 'Element Name', 0, 1, 3, 'varchar', 128, 0, 255, 1, 'HG', 1, 'ELEMENT_NAME', null, null );
insert into Measurementkey ( TYPEID, DATANAME, DESCRIPTION, ISELEMENT, UNIQUEKEY, COLNUMBER, DATATYPE, DATASIZE, DATASCALE, UNIQUEVALUE, NULLABLE, INDEXES, INCLUDESQL, UNIVOBJECT, JOINABLE, DATAID ) values ( 'DC_E_TEST:((2)):DC_E_TEST_ELEMBH', 'ELEMENT_TYPE', 'Element Type', 0, 1, 4, 'varchar', 50, 0, 255, 1, 'HG', 1, 'ELEMENT_TYPE', null, null );
insert into Measurementkey ( TYPEID, DATANAME, DESCRIPTION, ISELEMENT, UNIQUEKEY, COLNUMBER, DATATYPE, DATASIZE, DATASCALE, UNIQUEVALUE, NULLABLE, INDEXES, INCLUDESQL, UNIVOBJECT, JOINABLE, DATAID ) values ( 'DC_E_TEST:((2)):DC_E_TEST_ELEMBH', 'ERBS', 'ERBS', 1, 1, 2, 'varchar', 35, 0, 255, 1, 'HG', 1, 'ERBS', null, null );
insert into Measurementkey ( TYPEID, DATANAME, DESCRIPTION, ISELEMENT, UNIQUEKEY, COLNUMBER, DATATYPE, DATASIZE, DATASCALE, UNIQUEVALUE, NULLABLE, INDEXES, INCLUDESQL, UNIVOBJECT, JOINABLE, DATAID ) values ( 'DC_E_TEST:((2)):DC_E_TEST_ELEMBH', 'OSS_ID', 'OSS Id', 0, 1, 1, 'varchar', 50, 0, 255, 1, 'HG', 1, 'OSS Id', null, null );
insert into Measurementtable ( MTABLEID, TABLELEVEL, TYPEID, BASETABLENAME, DEFAULT_TEMPLATE, PARTITIONPLAN ) values ( 'DC_E_TEST:((2)):DC_E_TEST_ELEMBH:RANKBH', 'RANKBH', 'DC_E_TEST:((2)):DC_E_TEST_ELEMBH', 'DC_E_TEST_ELEMBH_RANKBH', null, 'large_rankbh' );
insert into Measurementcolumn ( MTABLEID, DATANAME, COLNUMBER, DATATYPE, DATASIZE, DATASCALE, UNIQUEVALUE, NULLABLE, INDEXES, DESCRIPTION, DATAID, RELEASEID, UNIQUEKEY, INCLUDESQL, COLTYPE, FOLLOWJOHN ) values ( 'DC_E_TEST:((2)):DC_E_TEST_ELEMBH:RANKBH', 'OSS_ID', 1, 'varchar', 50, 0, 255, 1, 'HG', 'OSS Id', 'OSS_ID', 'DC_E_TEST:((SAIJA))', 1, 1, 'KEY', null );
insert into Measurementcolumn ( MTABLEID, DATANAME, COLNUMBER, DATATYPE, DATASIZE, DATASCALE, UNIQUEVALUE, NULLABLE, INDEXES, DESCRIPTION, DATAID, RELEASEID, UNIQUEKEY, INCLUDESQL, COLTYPE, FOLLOWJOHN ) values ( 'DC_E_TEST:((2)):DC_E_TEST_ELEMBH:RANKBH', 'ERBS', 2, 'varchar', 35, 0, 255, 1, 'HG', 'ERBS', 'ERBS', 'DC_E_TEST:((SAIJA))', 1, 1, 'KEY', null );
insert into Measurementcolumn ( MTABLEID, DATANAME, COLNUMBER, DATATYPE, DATASIZE, DATASCALE, UNIQUEVALUE, NULLABLE, INDEXES, DESCRIPTION, DATAID, RELEASEID, UNIQUEKEY, INCLUDESQL, COLTYPE, FOLLOWJOHN ) values ( 'DC_E_TEST:((2)):DC_E_TEST_ELEMBH:RANKBH', 'ELEMENT_NAME', 3, 'varchar', 128, 0, 255, 1, 'HG', 'Element Name', 'ELEMENT_NAME', 'DC_E_TEST:((SAIJA))', 1, 1, 'KEY', null );
insert into Measurementcolumn ( MTABLEID, DATANAME, COLNUMBER, DATATYPE, DATASIZE, DATASCALE, UNIQUEVALUE, NULLABLE, INDEXES, DESCRIPTION, DATAID, RELEASEID, UNIQUEKEY, INCLUDESQL, COLTYPE, FOLLOWJOHN ) values ( 'DC_E_TEST:((2)):DC_E_TEST_ELEMBH:RANKBH', 'ELEMENT_TYPE', 4, 'varchar', 50, 0, 255, 1, 'HG', 'Element Type', 'ELEMENT_TYPE', 'DC_E_TEST:((SAIJA))', 1, 1, 'KEY', null );
insert into Measurementcolumn ( MTABLEID, DATANAME, COLNUMBER, DATATYPE, DATASIZE, DATASCALE, UNIQUEVALUE, NULLABLE, INDEXES, DESCRIPTION, DATAID, RELEASEID, UNIQUEKEY, INCLUDESQL, COLTYPE, FOLLOWJOHN ) values ( 'DC_E_TEST:((2)):DC_E_TEST_ELEMBH:RANKBH', 'DATE_ID', 5, 'date', 0, 0, 255, 1, 'LF', '', 'DATE_ID', 'BASE_TP_090421', 1, 0, 'PUBLICKEY', null );
insert into Measurementcolumn ( MTABLEID, DATANAME, COLNUMBER, DATATYPE, DATASIZE, DATASCALE, UNIQUEVALUE, NULLABLE, INDEXES, DESCRIPTION, DATAID, RELEASEID, UNIQUEKEY, INCLUDESQL, COLTYPE, FOLLOWJOHN ) values ( 'DC_E_TEST:((2)):DC_E_TEST_ELEMBH:RANKBH', 'BHTYPE', 6, 'varchar', 50, 0, 20, 1, 'LF', '', 'BHTYPE', 'BASE_TP_090421', 1, 0, 'PUBLICKEY', null );
insert into Measurementcolumn ( MTABLEID, DATANAME, COLNUMBER, DATATYPE, DATASIZE, DATASCALE, UNIQUEVALUE, NULLABLE, INDEXES, DESCRIPTION, DATAID, RELEASEID, UNIQUEKEY, INCLUDESQL, COLTYPE, FOLLOWJOHN ) values ( 'DC_E_TEST:((2)):DC_E_TEST_ELEMBH:RANKBH', 'ROWSTATUS', 7, 'varchar', 16, 0, 10, 1, '', '', 'ROWSTATUS', 'BASE_TP_090421', 0, 1, 'PUBLICKEY', null );
insert into Measurementtypeclass ( TYPECLASSID, VERSIONID, DESCRIPTION ) values ( 'DC_E_TEST:((2)):DC_E_TEST_ENodeBFunction', 'DC_E_TEST:((2))', 'ENodeBFunction' );
insert into Measurementtype ( TYPEID, TYPECLASSID, TYPENAME, VENDORID, FOLDERNAME, DESCRIPTION, STATUS, VERSIONID, OBJECTID, OBJECTNAME, OBJECTVERSION, OBJECTTYPE, JOINABLE, SIZING, TOTALAGG, ELEMENTBHSUPPORT, RANKINGTABLE, DELTACALCSUPPORT, PLAINTABLE, UNIVERSEEXTENSION, VECTORSUPPORT, DATAFORMATSUPPORT, FOLLOWJOHN, ONEMINAGG, FIFTEENMINAGG, EVENTSCALCTABLE, MIXEDPARTITIONSTABLE, LOADFILE_DUP_CHECK ) values ( 'DC_E_TEST:((2)):DC_E_TEST_ENODEBFUNCTION', 'DC_E_TEST:((2)):DC_E_TEST_ENodeBFunction', 'DC_E_TEST_ENODEBFUNCTION', 'DC_E_TEST', 'DC_E_TEST_ENODEBFUNCTION', '', null, 'DC_E_TEST:((2))', 'DC_E_TEST:((2)):DC_E_TEST_ENODEBFUNCTION', 'DC_E_TEST_ENODEBFUNCTION', null, null, '', 'medium', 1, 1, 0, 0, 0, 'ALL', null, 1, null, null, null, null, null, null );
insert into Measurementkey ( TYPEID, DATANAME, DESCRIPTION, ISELEMENT, UNIQUEKEY, COLNUMBER, DATATYPE, DATASIZE, DATASCALE, UNIQUEVALUE, NULLABLE, INDEXES, INCLUDESQL, UNIVOBJECT, JOINABLE, DATAID ) values ( 'DC_E_TEST:((2)):DC_E_TEST_ENODEBFUNCTION', 'MOID', 'Managed Object Id.', 1, 1, 1, 'varchar', 255, 0, 255, 0, 'HG', 1, 'MOID', 0, 'MOID' );
insert into Measurementcounter ( TYPEID, DATANAME, DESCRIPTION, TIMEAGGREGATION, GROUPAGGREGATION, COUNTAGGREGATION, COLNUMBER, DATATYPE, DATASIZE, DATASCALE, INCLUDESQL, UNIVOBJECT, UNIVCLASS, COUNTERTYPE, COUNTERPROCESS, DATAID, FOLLOWJOHN ) values ( 'DC_E_TEST:((2)):DC_E_TEST_ENODEBFUNCTION', 'pmPdcpPktDiscDlEth', '"pmPdcpPktDiscDlEth: Total number of downlink DRB packets (PDCP SDUs) discarded in the Ethernet part of the eNB.
 Condition: Discarded PDCP SDUs in the Ethernet part between GTP-u and PDCP layer.
 Counter is reset after measurement period: Yes
 Counter type: ACC
 Sampling rate: -
 Scanner: Primary
 Unit: -"', 'SUM', 'SUM', '', 1, 'numeric', 18, 0, 1, 'pmPdcpPktDiscDlEth', '', 'PEG', 'PEG', 'pmPdcpPktDiscDlEth', null );
insert into Measurementtable ( MTABLEID, TABLELEVEL, TYPEID, BASETABLENAME, DEFAULT_TEMPLATE, PARTITIONPLAN ) values ( 'DC_E_TEST:((2)):DC_E_TEST_ENODEBFUNCTION:RAW', 'RAW', 'DC_E_TEST:((2)):DC_E_TEST_ENODEBFUNCTION', 'DC_E_TEST_ENODEBFUNCTION_RAW', null, 'medium_raw' );
insert into Measurementcolumn ( MTABLEID, DATANAME, COLNUMBER, DATATYPE, DATASIZE, DATASCALE, UNIQUEVALUE, NULLABLE, INDEXES, DESCRIPTION, DATAID, RELEASEID, UNIQUEKEY, INCLUDESQL, COLTYPE, FOLLOWJOHN ) values ( 'DC_E_TEST:((2)):DC_E_TEST_ENODEBFUNCTION:RAW', 'MOID', 1, 'varchar', 255, 0, 255, 0, 'HG', 'Managed Object Id.', 'MOID', 'DC_E_TEST:((1))', 1, 1, 'KEY', null );
insert into Measurementcolumn ( MTABLEID, DATANAME, COLNUMBER, DATATYPE, DATASIZE, DATASCALE, UNIQUEVALUE, NULLABLE, INDEXES, DESCRIPTION, DATAID, RELEASEID, UNIQUEKEY, INCLUDESQL, COLTYPE, FOLLOWJOHN ) values ( 'DC_E_TEST:((2)):DC_E_TEST_ENODEBFUNCTION:RAW', 'DATE_ID', 2, 'date', 0, 0, 255, 1, 'LF', '', 'DATE_ID', 'BASE_TP_090421', 0, 0, 'PUBLICKEY', null );
insert into Measurementcolumn ( MTABLEID, DATANAME, COLNUMBER, DATATYPE, DATASIZE, DATASCALE, UNIQUEVALUE, NULLABLE, INDEXES, DESCRIPTION, DATAID, RELEASEID, UNIQUEKEY, INCLUDESQL, COLTYPE, FOLLOWJOHN ) values ( 'DC_E_TEST:((2)):DC_E_TEST_ENODEBFUNCTION:RAW', 'ROWSTATUS', 3, 'varchar', 16, 0, 10, 1, '', '', 'ROWSTATUS', 'BASE_TP_090421', 0, 1, 'PUBLICKEY', null );
insert into Measurementcolumn ( MTABLEID, DATANAME, COLNUMBER, DATATYPE, DATASIZE, DATASCALE, UNIQUEVALUE, NULLABLE, INDEXES, DESCRIPTION, DATAID, RELEASEID, UNIQUEKEY, INCLUDESQL, COLTYPE, FOLLOWJOHN ) values ( 'DC_E_TEST:((2)):DC_E_TEST_ENODEBFUNCTION:RAW', 'pmPdcpPktDiscDlEth', 4, 'numeric', 18, 0, 255, 1, '', '"pmPdcpPktDiscDlEth: Total number of downlink DRB packets (PDCP SDUs) discarded in the Ethernet part of the eNB.
 Condition: Discarded PDCP SDUs in the Ethernet part between GTP-u and PDCP layer.
 Counter is reset after measurement period: Yes
 Counter type: ACC
 Sampling rate: -
 Scanner: Primary
 Unit: -"', 'pmPdcpPktDiscDlEth', 'DC_E_TEST:((1))', 0, 1, 'COUNTER', null );
insert into Measurementtable ( MTABLEID, TABLELEVEL, TYPEID, BASETABLENAME, DEFAULT_TEMPLATE, PARTITIONPLAN ) values ( 'DC_E_TEST:((2)):DC_E_TEST_ENODEBFUNCTION:DAY', 'DAY', 'DC_E_TEST:((2)):DC_E_TEST_ENODEBFUNCTION', 'DC_E_TEST_ENODEBFUNCTION_DAY', null, 'medium_day' );
insert into Measurementcolumn ( MTABLEID, DATANAME, COLNUMBER, DATATYPE, DATASIZE, DATASCALE, UNIQUEVALUE, NULLABLE, INDEXES, DESCRIPTION, DATAID, RELEASEID, UNIQUEKEY, INCLUDESQL, COLTYPE, FOLLOWJOHN ) values ( 'DC_E_TEST:((2)):DC_E_TEST_ENODEBFUNCTION:DAY', 'MOID', 1, 'varchar', 255, 0, 255, 0, 'HG', 'Managed Object Id.', 'MOID', 'DC_E_TEST:((1))', 1, 1, 'KEY', null );
insert into Measurementcolumn ( MTABLEID, DATANAME, COLNUMBER, DATATYPE, DATASIZE, DATASCALE, UNIQUEVALUE, NULLABLE, INDEXES, DESCRIPTION, DATAID, RELEASEID, UNIQUEKEY, INCLUDESQL, COLTYPE, FOLLOWJOHN ) values ( 'DC_E_TEST:((2)):DC_E_TEST_ENODEBFUNCTION:DAY', 'DATE_ID', 2, 'date', 0, 0, 255, 1, 'LF', '', 'DATE_ID', 'BASE_TP_090421', 1, 1, 'PUBLICKEY', null );
insert into Measurementcolumn ( MTABLEID, DATANAME, COLNUMBER, DATATYPE, DATASIZE, DATASCALE, UNIQUEVALUE, NULLABLE, INDEXES, DESCRIPTION, DATAID, RELEASEID, UNIQUEKEY, INCLUDESQL, COLTYPE, FOLLOWJOHN ) values ( 'DC_E_TEST:((2)):DC_E_TEST_ENODEBFUNCTION:DAY', 'ROWSTATUS', 3, 'varchar', 16, 0, 10, 1, '', '', 'ROWSTATUS', 'BASE_TP_090421', 0, 1, 'PUBLICKEY', null );
insert into Measurementcolumn ( MTABLEID, DATANAME, COLNUMBER, DATATYPE, DATASIZE, DATASCALE, UNIQUEVALUE, NULLABLE, INDEXES, DESCRIPTION, DATAID, RELEASEID, UNIQUEKEY, INCLUDESQL, COLTYPE, FOLLOWJOHN ) values ( 'DC_E_TEST:((2)):DC_E_TEST_ENODEBFUNCTION:DAY', 'pmPdcpPktDiscDlEth', 4, 'numeric', 18, 0, 255, 1, '', '"pmPdcpPktDiscDlEth: Total number of downlink DRB packets (PDCP SDUs) discarded in the Ethernet part of the eNB.
 Condition: Discarded PDCP SDUs in the Ethernet part between GTP-u and PDCP layer.
 Counter is reset after measurement period: Yes
 Counter type: ACC
 Sampling rate: -
 Scanner: Primary
 Unit: -"', 'pmPdcpPktDiscDlEth', 'DC_E_TEST:((1))', 0, 1, 'COUNTER', null );
insert into Measurementtype ( TYPEID, TYPECLASSID, TYPENAME, VENDORID, FOLDERNAME, DESCRIPTION, STATUS, VERSIONID, OBJECTID, OBJECTNAME, OBJECTVERSION, OBJECTTYPE, JOINABLE, SIZING, TOTALAGG, ELEMENTBHSUPPORT, RANKINGTABLE, DELTACALCSUPPORT, PLAINTABLE, UNIVERSEEXTENSION, VECTORSUPPORT, DATAFORMATSUPPORT, FOLLOWJOHN, ONEMINAGG, FIFTEENMINAGG, EVENTSCALCTABLE, MIXEDPARTITIONSTABLE, LOADFILE_DUP_CHECK ) values ( 'DC_E_TEST:((2)):DC_E_TEST_ENODEBFUNCTION_V', 'DC_E_TEST:((2)):DC_E_TEST_ENodeBFunction', 'DC_E_TEST_ENODEBFUNCTION_V', 'DC_E_TEST', 'DC_E_TEST_ENODEBFUNCTION_V', '', null, 'DC_E_TEST:((2))', 'DC_E_TEST:((2)):DC_E_TEST_ENODEBFUNCTION_V', 'DC_E_TEST_ENODEBFUNCTION_V', null, null, '', 'extralarge', 1, 1, 0, 0, 0, 'ALL', 1, 1, null, null, null, null, null, null );
insert into Measurementkey ( TYPEID, DATANAME, DESCRIPTION, ISELEMENT, UNIQUEKEY, COLNUMBER, DATATYPE, DATASIZE, DATASCALE, UNIQUEVALUE, NULLABLE, INDEXES, INCLUDESQL, UNIVOBJECT, JOINABLE, DATAID ) values ( 'DC_E_TEST:((2)):DC_E_TEST_ENODEBFUNCTION_V', 'DCVECTOR_INDEX', 'Vector index', 0, 1, 7, 'integer', 0, 0, 255, 1, 'HG', 1, 'DCVECTOR_INDEX', 0, null );
insert into Measurementkey ( TYPEID, DATANAME, DESCRIPTION, ISELEMENT, UNIQUEKEY, COLNUMBER, DATATYPE, DATASIZE, DATASCALE, UNIQUEVALUE, NULLABLE, INDEXES, INCLUDESQL, UNIVOBJECT, JOINABLE, DATAID ) values ( 'DC_E_TEST:((2)):DC_E_TEST_ENODEBFUNCTION_V', 'MOID', 'Managed Object Id', 1, 1, 8, 'varchar', 255, 0, 255, 0, 'HG', 1, 'MOID', 0, 'MOID' );
insert into Measurementcounter ( TYPEID, DATANAME, DESCRIPTION, TIMEAGGREGATION, GROUPAGGREGATION, COUNTAGGREGATION, COLNUMBER, DATATYPE, DATASIZE, DATASCALE, INCLUDESQL, UNIVOBJECT, UNIVCLASS, COUNTERTYPE, COUNTERPROCESS, DATAID, FOLLOWJOHN ) values ( 'DC_E_TEST:((2)):DC_E_TEST_ENODEBFUNCTION_V', 'pmHwUtilDl', '"pmHwUtilDl: PDF for hardware utilization in the downlink direction.  PDF ranges: [0]: [0..5]%, [1]: ]5..10]%, [2]: ]10..15]%, [3]: ]15..20]%, [4]: ]20..25]%, [5]: ]25..30]%, [6]: ]30..35]%, [7]: ]35..40]%, [8]: ]40..45]%, [9]: ]45..50]%, [10]: ]50..55]%, [11]: ]55..60]%, [12]: ]60..65]%, [13]: ]65..70]%, [14]: ]70..75]%, [15]: ]75..80]%, [16]: ]80..85]%, [17]: ]85..90]%, [18]: ]90..95]%, [19]: ]95..100]%  Condition: The PDF shall be updated each TTI with the percentage of hardware resources used.  Counter is reset after measurement period: Yes  Counter type: PDF   Scanner: Not included in any predefined scanner  Unit: %"', 'SUM', 'SUM', 'GAUGE', 3, 'numeric', 18, 0, 1, 'pmHwUtilDl', '', 'VECTOR', 'VECTOR', 'pmHwUtilDl', null );
insert into Measurementcounter ( TYPEID, DATANAME, DESCRIPTION, TIMEAGGREGATION, GROUPAGGREGATION, COUNTAGGREGATION, COLNUMBER, DATATYPE, DATASIZE, DATASCALE, INCLUDESQL, UNIVOBJECT, UNIVCLASS, COUNTERTYPE, COUNTERPROCESS, DATAID, FOLLOWJOHN ) values ( 'DC_E_TEST:((2)):DC_E_TEST_ENODEBFUNCTION_V', 'pmHwUtilUl', '"pmHwUtilUl: PDF for hardware utilization in the uplink direction.

PDF ranges:
[0]: [0..5]%,
[1]: ]5..10]%,
[2]: ]10..15]%,
[3]: ]15..20]%,
[4]: ]20..25]%,
[5]: ]25..30]%,
[6]: ]30..35]%,
[7]: ]35..40]%,
[8]: ]40..45]%,
[9]: ]45..50]%,
[10]: ]50..55]%,
[11]: ]55..60]%,
[12]: ]60..65]%,
[13]: ]65..70]%,
[14]: ]70..75]%,
[15]: ]75..80]%,
[16]: ]80..85]%,
[17]: ]85..90]%,
[18]: ]90..95]%,
[19]: ]95..100]%

Condition: The PDF shall be updated each TTI with the percentage of PDCCH resources used.

Counter is reset after measurement period: Yes

Counter type: PDF 

Scanner: Not included in any predefined scanner

Unit: %"', 'SUM', 'SUM', 'GAUGE', 4, 'numeric', 18, 0, 1, 'pmHwUtilUl', '', 'VECTOR', 'VECTOR', 'pmHwUtilUl', null );
insert into Measurementvector ( TYPEID, DATANAME, VENDORRELEASE, VINDEX, VFROM, VTO, MEASURE, QUANTITY ) values ( 'DC_E_TEST:((2)):DC_E_TEST_ENODEBFUNCTION_V', 'pmHwUtilDl', 'L10A', 0, '0', '5', '%', null );
insert into Measurementvector ( TYPEID, DATANAME, VENDORRELEASE, VINDEX, VFROM, VTO, MEASURE, QUANTITY ) values ( 'DC_E_TEST:((2)):DC_E_TEST_ENODEBFUNCTION_V', 'pmHwUtilDl', 'L10A', 1, '5', '10', '%', null );
insert into Measurementvector ( TYPEID, DATANAME, VENDORRELEASE, VINDEX, VFROM, VTO, MEASURE, QUANTITY ) values ( 'DC_E_TEST:((2)):DC_E_TEST_ENODEBFUNCTION_V', 'pmHwUtilDl', 'L10A', 2, '10', '15', '%', null );
insert into Measurementvector ( TYPEID, DATANAME, VENDORRELEASE, VINDEX, VFROM, VTO, MEASURE, QUANTITY ) values ( 'DC_E_TEST:((2)):DC_E_TEST_ENODEBFUNCTION_V', 'pmHwUtilDl', 'L10A', 3, '15', '20', '%', null );
insert into Measurementvector ( TYPEID, DATANAME, VENDORRELEASE, VINDEX, VFROM, VTO, MEASURE, QUANTITY ) values ( 'DC_E_TEST:((2)):DC_E_TEST_ENODEBFUNCTION_V', 'pmHwUtilDl', 'L10A', 4, '20', '25', '%', null );
insert into Measurementvector ( TYPEID, DATANAME, VENDORRELEASE, VINDEX, VFROM, VTO, MEASURE, QUANTITY ) values ( 'DC_E_TEST:((2)):DC_E_TEST_ENODEBFUNCTION_V', 'pmHwUtilDl', 'L10A', 5, '25', '30', '%', null );
insert into Measurementvector ( TYPEID, DATANAME, VENDORRELEASE, VINDEX, VFROM, VTO, MEASURE, QUANTITY ) values ( 'DC_E_TEST:((2)):DC_E_TEST_ENODEBFUNCTION_V', 'pmHwUtilDl', 'L10A', 6, '30', '35', '%', null );
insert into Measurementvector ( TYPEID, DATANAME, VENDORRELEASE, VINDEX, VFROM, VTO, MEASURE, QUANTITY ) values ( 'DC_E_TEST:((2)):DC_E_TEST_ENODEBFUNCTION_V', 'pmHwUtilDl', 'L10A', 7, '35', '40', '%', null );
insert into Measurementvector ( TYPEID, DATANAME, VENDORRELEASE, VINDEX, VFROM, VTO, MEASURE, QUANTITY ) values ( 'DC_E_TEST:((2)):DC_E_TEST_ENODEBFUNCTION_V', 'pmHwUtilDl', 'L10A', 8, '40', '45', '%', null );
insert into Measurementvector ( TYPEID, DATANAME, VENDORRELEASE, VINDEX, VFROM, VTO, MEASURE, QUANTITY ) values ( 'DC_E_TEST:((2)):DC_E_TEST_ENODEBFUNCTION_V', 'pmHwUtilDl', 'L10A', 9, '45', '50', '%', null );
insert into Measurementvector ( TYPEID, DATANAME, VENDORRELEASE, VINDEX, VFROM, VTO, MEASURE, QUANTITY ) values ( 'DC_E_TEST:((2)):DC_E_TEST_ENODEBFUNCTION_V', 'pmHwUtilDl', 'L10A', 10, '50', '55', '%', null );
insert into Measurementvector ( TYPEID, DATANAME, VENDORRELEASE, VINDEX, VFROM, VTO, MEASURE, QUANTITY ) values ( 'DC_E_TEST:((2)):DC_E_TEST_ENODEBFUNCTION_V', 'pmHwUtilDl', 'L10A', 11, '55', '60', '%', null );
insert into Measurementvector ( TYPEID, DATANAME, VENDORRELEASE, VINDEX, VFROM, VTO, MEASURE, QUANTITY ) values ( 'DC_E_TEST:((2)):DC_E_TEST_ENODEBFUNCTION_V', 'pmHwUtilDl', 'L10A', 12, '60', '65', '%', null );
insert into Measurementvector ( TYPEID, DATANAME, VENDORRELEASE, VINDEX, VFROM, VTO, MEASURE, QUANTITY ) values ( 'DC_E_TEST:((2)):DC_E_TEST_ENODEBFUNCTION_V', 'pmHwUtilDl', 'L10A', 13, '65', '70', '%', null );
insert into Measurementvector ( TYPEID, DATANAME, VENDORRELEASE, VINDEX, VFROM, VTO, MEASURE, QUANTITY ) values ( 'DC_E_TEST:((2)):DC_E_TEST_ENODEBFUNCTION_V', 'pmHwUtilDl', 'L10A', 14, '70', '75', '%', null );
insert into Measurementvector ( TYPEID, DATANAME, VENDORRELEASE, VINDEX, VFROM, VTO, MEASURE, QUANTITY ) values ( 'DC_E_TEST:((2)):DC_E_TEST_ENODEBFUNCTION_V', 'pmHwUtilDl', 'L10A', 15, '75', '80', '%', null );
insert into Measurementvector ( TYPEID, DATANAME, VENDORRELEASE, VINDEX, VFROM, VTO, MEASURE, QUANTITY ) values ( 'DC_E_TEST:((2)):DC_E_TEST_ENODEBFUNCTION_V', 'pmHwUtilDl', 'L10A', 16, '80', '85', '%', null );
insert into Measurementvector ( TYPEID, DATANAME, VENDORRELEASE, VINDEX, VFROM, VTO, MEASURE, QUANTITY ) values ( 'DC_E_TEST:((2)):DC_E_TEST_ENODEBFUNCTION_V', 'pmHwUtilDl', 'L10A', 17, '85', '90', '%', null );
insert into Measurementvector ( TYPEID, DATANAME, VENDORRELEASE, VINDEX, VFROM, VTO, MEASURE, QUANTITY ) values ( 'DC_E_TEST:((2)):DC_E_TEST_ENODEBFUNCTION_V', 'pmHwUtilDl', 'L10A', 18, '90', '95', '%', null );
insert into Measurementvector ( TYPEID, DATANAME, VENDORRELEASE, VINDEX, VFROM, VTO, MEASURE, QUANTITY ) values ( 'DC_E_TEST:((2)):DC_E_TEST_ENODEBFUNCTION_V', 'pmHwUtilDl', 'L10A', 19, '95', '100', '%', null );
insert into Measurementvector ( TYPEID, DATANAME, VENDORRELEASE, VINDEX, VFROM, VTO, MEASURE, QUANTITY ) values ( 'DC_E_TEST:((2)):DC_E_TEST_ENODEBFUNCTION_V', 'pmHwUtilDl', 'L10B', 0, '0', '5', '%', null );
insert into Measurementvector ( TYPEID, DATANAME, VENDORRELEASE, VINDEX, VFROM, VTO, MEASURE, QUANTITY ) values ( 'DC_E_TEST:((2)):DC_E_TEST_ENODEBFUNCTION_V', 'pmHwUtilDl', 'L10B', 1, '5', '10', '%', null );
insert into Measurementvector ( TYPEID, DATANAME, VENDORRELEASE, VINDEX, VFROM, VTO, MEASURE, QUANTITY ) values ( 'DC_E_TEST:((2)):DC_E_TEST_ENODEBFUNCTION_V', 'pmHwUtilDl', 'L10B', 2, '10', '15', '%', null );
insert into Measurementvector ( TYPEID, DATANAME, VENDORRELEASE, VINDEX, VFROM, VTO, MEASURE, QUANTITY ) values ( 'DC_E_TEST:((2)):DC_E_TEST_ENODEBFUNCTION_V', 'pmHwUtilDl', 'L10B', 3, '15', '20', '%', null );
insert into Measurementvector ( TYPEID, DATANAME, VENDORRELEASE, VINDEX, VFROM, VTO, MEASURE, QUANTITY ) values ( 'DC_E_TEST:((2)):DC_E_TEST_ENODEBFUNCTION_V', 'pmHwUtilDl', 'L10B', 4, '20', '25', '%', null );
insert into Measurementvector ( TYPEID, DATANAME, VENDORRELEASE, VINDEX, VFROM, VTO, MEASURE, QUANTITY ) values ( 'DC_E_TEST:((2)):DC_E_TEST_ENODEBFUNCTION_V', 'pmHwUtilDl', 'L10B', 5, '25', '30', '%', null );
insert into Measurementvector ( TYPEID, DATANAME, VENDORRELEASE, VINDEX, VFROM, VTO, MEASURE, QUANTITY ) values ( 'DC_E_TEST:((2)):DC_E_TEST_ENODEBFUNCTION_V', 'pmHwUtilDl', 'L10B', 6, '30', '35', '%', null );
insert into Measurementvector ( TYPEID, DATANAME, VENDORRELEASE, VINDEX, VFROM, VTO, MEASURE, QUANTITY ) values ( 'DC_E_TEST:((2)):DC_E_TEST_ENODEBFUNCTION_V', 'pmHwUtilDl', 'L10B', 7, '35', '40', '%', null );
insert into Measurementvector ( TYPEID, DATANAME, VENDORRELEASE, VINDEX, VFROM, VTO, MEASURE, QUANTITY ) values ( 'DC_E_TEST:((2)):DC_E_TEST_ENODEBFUNCTION_V', 'pmHwUtilDl', 'L10B', 8, '40', '45', '%', null );
insert into Measurementvector ( TYPEID, DATANAME, VENDORRELEASE, VINDEX, VFROM, VTO, MEASURE, QUANTITY ) values ( 'DC_E_TEST:((2)):DC_E_TEST_ENODEBFUNCTION_V', 'pmHwUtilDl', 'L10B', 9, '45', '50', '%', null );
insert into Measurementvector ( TYPEID, DATANAME, VENDORRELEASE, VINDEX, VFROM, VTO, MEASURE, QUANTITY ) values ( 'DC_E_TEST:((2)):DC_E_TEST_ENODEBFUNCTION_V', 'pmHwUtilDl', 'L10B', 10, '50', '55', '%', null );
insert into Measurementvector ( TYPEID, DATANAME, VENDORRELEASE, VINDEX, VFROM, VTO, MEASURE, QUANTITY ) values ( 'DC_E_TEST:((2)):DC_E_TEST_ENODEBFUNCTION_V', 'pmHwUtilDl', 'L10B', 11, '55', '60', '%', null );
insert into Measurementvector ( TYPEID, DATANAME, VENDORRELEASE, VINDEX, VFROM, VTO, MEASURE, QUANTITY ) values ( 'DC_E_TEST:((2)):DC_E_TEST_ENODEBFUNCTION_V', 'pmHwUtilDl', 'L10B', 12, '60', '65', '%', null );
insert into Measurementvector ( TYPEID, DATANAME, VENDORRELEASE, VINDEX, VFROM, VTO, MEASURE, QUANTITY ) values ( 'DC_E_TEST:((2)):DC_E_TEST_ENODEBFUNCTION_V', 'pmHwUtilDl', 'L10B', 13, '65', '70', '%', null );
insert into Measurementvector ( TYPEID, DATANAME, VENDORRELEASE, VINDEX, VFROM, VTO, MEASURE, QUANTITY ) values ( 'DC_E_TEST:((2)):DC_E_TEST_ENODEBFUNCTION_V', 'pmHwUtilDl', 'L10B', 14, '70', '75', '%', null );
insert into Measurementvector ( TYPEID, DATANAME, VENDORRELEASE, VINDEX, VFROM, VTO, MEASURE, QUANTITY ) values ( 'DC_E_TEST:((2)):DC_E_TEST_ENODEBFUNCTION_V', 'pmHwUtilDl', 'L10B', 15, '75', '80', '%', null );
insert into Measurementvector ( TYPEID, DATANAME, VENDORRELEASE, VINDEX, VFROM, VTO, MEASURE, QUANTITY ) values ( 'DC_E_TEST:((2)):DC_E_TEST_ENODEBFUNCTION_V', 'pmHwUtilDl', 'L10B', 16, '80', '85', '%', null );
insert into Measurementvector ( TYPEID, DATANAME, VENDORRELEASE, VINDEX, VFROM, VTO, MEASURE, QUANTITY ) values ( 'DC_E_TEST:((2)):DC_E_TEST_ENODEBFUNCTION_V', 'pmHwUtilDl', 'L10B', 17, '85', '90', '%', null );
insert into Measurementvector ( TYPEID, DATANAME, VENDORRELEASE, VINDEX, VFROM, VTO, MEASURE, QUANTITY ) values ( 'DC_E_TEST:((2)):DC_E_TEST_ENODEBFUNCTION_V', 'pmHwUtilDl', 'L10B', 18, '90', '95', '%', null );
insert into Measurementvector ( TYPEID, DATANAME, VENDORRELEASE, VINDEX, VFROM, VTO, MEASURE, QUANTITY ) values ( 'DC_E_TEST:((2)):DC_E_TEST_ENODEBFUNCTION_V', 'pmHwUtilDl', 'L10B', 19, '95', '100', '%', null );
insert into Measurementvector ( TYPEID, DATANAME, VENDORRELEASE, VINDEX, VFROM, VTO, MEASURE, QUANTITY ) values ( 'DC_E_TEST:((2)):DC_E_TEST_ENODEBFUNCTION_V', 'pmHwUtilDl', 'L11A', 0, '0', '5', '%', null );
insert into Measurementvector ( TYPEID, DATANAME, VENDORRELEASE, VINDEX, VFROM, VTO, MEASURE, QUANTITY ) values ( 'DC_E_TEST:((2)):DC_E_TEST_ENODEBFUNCTION_V', 'pmHwUtilDl', 'L11A', 1, '5', '10', '%', null );
insert into Measurementvector ( TYPEID, DATANAME, VENDORRELEASE, VINDEX, VFROM, VTO, MEASURE, QUANTITY ) values ( 'DC_E_TEST:((2)):DC_E_TEST_ENODEBFUNCTION_V', 'pmHwUtilDl', 'L11A', 2, '10', '15', '%', null );
insert into Measurementvector ( TYPEID, DATANAME, VENDORRELEASE, VINDEX, VFROM, VTO, MEASURE, QUANTITY ) values ( 'DC_E_TEST:((2)):DC_E_TEST_ENODEBFUNCTION_V', 'pmHwUtilDl', 'L11A', 3, '15', '20', '%', null );
insert into Measurementvector ( TYPEID, DATANAME, VENDORRELEASE, VINDEX, VFROM, VTO, MEASURE, QUANTITY ) values ( 'DC_E_TEST:((2)):DC_E_TEST_ENODEBFUNCTION_V', 'pmHwUtilDl', 'L11A', 4, '20', '25', '%', null );
insert into Measurementvector ( TYPEID, DATANAME, VENDORRELEASE, VINDEX, VFROM, VTO, MEASURE, QUANTITY ) values ( 'DC_E_TEST:((2)):DC_E_TEST_ENODEBFUNCTION_V', 'pmHwUtilDl', 'L11A', 5, '25', '30', '%', null );
insert into Measurementvector ( TYPEID, DATANAME, VENDORRELEASE, VINDEX, VFROM, VTO, MEASURE, QUANTITY ) values ( 'DC_E_TEST:((2)):DC_E_TEST_ENODEBFUNCTION_V', 'pmHwUtilDl', 'L11A', 6, '30', '35', '%', null );
insert into Measurementvector ( TYPEID, DATANAME, VENDORRELEASE, VINDEX, VFROM, VTO, MEASURE, QUANTITY ) values ( 'DC_E_TEST:((2)):DC_E_TEST_ENODEBFUNCTION_V', 'pmHwUtilDl', 'L11A', 7, '35', '40', '%', null );
insert into Measurementvector ( TYPEID, DATANAME, VENDORRELEASE, VINDEX, VFROM, VTO, MEASURE, QUANTITY ) values ( 'DC_E_TEST:((2)):DC_E_TEST_ENODEBFUNCTION_V', 'pmHwUtilDl', 'L11A', 8, '40', '45', '%', null );
insert into Measurementvector ( TYPEID, DATANAME, VENDORRELEASE, VINDEX, VFROM, VTO, MEASURE, QUANTITY ) values ( 'DC_E_TEST:((2)):DC_E_TEST_ENODEBFUNCTION_V', 'pmHwUtilDl', 'L11A', 9, '45', '50', '%', null );
insert into Measurementvector ( TYPEID, DATANAME, VENDORRELEASE, VINDEX, VFROM, VTO, MEASURE, QUANTITY ) values ( 'DC_E_TEST:((2)):DC_E_TEST_ENODEBFUNCTION_V', 'pmHwUtilDl', 'L11A', 10, '50', '55', '%', null );
insert into Measurementvector ( TYPEID, DATANAME, VENDORRELEASE, VINDEX, VFROM, VTO, MEASURE, QUANTITY ) values ( 'DC_E_TEST:((2)):DC_E_TEST_ENODEBFUNCTION_V', 'pmHwUtilDl', 'L11A', 11, '55', '60', '%', null );
insert into Measurementvector ( TYPEID, DATANAME, VENDORRELEASE, VINDEX, VFROM, VTO, MEASURE, QUANTITY ) values ( 'DC_E_TEST:((2)):DC_E_TEST_ENODEBFUNCTION_V', 'pmHwUtilDl', 'L11A', 12, '60', '65', '%', null );
insert into Measurementvector ( TYPEID, DATANAME, VENDORRELEASE, VINDEX, VFROM, VTO, MEASURE, QUANTITY ) values ( 'DC_E_TEST:((2)):DC_E_TEST_ENODEBFUNCTION_V', 'pmHwUtilDl', 'L11A', 13, '65', '70', '%', null );
insert into Measurementvector ( TYPEID, DATANAME, VENDORRELEASE, VINDEX, VFROM, VTO, MEASURE, QUANTITY ) values ( 'DC_E_TEST:((2)):DC_E_TEST_ENODEBFUNCTION_V', 'pmHwUtilDl', 'L11A', 14, '70', '75', '%', null );
insert into Measurementvector ( TYPEID, DATANAME, VENDORRELEASE, VINDEX, VFROM, VTO, MEASURE, QUANTITY ) values ( 'DC_E_TEST:((2)):DC_E_TEST_ENODEBFUNCTION_V', 'pmHwUtilDl', 'L11A', 15, '75', '80', '%', null );
insert into Measurementvector ( TYPEID, DATANAME, VENDORRELEASE, VINDEX, VFROM, VTO, MEASURE, QUANTITY ) values ( 'DC_E_TEST:((2)):DC_E_TEST_ENODEBFUNCTION_V', 'pmHwUtilDl', 'L11A', 16, '80', '85', '%', null );
insert into Measurementvector ( TYPEID, DATANAME, VENDORRELEASE, VINDEX, VFROM, VTO, MEASURE, QUANTITY ) values ( 'DC_E_TEST:((2)):DC_E_TEST_ENODEBFUNCTION_V', 'pmHwUtilDl', 'L11A', 17, '85', '90', '%', null );
insert into Measurementvector ( TYPEID, DATANAME, VENDORRELEASE, VINDEX, VFROM, VTO, MEASURE, QUANTITY ) values ( 'DC_E_TEST:((2)):DC_E_TEST_ENODEBFUNCTION_V', 'pmHwUtilDl', 'L11A', 18, '90', '95', '%', null );
insert into Measurementvector ( TYPEID, DATANAME, VENDORRELEASE, VINDEX, VFROM, VTO, MEASURE, QUANTITY ) values ( 'DC_E_TEST:((2)):DC_E_TEST_ENODEBFUNCTION_V', 'pmHwUtilDl', 'L11A', 19, '95', '100', '%', null );
insert into Measurementvector ( TYPEID, DATANAME, VENDORRELEASE, VINDEX, VFROM, VTO, MEASURE, QUANTITY ) values ( 'DC_E_TEST:((2)):DC_E_TEST_ENODEBFUNCTION_V', 'pmHwUtilDl', 'L11B', 0, '0', '5', '%', null );
insert into Measurementvector ( TYPEID, DATANAME, VENDORRELEASE, VINDEX, VFROM, VTO, MEASURE, QUANTITY ) values ( 'DC_E_TEST:((2)):DC_E_TEST_ENODEBFUNCTION_V', 'pmHwUtilDl', 'L11B', 1, '5', '10', '%', null );
insert into Measurementvector ( TYPEID, DATANAME, VENDORRELEASE, VINDEX, VFROM, VTO, MEASURE, QUANTITY ) values ( 'DC_E_TEST:((2)):DC_E_TEST_ENODEBFUNCTION_V', 'pmHwUtilDl', 'L11B', 2, '10', '15', '%', null );
insert into Measurementvector ( TYPEID, DATANAME, VENDORRELEASE, VINDEX, VFROM, VTO, MEASURE, QUANTITY ) values ( 'DC_E_TEST:((2)):DC_E_TEST_ENODEBFUNCTION_V', 'pmHwUtilDl', 'L11B', 3, '15', '20', '%', null );
insert into Measurementvector ( TYPEID, DATANAME, VENDORRELEASE, VINDEX, VFROM, VTO, MEASURE, QUANTITY ) values ( 'DC_E_TEST:((2)):DC_E_TEST_ENODEBFUNCTION_V', 'pmHwUtilDl', 'L11B', 4, '20', '25', '%', null );
insert into Measurementvector ( TYPEID, DATANAME, VENDORRELEASE, VINDEX, VFROM, VTO, MEASURE, QUANTITY ) values ( 'DC_E_TEST:((2)):DC_E_TEST_ENODEBFUNCTION_V', 'pmHwUtilDl', 'L11B', 5, '25', '30', '%', null );
insert into Measurementvector ( TYPEID, DATANAME, VENDORRELEASE, VINDEX, VFROM, VTO, MEASURE, QUANTITY ) values ( 'DC_E_TEST:((2)):DC_E_TEST_ENODEBFUNCTION_V', 'pmHwUtilDl', 'L11B', 6, '30', '35', '%', null );
insert into Measurementvector ( TYPEID, DATANAME, VENDORRELEASE, VINDEX, VFROM, VTO, MEASURE, QUANTITY ) values ( 'DC_E_TEST:((2)):DC_E_TEST_ENODEBFUNCTION_V', 'pmHwUtilDl', 'L11B', 7, '35', '40', '%', null );
insert into Measurementvector ( TYPEID, DATANAME, VENDORRELEASE, VINDEX, VFROM, VTO, MEASURE, QUANTITY ) values ( 'DC_E_TEST:((2)):DC_E_TEST_ENODEBFUNCTION_V', 'pmHwUtilDl', 'L11B', 8, '40', '45', '%', null );
insert into Measurementvector ( TYPEID, DATANAME, VENDORRELEASE, VINDEX, VFROM, VTO, MEASURE, QUANTITY ) values ( 'DC_E_TEST:((2)):DC_E_TEST_ENODEBFUNCTION_V', 'pmHwUtilDl', 'L11B', 9, '45', '50', '%', null );
insert into Measurementvector ( TYPEID, DATANAME, VENDORRELEASE, VINDEX, VFROM, VTO, MEASURE, QUANTITY ) values ( 'DC_E_TEST:((2)):DC_E_TEST_ENODEBFUNCTION_V', 'pmHwUtilDl', 'L11B', 10, '50', '55', '%', null );
insert into Measurementvector ( TYPEID, DATANAME, VENDORRELEASE, VINDEX, VFROM, VTO, MEASURE, QUANTITY ) values ( 'DC_E_TEST:((2)):DC_E_TEST_ENODEBFUNCTION_V', 'pmHwUtilDl', 'L11B', 11, '55', '60', '%', null );
insert into Measurementvector ( TYPEID, DATANAME, VENDORRELEASE, VINDEX, VFROM, VTO, MEASURE, QUANTITY ) values ( 'DC_E_TEST:((2)):DC_E_TEST_ENODEBFUNCTION_V', 'pmHwUtilDl', 'L11B', 12, '60', '65', '%', null );
insert into Measurementvector ( TYPEID, DATANAME, VENDORRELEASE, VINDEX, VFROM, VTO, MEASURE, QUANTITY ) values ( 'DC_E_TEST:((2)):DC_E_TEST_ENODEBFUNCTION_V', 'pmHwUtilDl', 'L11B', 13, '65', '70', '%', null );
insert into Measurementvector ( TYPEID, DATANAME, VENDORRELEASE, VINDEX, VFROM, VTO, MEASURE, QUANTITY ) values ( 'DC_E_TEST:((2)):DC_E_TEST_ENODEBFUNCTION_V', 'pmHwUtilDl', 'L11B', 14, '70', '75', '%', null );
insert into Measurementvector ( TYPEID, DATANAME, VENDORRELEASE, VINDEX, VFROM, VTO, MEASURE, QUANTITY ) values ( 'DC_E_TEST:((2)):DC_E_TEST_ENODEBFUNCTION_V', 'pmHwUtilDl', 'L11B', 15, '75', '80', '%', null );
insert into Measurementvector ( TYPEID, DATANAME, VENDORRELEASE, VINDEX, VFROM, VTO, MEASURE, QUANTITY ) values ( 'DC_E_TEST:((2)):DC_E_TEST_ENODEBFUNCTION_V', 'pmHwUtilDl', 'L11B', 16, '80', '85', '%', null );
insert into Measurementvector ( TYPEID, DATANAME, VENDORRELEASE, VINDEX, VFROM, VTO, MEASURE, QUANTITY ) values ( 'DC_E_TEST:((2)):DC_E_TEST_ENODEBFUNCTION_V', 'pmHwUtilDl', 'L11B', 17, '85', '90', '%', null );
insert into Measurementvector ( TYPEID, DATANAME, VENDORRELEASE, VINDEX, VFROM, VTO, MEASURE, QUANTITY ) values ( 'DC_E_TEST:((2)):DC_E_TEST_ENODEBFUNCTION_V', 'pmHwUtilDl', 'L11B', 18, '90', '95', '%', null );
insert into Measurementvector ( TYPEID, DATANAME, VENDORRELEASE, VINDEX, VFROM, VTO, MEASURE, QUANTITY ) values ( 'DC_E_TEST:((2)):DC_E_TEST_ENODEBFUNCTION_V', 'pmHwUtilDl', 'L11B', 19, '95', '100', '%', null );
insert into Measurementvector ( TYPEID, DATANAME, VENDORRELEASE, VINDEX, VFROM, VTO, MEASURE, QUANTITY ) values ( 'DC_E_TEST:((2)):DC_E_TEST_ENODEBFUNCTION_V', 'pmHwUtilUl', 'L10B', 0, '0', '5', '%', null );
insert into Measurementvector ( TYPEID, DATANAME, VENDORRELEASE, VINDEX, VFROM, VTO, MEASURE, QUANTITY ) values ( 'DC_E_TEST:((2)):DC_E_TEST_ENODEBFUNCTION_V', 'pmHwUtilUl', 'L10B', 1, '5', '10', '%', null );
insert into Measurementvector ( TYPEID, DATANAME, VENDORRELEASE, VINDEX, VFROM, VTO, MEASURE, QUANTITY ) values ( 'DC_E_TEST:((2)):DC_E_TEST_ENODEBFUNCTION_V', 'pmHwUtilUl', 'L10B', 2, '10', '15', '%', null );
insert into Measurementvector ( TYPEID, DATANAME, VENDORRELEASE, VINDEX, VFROM, VTO, MEASURE, QUANTITY ) values ( 'DC_E_TEST:((2)):DC_E_TEST_ENODEBFUNCTION_V', 'pmHwUtilUl', 'L10B', 3, '15', '20', '%', null );
insert into Measurementvector ( TYPEID, DATANAME, VENDORRELEASE, VINDEX, VFROM, VTO, MEASURE, QUANTITY ) values ( 'DC_E_TEST:((2)):DC_E_TEST_ENODEBFUNCTION_V', 'pmHwUtilUl', 'L10B', 4, '20', '25', '%', null );
insert into Measurementvector ( TYPEID, DATANAME, VENDORRELEASE, VINDEX, VFROM, VTO, MEASURE, QUANTITY ) values ( 'DC_E_TEST:((2)):DC_E_TEST_ENODEBFUNCTION_V', 'pmHwUtilUl', 'L10B', 5, '25', '30', '%', null );
insert into Measurementvector ( TYPEID, DATANAME, VENDORRELEASE, VINDEX, VFROM, VTO, MEASURE, QUANTITY ) values ( 'DC_E_TEST:((2)):DC_E_TEST_ENODEBFUNCTION_V', 'pmHwUtilUl', 'L10B', 6, '30', '35', '%', null );
insert into Measurementvector ( TYPEID, DATANAME, VENDORRELEASE, VINDEX, VFROM, VTO, MEASURE, QUANTITY ) values ( 'DC_E_TEST:((2)):DC_E_TEST_ENODEBFUNCTION_V', 'pmHwUtilUl', 'L10B', 7, '35', '40', '%', null );
insert into Measurementvector ( TYPEID, DATANAME, VENDORRELEASE, VINDEX, VFROM, VTO, MEASURE, QUANTITY ) values ( 'DC_E_TEST:((2)):DC_E_TEST_ENODEBFUNCTION_V', 'pmHwUtilUl', 'L10B', 8, '40', '45', '%', null );
insert into Measurementvector ( TYPEID, DATANAME, VENDORRELEASE, VINDEX, VFROM, VTO, MEASURE, QUANTITY ) values ( 'DC_E_TEST:((2)):DC_E_TEST_ENODEBFUNCTION_V', 'pmHwUtilUl', 'L10B', 9, '45', '50', '%', null );
insert into Measurementvector ( TYPEID, DATANAME, VENDORRELEASE, VINDEX, VFROM, VTO, MEASURE, QUANTITY ) values ( 'DC_E_TEST:((2)):DC_E_TEST_ENODEBFUNCTION_V', 'pmHwUtilUl', 'L10B', 10, '50', '55', '%', null );
insert into Measurementvector ( TYPEID, DATANAME, VENDORRELEASE, VINDEX, VFROM, VTO, MEASURE, QUANTITY ) values ( 'DC_E_TEST:((2)):DC_E_TEST_ENODEBFUNCTION_V', 'pmHwUtilUl', 'L10B', 11, '55', '60', '%', null );
insert into Measurementvector ( TYPEID, DATANAME, VENDORRELEASE, VINDEX, VFROM, VTO, MEASURE, QUANTITY ) values ( 'DC_E_TEST:((2)):DC_E_TEST_ENODEBFUNCTION_V', 'pmHwUtilUl', 'L10B', 12, '60', '65', '%', null );
insert into Measurementvector ( TYPEID, DATANAME, VENDORRELEASE, VINDEX, VFROM, VTO, MEASURE, QUANTITY ) values ( 'DC_E_TEST:((2)):DC_E_TEST_ENODEBFUNCTION_V', 'pmHwUtilUl', 'L10B', 13, '65', '70', '%', null );
insert into Measurementvector ( TYPEID, DATANAME, VENDORRELEASE, VINDEX, VFROM, VTO, MEASURE, QUANTITY ) values ( 'DC_E_TEST:((2)):DC_E_TEST_ENODEBFUNCTION_V', 'pmHwUtilUl', 'L10B', 14, '70', '75', '%', null );
insert into Measurementvector ( TYPEID, DATANAME, VENDORRELEASE, VINDEX, VFROM, VTO, MEASURE, QUANTITY ) values ( 'DC_E_TEST:((2)):DC_E_TEST_ENODEBFUNCTION_V', 'pmHwUtilUl', 'L10B', 15, '75', '80', '%', null );
insert into Measurementvector ( TYPEID, DATANAME, VENDORRELEASE, VINDEX, VFROM, VTO, MEASURE, QUANTITY ) values ( 'DC_E_TEST:((2)):DC_E_TEST_ENODEBFUNCTION_V', 'pmHwUtilUl', 'L10B', 16, '80', '85', '%', null );
insert into Measurementvector ( TYPEID, DATANAME, VENDORRELEASE, VINDEX, VFROM, VTO, MEASURE, QUANTITY ) values ( 'DC_E_TEST:((2)):DC_E_TEST_ENODEBFUNCTION_V', 'pmHwUtilUl', 'L10B', 17, '85', '90', '%', null );
insert into Measurementvector ( TYPEID, DATANAME, VENDORRELEASE, VINDEX, VFROM, VTO, MEASURE, QUANTITY ) values ( 'DC_E_TEST:((2)):DC_E_TEST_ENODEBFUNCTION_V', 'pmHwUtilUl', 'L10B', 18, '90', '95', '%', null );
insert into Measurementvector ( TYPEID, DATANAME, VENDORRELEASE, VINDEX, VFROM, VTO, MEASURE, QUANTITY ) values ( 'DC_E_TEST:((2)):DC_E_TEST_ENODEBFUNCTION_V', 'pmHwUtilUl', 'L10B', 19, '95', '100', '%', null );
insert into Measurementvector ( TYPEID, DATANAME, VENDORRELEASE, VINDEX, VFROM, VTO, MEASURE, QUANTITY ) values ( 'DC_E_TEST:((2)):DC_E_TEST_ENODEBFUNCTION_V', 'pmHwUtilUl', 'L11A', 0, '0', '5', '%', null );
insert into Measurementvector ( TYPEID, DATANAME, VENDORRELEASE, VINDEX, VFROM, VTO, MEASURE, QUANTITY ) values ( 'DC_E_TEST:((2)):DC_E_TEST_ENODEBFUNCTION_V', 'pmHwUtilUl', 'L11A', 1, '5', '10', '%', null );
insert into Measurementvector ( TYPEID, DATANAME, VENDORRELEASE, VINDEX, VFROM, VTO, MEASURE, QUANTITY ) values ( 'DC_E_TEST:((2)):DC_E_TEST_ENODEBFUNCTION_V', 'pmHwUtilUl', 'L11A', 2, '10', '15', '%', null );
insert into Measurementvector ( TYPEID, DATANAME, VENDORRELEASE, VINDEX, VFROM, VTO, MEASURE, QUANTITY ) values ( 'DC_E_TEST:((2)):DC_E_TEST_ENODEBFUNCTION_V', 'pmHwUtilUl', 'L11A', 3, '15', '20', '%', null );
insert into Measurementvector ( TYPEID, DATANAME, VENDORRELEASE, VINDEX, VFROM, VTO, MEASURE, QUANTITY ) values ( 'DC_E_TEST:((2)):DC_E_TEST_ENODEBFUNCTION_V', 'pmHwUtilUl', 'L11A', 4, '20', '25', '%', null );
insert into Measurementvector ( TYPEID, DATANAME, VENDORRELEASE, VINDEX, VFROM, VTO, MEASURE, QUANTITY ) values ( 'DC_E_TEST:((2)):DC_E_TEST_ENODEBFUNCTION_V', 'pmHwUtilUl', 'L11A', 5, '25', '30', '%', null );
insert into Measurementvector ( TYPEID, DATANAME, VENDORRELEASE, VINDEX, VFROM, VTO, MEASURE, QUANTITY ) values ( 'DC_E_TEST:((2)):DC_E_TEST_ENODEBFUNCTION_V', 'pmHwUtilUl', 'L11A', 6, '30', '35', '%', null );
insert into Measurementvector ( TYPEID, DATANAME, VENDORRELEASE, VINDEX, VFROM, VTO, MEASURE, QUANTITY ) values ( 'DC_E_TEST:((2)):DC_E_TEST_ENODEBFUNCTION_V', 'pmHwUtilUl', 'L11A', 7, '35', '40', '%', null );
insert into Measurementvector ( TYPEID, DATANAME, VENDORRELEASE, VINDEX, VFROM, VTO, MEASURE, QUANTITY ) values ( 'DC_E_TEST:((2)):DC_E_TEST_ENODEBFUNCTION_V', 'pmHwUtilUl', 'L11A', 8, '40', '45', '%', null );
insert into Measurementvector ( TYPEID, DATANAME, VENDORRELEASE, VINDEX, VFROM, VTO, MEASURE, QUANTITY ) values ( 'DC_E_TEST:((2)):DC_E_TEST_ENODEBFUNCTION_V', 'pmHwUtilUl', 'L11A', 9, '45', '50', '%', null );
insert into Measurementvector ( TYPEID, DATANAME, VENDORRELEASE, VINDEX, VFROM, VTO, MEASURE, QUANTITY ) values ( 'DC_E_TEST:((2)):DC_E_TEST_ENODEBFUNCTION_V', 'pmHwUtilUl', 'L11A', 10, '50', '55', '%', null );
insert into Measurementvector ( TYPEID, DATANAME, VENDORRELEASE, VINDEX, VFROM, VTO, MEASURE, QUANTITY ) values ( 'DC_E_TEST:((2)):DC_E_TEST_ENODEBFUNCTION_V', 'pmHwUtilUl', 'L11A', 11, '55', '60', '%', null );
insert into Measurementvector ( TYPEID, DATANAME, VENDORRELEASE, VINDEX, VFROM, VTO, MEASURE, QUANTITY ) values ( 'DC_E_TEST:((2)):DC_E_TEST_ENODEBFUNCTION_V', 'pmHwUtilUl', 'L11A', 12, '60', '65', '%', null );
insert into Measurementvector ( TYPEID, DATANAME, VENDORRELEASE, VINDEX, VFROM, VTO, MEASURE, QUANTITY ) values ( 'DC_E_TEST:((2)):DC_E_TEST_ENODEBFUNCTION_V', 'pmHwUtilUl', 'L11A', 13, '65', '70', '%', null );
insert into Measurementvector ( TYPEID, DATANAME, VENDORRELEASE, VINDEX, VFROM, VTO, MEASURE, QUANTITY ) values ( 'DC_E_TEST:((2)):DC_E_TEST_ENODEBFUNCTION_V', 'pmHwUtilUl', 'L11A', 14, '70', '75', '%', null );
insert into Measurementvector ( TYPEID, DATANAME, VENDORRELEASE, VINDEX, VFROM, VTO, MEASURE, QUANTITY ) values ( 'DC_E_TEST:((2)):DC_E_TEST_ENODEBFUNCTION_V', 'pmHwUtilUl', 'L11A', 15, '75', '80', '%', null );
insert into Measurementvector ( TYPEID, DATANAME, VENDORRELEASE, VINDEX, VFROM, VTO, MEASURE, QUANTITY ) values ( 'DC_E_TEST:((2)):DC_E_TEST_ENODEBFUNCTION_V', 'pmHwUtilUl', 'L11A', 16, '80', '85', '%', null );
insert into Measurementvector ( TYPEID, DATANAME, VENDORRELEASE, VINDEX, VFROM, VTO, MEASURE, QUANTITY ) values ( 'DC_E_TEST:((2)):DC_E_TEST_ENODEBFUNCTION_V', 'pmHwUtilUl', 'L11A', 17, '85', '90', '%', null );
insert into Measurementvector ( TYPEID, DATANAME, VENDORRELEASE, VINDEX, VFROM, VTO, MEASURE, QUANTITY ) values ( 'DC_E_TEST:((2)):DC_E_TEST_ENODEBFUNCTION_V', 'pmHwUtilUl', 'L11A', 18, '90', '95', '%', null );
insert into Measurementvector ( TYPEID, DATANAME, VENDORRELEASE, VINDEX, VFROM, VTO, MEASURE, QUANTITY ) values ( 'DC_E_TEST:((2)):DC_E_TEST_ENODEBFUNCTION_V', 'pmHwUtilUl', 'L11A', 19, '95', '100', '%', null );
insert into Measurementvector ( TYPEID, DATANAME, VENDORRELEASE, VINDEX, VFROM, VTO, MEASURE, QUANTITY ) values ( 'DC_E_TEST:((2)):DC_E_TEST_ENODEBFUNCTION_V', 'pmHwUtilUl', 'L11B', 0, '0', '5', '%', null );
insert into Measurementvector ( TYPEID, DATANAME, VENDORRELEASE, VINDEX, VFROM, VTO, MEASURE, QUANTITY ) values ( 'DC_E_TEST:((2)):DC_E_TEST_ENODEBFUNCTION_V', 'pmHwUtilUl', 'L11B', 1, '5', '10', '%', null );
insert into Measurementvector ( TYPEID, DATANAME, VENDORRELEASE, VINDEX, VFROM, VTO, MEASURE, QUANTITY ) values ( 'DC_E_TEST:((2)):DC_E_TEST_ENODEBFUNCTION_V', 'pmHwUtilUl', 'L11B', 2, '10', '15', '%', null );
insert into Measurementvector ( TYPEID, DATANAME, VENDORRELEASE, VINDEX, VFROM, VTO, MEASURE, QUANTITY ) values ( 'DC_E_TEST:((2)):DC_E_TEST_ENODEBFUNCTION_V', 'pmHwUtilUl', 'L11B', 3, '15', '20', '%', null );
insert into Measurementvector ( TYPEID, DATANAME, VENDORRELEASE, VINDEX, VFROM, VTO, MEASURE, QUANTITY ) values ( 'DC_E_TEST:((2)):DC_E_TEST_ENODEBFUNCTION_V', 'pmHwUtilUl', 'L11B', 4, '20', '25', '%', null );
insert into Measurementvector ( TYPEID, DATANAME, VENDORRELEASE, VINDEX, VFROM, VTO, MEASURE, QUANTITY ) values ( 'DC_E_TEST:((2)):DC_E_TEST_ENODEBFUNCTION_V', 'pmHwUtilUl', 'L11B', 5, '25', '30', '%', null );
insert into Measurementvector ( TYPEID, DATANAME, VENDORRELEASE, VINDEX, VFROM, VTO, MEASURE, QUANTITY ) values ( 'DC_E_TEST:((2)):DC_E_TEST_ENODEBFUNCTION_V', 'pmHwUtilUl', 'L11B', 6, '30', '35', '%', null );
insert into Measurementvector ( TYPEID, DATANAME, VENDORRELEASE, VINDEX, VFROM, VTO, MEASURE, QUANTITY ) values ( 'DC_E_TEST:((2)):DC_E_TEST_ENODEBFUNCTION_V', 'pmHwUtilUl', 'L11B', 7, '35', '40', '%', null );
insert into Measurementvector ( TYPEID, DATANAME, VENDORRELEASE, VINDEX, VFROM, VTO, MEASURE, QUANTITY ) values ( 'DC_E_TEST:((2)):DC_E_TEST_ENODEBFUNCTION_V', 'pmHwUtilUl', 'L11B', 8, '40', '45', '%', null );
insert into Measurementvector ( TYPEID, DATANAME, VENDORRELEASE, VINDEX, VFROM, VTO, MEASURE, QUANTITY ) values ( 'DC_E_TEST:((2)):DC_E_TEST_ENODEBFUNCTION_V', 'pmHwUtilUl', 'L11B', 9, '45', '50', '%', null );
insert into Measurementvector ( TYPEID, DATANAME, VENDORRELEASE, VINDEX, VFROM, VTO, MEASURE, QUANTITY ) values ( 'DC_E_TEST:((2)):DC_E_TEST_ENODEBFUNCTION_V', 'pmHwUtilUl', 'L11B', 10, '50', '55', '%', null );
insert into Measurementvector ( TYPEID, DATANAME, VENDORRELEASE, VINDEX, VFROM, VTO, MEASURE, QUANTITY ) values ( 'DC_E_TEST:((2)):DC_E_TEST_ENODEBFUNCTION_V', 'pmHwUtilUl', 'L11B', 11, '55', '60', '%', null );
insert into Measurementvector ( TYPEID, DATANAME, VENDORRELEASE, VINDEX, VFROM, VTO, MEASURE, QUANTITY ) values ( 'DC_E_TEST:((2)):DC_E_TEST_ENODEBFUNCTION_V', 'pmHwUtilUl', 'L11B', 12, '60', '65', '%', null );
insert into Measurementvector ( TYPEID, DATANAME, VENDORRELEASE, VINDEX, VFROM, VTO, MEASURE, QUANTITY ) values ( 'DC_E_TEST:((2)):DC_E_TEST_ENODEBFUNCTION_V', 'pmHwUtilUl', 'L11B', 13, '65', '70', '%', null );
insert into Measurementvector ( TYPEID, DATANAME, VENDORRELEASE, VINDEX, VFROM, VTO, MEASURE, QUANTITY ) values ( 'DC_E_TEST:((2)):DC_E_TEST_ENODEBFUNCTION_V', 'pmHwUtilUl', 'L11B', 14, '70', '75', '%', null );
insert into Measurementvector ( TYPEID, DATANAME, VENDORRELEASE, VINDEX, VFROM, VTO, MEASURE, QUANTITY ) values ( 'DC_E_TEST:((2)):DC_E_TEST_ENODEBFUNCTION_V', 'pmHwUtilUl', 'L11B', 15, '75', '80', '%', null );
insert into Measurementvector ( TYPEID, DATANAME, VENDORRELEASE, VINDEX, VFROM, VTO, MEASURE, QUANTITY ) values ( 'DC_E_TEST:((2)):DC_E_TEST_ENODEBFUNCTION_V', 'pmHwUtilUl', 'L11B', 16, '80', '85', '%', null );
insert into Measurementvector ( TYPEID, DATANAME, VENDORRELEASE, VINDEX, VFROM, VTO, MEASURE, QUANTITY ) values ( 'DC_E_TEST:((2)):DC_E_TEST_ENODEBFUNCTION_V', 'pmHwUtilUl', 'L11B', 17, '85', '90', '%', null );
insert into Measurementvector ( TYPEID, DATANAME, VENDORRELEASE, VINDEX, VFROM, VTO, MEASURE, QUANTITY ) values ( 'DC_E_TEST:((2)):DC_E_TEST_ENODEBFUNCTION_V', 'pmHwUtilUl', 'L11B', 18, '90', '95', '%', null );
insert into Measurementvector ( TYPEID, DATANAME, VENDORRELEASE, VINDEX, VFROM, VTO, MEASURE, QUANTITY ) values ( 'DC_E_TEST:((2)):DC_E_TEST_ENODEBFUNCTION_V', 'pmHwUtilUl', 'L11B', 19, '95', '100', '%', null );
insert into Measurementvector ( TYPEID, DATANAME, VENDORRELEASE, VINDEX, VFROM, VTO, MEASURE, QUANTITY ) values ( 'DC_E_TEST:((2)):DC_E_TEST_ENODEBFUNCTION_V', 'pmHwUtilUl', 'L10A', 0, '0', '5', '%', null );
insert into Measurementvector ( TYPEID, DATANAME, VENDORRELEASE, VINDEX, VFROM, VTO, MEASURE, QUANTITY ) values ( 'DC_E_TEST:((2)):DC_E_TEST_ENODEBFUNCTION_V', 'pmHwUtilUl', 'L10A', 1, '5', '10', '%', null );
insert into Measurementvector ( TYPEID, DATANAME, VENDORRELEASE, VINDEX, VFROM, VTO, MEASURE, QUANTITY ) values ( 'DC_E_TEST:((2)):DC_E_TEST_ENODEBFUNCTION_V', 'pmHwUtilUl', 'L10A', 2, '10', '15', '%', null );
insert into Measurementvector ( TYPEID, DATANAME, VENDORRELEASE, VINDEX, VFROM, VTO, MEASURE, QUANTITY ) values ( 'DC_E_TEST:((2)):DC_E_TEST_ENODEBFUNCTION_V', 'pmHwUtilUl', 'L10A', 3, '15', '20', '%', null );
insert into Measurementvector ( TYPEID, DATANAME, VENDORRELEASE, VINDEX, VFROM, VTO, MEASURE, QUANTITY ) values ( 'DC_E_TEST:((2)):DC_E_TEST_ENODEBFUNCTION_V', 'pmHwUtilUl', 'L10A', 4, '20', '25', '%', null );
insert into Measurementvector ( TYPEID, DATANAME, VENDORRELEASE, VINDEX, VFROM, VTO, MEASURE, QUANTITY ) values ( 'DC_E_TEST:((2)):DC_E_TEST_ENODEBFUNCTION_V', 'pmHwUtilUl', 'L10A', 5, '25', '30', '%', null );
insert into Measurementvector ( TYPEID, DATANAME, VENDORRELEASE, VINDEX, VFROM, VTO, MEASURE, QUANTITY ) values ( 'DC_E_TEST:((2)):DC_E_TEST_ENODEBFUNCTION_V', 'pmHwUtilUl', 'L10A', 6, '30', '35', '%', null );
insert into Measurementvector ( TYPEID, DATANAME, VENDORRELEASE, VINDEX, VFROM, VTO, MEASURE, QUANTITY ) values ( 'DC_E_TEST:((2)):DC_E_TEST_ENODEBFUNCTION_V', 'pmHwUtilUl', 'L10A', 7, '35', '40', '%', null );
insert into Measurementvector ( TYPEID, DATANAME, VENDORRELEASE, VINDEX, VFROM, VTO, MEASURE, QUANTITY ) values ( 'DC_E_TEST:((2)):DC_E_TEST_ENODEBFUNCTION_V', 'pmHwUtilUl', 'L10A', 8, '40', '45', '%', null );
insert into Measurementvector ( TYPEID, DATANAME, VENDORRELEASE, VINDEX, VFROM, VTO, MEASURE, QUANTITY ) values ( 'DC_E_TEST:((2)):DC_E_TEST_ENODEBFUNCTION_V', 'pmHwUtilUl', 'L10A', 9, '45', '50', '%', null );
insert into Measurementvector ( TYPEID, DATANAME, VENDORRELEASE, VINDEX, VFROM, VTO, MEASURE, QUANTITY ) values ( 'DC_E_TEST:((2)):DC_E_TEST_ENODEBFUNCTION_V', 'pmHwUtilUl', 'L10A', 10, '50', '55', '%', null );
insert into Measurementvector ( TYPEID, DATANAME, VENDORRELEASE, VINDEX, VFROM, VTO, MEASURE, QUANTITY ) values ( 'DC_E_TEST:((2)):DC_E_TEST_ENODEBFUNCTION_V', 'pmHwUtilUl', 'L10A', 11, '55', '60', '%', null );
insert into Measurementvector ( TYPEID, DATANAME, VENDORRELEASE, VINDEX, VFROM, VTO, MEASURE, QUANTITY ) values ( 'DC_E_TEST:((2)):DC_E_TEST_ENODEBFUNCTION_V', 'pmHwUtilUl', 'L10A', 12, '60', '65', '%', null );
insert into Measurementvector ( TYPEID, DATANAME, VENDORRELEASE, VINDEX, VFROM, VTO, MEASURE, QUANTITY ) values ( 'DC_E_TEST:((2)):DC_E_TEST_ENODEBFUNCTION_V', 'pmHwUtilUl', 'L10A', 13, '65', '70', '%', null );
insert into Measurementvector ( TYPEID, DATANAME, VENDORRELEASE, VINDEX, VFROM, VTO, MEASURE, QUANTITY ) values ( 'DC_E_TEST:((2)):DC_E_TEST_ENODEBFUNCTION_V', 'pmHwUtilUl', 'L10A', 14, '70', '75', '%', null );
insert into Measurementvector ( TYPEID, DATANAME, VENDORRELEASE, VINDEX, VFROM, VTO, MEASURE, QUANTITY ) values ( 'DC_E_TEST:((2)):DC_E_TEST_ENODEBFUNCTION_V', 'pmHwUtilUl', 'L10A', 15, '75', '80', '%', null );
insert into Measurementvector ( TYPEID, DATANAME, VENDORRELEASE, VINDEX, VFROM, VTO, MEASURE, QUANTITY ) values ( 'DC_E_TEST:((2)):DC_E_TEST_ENODEBFUNCTION_V', 'pmHwUtilUl', 'L10A', 16, '80', '85', '%', null );
insert into Measurementvector ( TYPEID, DATANAME, VENDORRELEASE, VINDEX, VFROM, VTO, MEASURE, QUANTITY ) values ( 'DC_E_TEST:((2)):DC_E_TEST_ENODEBFUNCTION_V', 'pmHwUtilUl', 'L10A', 17, '85', '90', '%', null );
insert into Measurementvector ( TYPEID, DATANAME, VENDORRELEASE, VINDEX, VFROM, VTO, MEASURE, QUANTITY ) values ( 'DC_E_TEST:((2)):DC_E_TEST_ENODEBFUNCTION_V', 'pmHwUtilUl', 'L10A', 18, '90', '95', '%', null );
insert into Measurementvector ( TYPEID, DATANAME, VENDORRELEASE, VINDEX, VFROM, VTO, MEASURE, QUANTITY ) values ( 'DC_E_TEST:((2)):DC_E_TEST_ENODEBFUNCTION_V', 'pmHwUtilUl', 'L10A', 19, '95', '100', '%', null );
insert into Measurementtable ( MTABLEID, TABLELEVEL, TYPEID, BASETABLENAME, DEFAULT_TEMPLATE, PARTITIONPLAN ) values ( 'DC_E_TEST:((2)):DC_E_TEST_ENODEBFUNCTION_V:RAW', 'RAW', 'DC_E_TEST:((2)):DC_E_TEST_ENODEBFUNCTION_V', 'DC_E_TEST_ENODEBFUNCTION_V_RAW', null, 'extralarge_raw' );
insert into Measurementcolumn ( MTABLEID, DATANAME, COLNUMBER, DATATYPE, DATASIZE, DATASCALE, UNIQUEVALUE, NULLABLE, INDEXES, DESCRIPTION, DATAID, RELEASEID, UNIQUEKEY, INCLUDESQL, COLTYPE, FOLLOWJOHN ) values ( 'DC_E_TEST:((2)):DC_E_TEST_ENODEBFUNCTION_V:RAW', 'DCVECTOR_INDEX', 1, 'integer', 0, 0, 255, 1, 'HG', 'Vector index', 'DCVECTOR_INDEX', 'DC_E_TEST:((1))', 1, 1, 'KEY', null );
insert into Measurementcolumn ( MTABLEID, DATANAME, COLNUMBER, DATATYPE, DATASIZE, DATASCALE, UNIQUEVALUE, NULLABLE, INDEXES, DESCRIPTION, DATAID, RELEASEID, UNIQUEKEY, INCLUDESQL, COLTYPE, FOLLOWJOHN ) values ( 'DC_E_TEST:((2)):DC_E_TEST_ENODEBFUNCTION_V:RAW', 'MOID', 2, 'varchar', 255, 0, 255, 0, 'HG', 'Managed Object Id', 'MOID', 'DC_E_TEST:((1))', 1, 1, 'KEY', null );
insert into Measurementcolumn ( MTABLEID, DATANAME, COLNUMBER, DATATYPE, DATASIZE, DATASCALE, UNIQUEVALUE, NULLABLE, INDEXES, DESCRIPTION, DATAID, RELEASEID, UNIQUEKEY, INCLUDESQL, COLTYPE, FOLLOWJOHN ) values ( 'DC_E_TEST:((2)):DC_E_TEST_ENODEBFUNCTION_V:RAW', 'DATE_ID', 3, 'date', 0, 0, 255, 1, 'LF', '', 'DATE_ID', 'BASE_TP_090421', 0, 0, 'PUBLICKEY', null );
insert into Measurementcolumn ( MTABLEID, DATANAME, COLNUMBER, DATATYPE, DATASIZE, DATASCALE, UNIQUEVALUE, NULLABLE, INDEXES, DESCRIPTION, DATAID, RELEASEID, UNIQUEKEY, INCLUDESQL, COLTYPE, FOLLOWJOHN ) values ( 'DC_E_TEST:((2)):DC_E_TEST_ENODEBFUNCTION_V:RAW', 'ROWSTATUS', 4, 'varchar', 16, 0, 10, 1, '', '', 'ROWSTATUS', 'BASE_TP_090421', 0, 1, 'PUBLICKEY', null );
insert into Measurementcolumn ( MTABLEID, DATANAME, COLNUMBER, DATATYPE, DATASIZE, DATASCALE, UNIQUEVALUE, NULLABLE, INDEXES, DESCRIPTION, DATAID, RELEASEID, UNIQUEKEY, INCLUDESQL, COLTYPE, FOLLOWJOHN ) values ( 'DC_E_TEST:((2)):DC_E_TEST_ENODEBFUNCTION_V:RAW', 'pmHwUtilDl', 5, 'numeric', 18, 0, 255, 1, '', '"pmHwUtilDl: PDF for hardware utilization in the downlink direction.  PDF ranges: [0]: [0..5]%, [1]: ]5..10]%, [2]: ]10..15]%, [3]: ]15..20]%, [4]: ]20..25]%, [5]: ]25..30]%, [6]: ]30..35]%, [7]: ]35..40]%, [8]: ]40..45]%, [9]: ]45..50]%, [10]: ]50..55]%, [11]: ]55..60]%, [12]: ]60..65]%, [13]: ]65..70]%, [14]: ]70..75]%, [15]: ]75..80]%, [16]: ]80..85]%, [17]: ]85..90]%, [18]: ]90..95]%, [19]: ]95..100]%  Condition: The PDF shall be updated each TTI with the percentage of hardware resources used.  Counter is reset after measurement period: Yes  Counter type: PDF   Scanner: Not included in any predefined scanner  Unit: %"', 'pmHwUtilDl', 'DC_E_TEST:((1))', 0, 1, 'COUNTER', null );
insert into Measurementcolumn ( MTABLEID, DATANAME, COLNUMBER, DATATYPE, DATASIZE, DATASCALE, UNIQUEVALUE, NULLABLE, INDEXES, DESCRIPTION, DATAID, RELEASEID, UNIQUEKEY, INCLUDESQL, COLTYPE, FOLLOWJOHN ) values ( 'DC_E_TEST:((2)):DC_E_TEST_ENODEBFUNCTION_V:RAW', 'pmHwUtilUl', 6, 'numeric', 18, 0, 255, 1, '', '"pmHwUtilUl: PDF for hardware utilization in the uplink direction.

PDF ranges:
[0]: [0..5]%,
[1]: ]5..10]%,
[2]: ]10..15]%,
[3]: ]15..20]%,
[4]: ]20..25]%,
[5]: ]25..30]%,
[6]: ]30..35]%,
[7]: ]35..40]%,
[8]: ]40..45]%,
[9]: ]45..50]%,
[10]: ]50..55]%,
[11]: ]55..60]%,
[12]: ]60..65]%,
[13]: ]65..70]%,
[14]: ]70..75]%,
[15]: ]75..80]%,
[16]: ]80..85]%,
[17]: ]85..90]%,
[18]: ]90..95]%,
[19]: ]95..100]%

Condition: The PDF shall be updated each TTI with the percentage of PDCCH resources used.

Counter is reset after measurement period: Yes

Counter type: PDF 

Scanner: Not included in any predefined scanner

Unit: %"', 'pmHwUtilUl', 'DC_E_TEST:((1))', 0, 1, 'COUNTER', null );
insert into Measurementtable ( MTABLEID, TABLELEVEL, TYPEID, BASETABLENAME, DEFAULT_TEMPLATE, PARTITIONPLAN ) values ( 'DC_E_TEST:((2)):DC_E_TEST_ENODEBFUNCTION_V:DAY', 'DAY', 'DC_E_TEST:((2)):DC_E_TEST_ENODEBFUNCTION_V', 'DC_E_TEST_ENODEBFUNCTION_V_DAY', null, 'extralarge_day' );
insert into Measurementcolumn ( MTABLEID, DATANAME, COLNUMBER, DATATYPE, DATASIZE, DATASCALE, UNIQUEVALUE, NULLABLE, INDEXES, DESCRIPTION, DATAID, RELEASEID, UNIQUEKEY, INCLUDESQL, COLTYPE, FOLLOWJOHN ) values ( 'DC_E_TEST:((2)):DC_E_TEST_ENODEBFUNCTION_V:DAY', 'DCVECTOR_INDEX', 1, 'integer', 0, 0, 255, 1, 'HG', 'Vector index', 'DCVECTOR_INDEX', 'DC_E_TEST:((1))', 1, 1, 'KEY', null );
insert into Measurementcolumn ( MTABLEID, DATANAME, COLNUMBER, DATATYPE, DATASIZE, DATASCALE, UNIQUEVALUE, NULLABLE, INDEXES, DESCRIPTION, DATAID, RELEASEID, UNIQUEKEY, INCLUDESQL, COLTYPE, FOLLOWJOHN ) values ( 'DC_E_TEST:((2)):DC_E_TEST_ENODEBFUNCTION_V:DAY', 'MOID', 2, 'varchar', 255, 0, 255, 0, 'HG', 'Managed Object Id', 'MOID', 'DC_E_TEST:((1))', 1, 1, 'KEY', null );
insert into Measurementcolumn ( MTABLEID, DATANAME, COLNUMBER, DATATYPE, DATASIZE, DATASCALE, UNIQUEVALUE, NULLABLE, INDEXES, DESCRIPTION, DATAID, RELEASEID, UNIQUEKEY, INCLUDESQL, COLTYPE, FOLLOWJOHN ) values ( 'DC_E_TEST:((2)):DC_E_TEST_ENODEBFUNCTION_V:DAY', 'DATE_ID', 3, 'date', 0, 0, 255, 1, 'LF', '', 'DATE_ID', 'BASE_TP_090421', 1, 1, 'PUBLICKEY', null );
insert into Measurementcolumn ( MTABLEID, DATANAME, COLNUMBER, DATATYPE, DATASIZE, DATASCALE, UNIQUEVALUE, NULLABLE, INDEXES, DESCRIPTION, DATAID, RELEASEID, UNIQUEKEY, INCLUDESQL, COLTYPE, FOLLOWJOHN ) values ( 'DC_E_TEST:((2)):DC_E_TEST_ENODEBFUNCTION_V:DAY', 'ROWSTATUS', 4, 'varchar', 16, 0, 10, 1, '', '', 'ROWSTATUS', 'BASE_TP_090421', 0, 1, 'PUBLICKEY', null );
insert into Measurementcolumn ( MTABLEID, DATANAME, COLNUMBER, DATATYPE, DATASIZE, DATASCALE, UNIQUEVALUE, NULLABLE, INDEXES, DESCRIPTION, DATAID, RELEASEID, UNIQUEKEY, INCLUDESQL, COLTYPE, FOLLOWJOHN ) values ( 'DC_E_TEST:((2)):DC_E_TEST_ENODEBFUNCTION_V:DAY', 'pmHwUtilDl', 5, 'numeric', 18, 0, 255, 1, '', '"pmHwUtilDl: PDF for hardware utilization in the downlink direction.  PDF ranges: [0]: [0..5]%, [1]: ]5..10]%, [2]: ]10..15]%, [3]: ]15..20]%, [4]: ]20..25]%, [5]: ]25..30]%, [6]: ]30..35]%, [7]: ]35..40]%, [8]: ]40..45]%, [9]: ]45..50]%, [10]: ]50..55]%, [11]: ]55..60]%, [12]: ]60..65]%, [13]: ]65..70]%, [14]: ]70..75]%, [15]: ]75..80]%, [16]: ]80..85]%, [17]: ]85..90]%, [18]: ]90..95]%, [19]: ]95..100]%  Condition: The PDF shall be updated each TTI with the percentage of hardware resources used.  Counter is reset after measurement period: Yes  Counter type: PDF   Scanner: Not included in any predefined scanner  Unit: %"', 'pmHwUtilDl', 'DC_E_TEST:((1))', 0, 1, 'COUNTER', null );
insert into Measurementcolumn ( MTABLEID, DATANAME, COLNUMBER, DATATYPE, DATASIZE, DATASCALE, UNIQUEVALUE, NULLABLE, INDEXES, DESCRIPTION, DATAID, RELEASEID, UNIQUEKEY, INCLUDESQL, COLTYPE, FOLLOWJOHN ) values ( 'DC_E_TEST:((2)):DC_E_TEST_ENODEBFUNCTION_V:DAY', 'pmHwUtilUl', 6, 'numeric', 18, 0, 255, 1, '', '"pmHwUtilUl: PDF for hardware utilization in the uplink direction.

PDF ranges:
[0]: [0..5]%,
[1]: ]5..10]%,
[2]: ]10..15]%,
[3]: ]15..20]%,
[4]: ]20..25]%,
[5]: ]25..30]%,
[6]: ]30..35]%,
[7]: ]35..40]%,
[8]: ]40..45]%,
[9]: ]45..50]%,
[10]: ]50..55]%,
[11]: ]55..60]%,
[12]: ]60..65]%,
[13]: ]65..70]%,
[14]: ]70..75]%,
[15]: ]75..80]%,
[16]: ]80..85]%,
[17]: ]85..90]%,
[18]: ]90..95]%,
[19]: ]95..100]%

Condition: The PDF shall be updated each TTI with the percentage of PDCCH resources used.

Counter is reset after measurement period: Yes

Counter type: PDF 

Scanner: Not included in any predefined scanner

Unit: %"', 'pmHwUtilUl', 'DC_E_TEST:((1))', 0, 1, 'COUNTER', null );
insert into Measurementtypeclass ( TYPECLASSID, VERSIONID, DESCRIPTION ) values ( 'DC_E_TEST:((2)):DC_E_TEST_DEFAULT', 'DC_E_TEST:((2))', 'DEFAULT' );
insert into Measurementtypeclass ( TYPECLASSID, VERSIONID, DESCRIPTION ) values ( 'DC_E_TEST:((2)):DC_E_TEST_CapacityConnectedUs', 'DC_E_TEST:((2))', 'CapacityConnectedUsers' );
insert into Measurementtypeclass ( TYPECLASSID, VERSIONID, DESCRIPTION ) values ( 'DC_E_TEST:((2)):DC_E_TEST_DlBasebandCapacity', 'DC_E_TEST:((2))', 'DlBasebandCapacity' );
insert into Measurementtypeclass ( TYPECLASSID, VERSIONID, DESCRIPTION ) values ( 'DC_E_TEST:((2)):DC_E_TEST_UlBasebandCapacity', 'DC_E_TEST:((2))', 'UlBasebandCapacity' );
insert into Measurementtypeclass ( TYPECLASSID, VERSIONID, DESCRIPTION ) values ( 'DC_E_TEST:((2)):DC_E_TEST_PmUeMeasControl', 'DC_E_TEST:((2))', 'PmUeMeasControl' );
insert into Measurementtypeclass ( TYPECLASSID, VERSIONID, DESCRIPTION ) values ( 'DC_E_TEST:((2)):DC_E_TEST_EUtranCellRelation', 'DC_E_TEST:((2))', 'EUtranCellRelation' );
insert into Measurementtypeclass ( TYPECLASSID, VERSIONID, DESCRIPTION ) values ( 'DC_E_TEST:((2)):DC_E_TEST_SecurityHandling', 'DC_E_TEST:((2))', 'SecurityHandling' );
insert into Measurementtype ( TYPEID, TYPECLASSID, TYPENAME, VENDORID, FOLDERNAME, DESCRIPTION, STATUS, VERSIONID, OBJECTID, OBJECTNAME, OBJECTVERSION, OBJECTTYPE, JOINABLE, SIZING, TOTALAGG, ELEMENTBHSUPPORT, RANKINGTABLE, DELTACALCSUPPORT, PLAINTABLE, UNIVERSEEXTENSION, VECTORSUPPORT, DATAFORMATSUPPORT, FOLLOWJOHN, ONEMINAGG, FIFTEENMINAGG, EVENTSCALCTABLE, MIXEDPARTITIONSTABLE, LOADFILE_DUP_CHECK ) values ( 'DC_E_TEST:((2)):DC_E_TEST_SECURITYHANDLING', 'DC_E_TEST:((2)):DC_E_TEST_SecurityHandling', 'DC_E_TEST_SECURITYHANDLING', 'DC_E_TEST', 'DC_E_TEST_SECURITYHANDLING', 'Models the manageable characteristics of the security handling except security handling during X2 handover and S1 handover. These characteristics are then used by all instances of the RRC dedicated protocol.', null, 'DC_E_TEST:((2))', 'DC_E_TEST:((2)):DC_E_TEST_SECURITYHANDLING', 'DC_E_TEST_SECURITYHANDLING', null, null, 'MOID', 'medium', 1, 1, 0, 0, 0, 'ALL', 0, 1, null, null, null, null, null, null );
insert into Measurementkey ( TYPEID, DATANAME, DESCRIPTION, ISELEMENT, UNIQUEKEY, COLNUMBER, DATATYPE, DATASIZE, DATASCALE, UNIQUEVALUE, NULLABLE, INDEXES, INCLUDESQL, UNIVOBJECT, JOINABLE, DATAID ) values ( 'DC_E_TEST:((2)):DC_E_TEST_SECURITYHANDLING', 'MOID', 'Managed Object Id', 1, 1, 17, 'varchar', 28, 0, 255, 0, '', 1, 'MOID', 1, 'MOID' );
insert into Measurementcounter ( TYPEID, DATANAME, DESCRIPTION, TIMEAGGREGATION, GROUPAGGREGATION, COUNTAGGREGATION, COLNUMBER, DATATYPE, DATASIZE, DATASCALE, INCLUDESQL, UNIVOBJECT, UNIVCLASS, COUNTERTYPE, COUNTERPROCESS, DATAID, FOLLOWJOHN ) values ( 'DC_E_TEST:((2)):DC_E_TEST_SECURITYHANDLING', 'pmRrcSecFailIntegrity', '"pmRrcSecFailIntegrity: The total number of verification failures of RRC messages in the RBS.

Condition: The counter will be incremented every time an RRC verification failure is reported.

Counter is reset after measurement period: Yes

Counter type: PEG

Scanner: Not included in any predefined scanner

Unit: -"', 'SUM', 'SUM', 'PEG', 244, 'numeric', 16, 0, 1, 'pmRrcSecFailIntegrity', '', 'PEG', 'PEG', 'pmRrcSecFailIntegrity', null );
insert into Measurementcounter ( TYPEID, DATANAME, DESCRIPTION, TIMEAGGREGATION, GROUPAGGREGATION, COUNTAGGREGATION, COLNUMBER, DATATYPE, DATASIZE, DATASCALE, INCLUDESQL, UNIVOBJECT, UNIVCLASS, COUNTERTYPE, COUNTERPROCESS, DATAID, FOLLOWJOHN ) values ( 'DC_E_TEST:((2)):DC_E_TEST_SECURITYHANDLING', 'pmResAgain2', '"pmRrcSecFailIntegrity: The total number of verification failures of RRC messages in the RBS.

Condition: The counter will be incremented every time an RRC verification failure is reported.

Counter is reset after measurement period: Yes

Counter type: PEG

Scanner: Not included in any predefined scanner

Unit: -"', 'SUM', 'SUM', 'PEG', 245, 'varchar', 32, 0, 1, 'pmResAgain2', '', 'PEG', 'PEG', 'pmRrcSecFailIntegrity-2', null );
insert into Measurementtable ( MTABLEID, TABLELEVEL, TYPEID, BASETABLENAME, DEFAULT_TEMPLATE, PARTITIONPLAN ) values ( 'DC_E_TEST:((2)):DC_E_TEST_SECURITYHANDLING:RAW', 'RAW', 'DC_E_TEST:((2)):DC_E_TEST_SECURITYHANDLING', 'DC_E_TEST_SECURITYHANDLING_RAW', null, 'medium_raw' );
insert into Measurementcolumn ( MTABLEID, DATANAME, COLNUMBER, DATATYPE, DATASIZE, DATASCALE, UNIQUEVALUE, NULLABLE, INDEXES, DESCRIPTION, DATAID, RELEASEID, UNIQUEKEY, INCLUDESQL, COLTYPE, FOLLOWJOHN ) values ( 'DC_E_TEST:((2)):DC_E_TEST_SECURITYHANDLING:RAW', 'MOID', 1, 'varchar', 28, 0, 255, 0, '', 'Managed Object Id', 'MOID', 'DC_E_TEST:((2))', 1, 1, 'KEY', null );
insert into Measurementcolumn ( MTABLEID, DATANAME, COLNUMBER, DATATYPE, DATASIZE, DATASCALE, UNIQUEVALUE, NULLABLE, INDEXES, DESCRIPTION, DATAID, RELEASEID, UNIQUEKEY, INCLUDESQL, COLTYPE, FOLLOWJOHN ) values ( 'DC_E_TEST:((2)):DC_E_TEST_SECURITYHANDLING:RAW', 'DATE_ID', 2, 'date', 0, 0, 255, 1, '', '', 'DATE_ID', 'BASE_TP_090421', 0, 0, 'PUBLICKEY', null );
insert into Measurementcolumn ( MTABLEID, DATANAME, COLNUMBER, DATATYPE, DATASIZE, DATASCALE, UNIQUEVALUE, NULLABLE, INDEXES, DESCRIPTION, DATAID, RELEASEID, UNIQUEKEY, INCLUDESQL, COLTYPE, FOLLOWJOHN ) values ( 'DC_E_TEST:((2)):DC_E_TEST_SECURITYHANDLING:RAW', 'ROWSTATUS', 3, 'varchar', 16, 0, 10, 1, '', '', 'ROWSTATUS', 'BASE_TP_090421', 0, 1, 'PUBLICKEY', null );
insert into Measurementcolumn ( MTABLEID, DATANAME, COLNUMBER, DATATYPE, DATASIZE, DATASCALE, UNIQUEVALUE, NULLABLE, INDEXES, DESCRIPTION, DATAID, RELEASEID, UNIQUEKEY, INCLUDESQL, COLTYPE, FOLLOWJOHN ) values ( 'DC_E_TEST:((2)):DC_E_TEST_SECURITYHANDLING:RAW', 'pmRrcSecFailIntegrity', 4, 'numeric', 16, 0, 255, 1, '', '"pmRrcSecFailIntegrity: The total number of verification failures of RRC messages in the RBS.

Condition: The counter will be incremented every time an RRC verification failure is reported.

Counter is reset after measurement period: Yes

Counter type: PEG

Scanner: Not included in any predefined scanner

Unit: -"', 'pmRrcSecFailIntegrity', 'DC_E_TEST:((2))', 0, 1, 'COUNTER', null );
insert into Measurementcolumn ( MTABLEID, DATANAME, COLNUMBER, DATATYPE, DATASIZE, DATASCALE, UNIQUEVALUE, NULLABLE, INDEXES, DESCRIPTION, DATAID, RELEASEID, UNIQUEKEY, INCLUDESQL, COLTYPE, FOLLOWJOHN ) values ( 'DC_E_TEST:((2)):DC_E_TEST_SECURITYHANDLING:RAW', 'pmResAgain2', 5, 'varchar', 32, 0, 255, 1, '', '"pmRrcSecFailIntegrity: The total number of verification failures of RRC messages in the RBS.

Condition: The counter will be incremented every time an RRC verification failure is reported.

Counter is reset after measurement period: Yes

Counter type: PEG

Scanner: Not included in any predefined scanner

Unit: -"', 'pmRrcSecFailIntegrity-2', 'DC_E_TEST:((2))', 0, 1, 'COUNTER', null );
insert into Measurementtable ( MTABLEID, TABLELEVEL, TYPEID, BASETABLENAME, DEFAULT_TEMPLATE, PARTITIONPLAN ) values ( 'DC_E_TEST:((2)):DC_E_TEST_SECURITYHANDLING:DAY', 'DAY', 'DC_E_TEST:((2)):DC_E_TEST_SECURITYHANDLING', 'DC_E_TEST_SECURITYHANDLING_DAY', null, 'medium_day' );
insert into Measurementcolumn ( MTABLEID, DATANAME, COLNUMBER, DATATYPE, DATASIZE, DATASCALE, UNIQUEVALUE, NULLABLE, INDEXES, DESCRIPTION, DATAID, RELEASEID, UNIQUEKEY, INCLUDESQL, COLTYPE, FOLLOWJOHN ) values ( 'DC_E_TEST:((2)):DC_E_TEST_SECURITYHANDLING:DAY', 'MOID', 1, 'varchar', 28, 0, 255, 0, '', 'Managed Object Id', 'MOID', 'DC_E_TEST:((2))', 1, 1, 'KEY', null );
insert into Measurementcolumn ( MTABLEID, DATANAME, COLNUMBER, DATATYPE, DATASIZE, DATASCALE, UNIQUEVALUE, NULLABLE, INDEXES, DESCRIPTION, DATAID, RELEASEID, UNIQUEKEY, INCLUDESQL, COLTYPE, FOLLOWJOHN ) values ( 'DC_E_TEST:((2)):DC_E_TEST_SECURITYHANDLING:DAY', 'DATE_ID', 2, 'date', 0, 0, 255, 1, '', '', 'DATE_ID', 'BASE_TP_090421', 1, 1, 'PUBLICKEY', null );
insert into Measurementcolumn ( MTABLEID, DATANAME, COLNUMBER, DATATYPE, DATASIZE, DATASCALE, UNIQUEVALUE, NULLABLE, INDEXES, DESCRIPTION, DATAID, RELEASEID, UNIQUEKEY, INCLUDESQL, COLTYPE, FOLLOWJOHN ) values ( 'DC_E_TEST:((2)):DC_E_TEST_SECURITYHANDLING:DAY', 'ROWSTATUS', 3, 'varchar', 16, 0, 10, 1, '', '', 'ROWSTATUS', 'BASE_TP_090421', 0, 1, 'PUBLICKEY', null );
insert into Measurementcolumn ( MTABLEID, DATANAME, COLNUMBER, DATATYPE, DATASIZE, DATASCALE, UNIQUEVALUE, NULLABLE, INDEXES, DESCRIPTION, DATAID, RELEASEID, UNIQUEKEY, INCLUDESQL, COLTYPE, FOLLOWJOHN ) values ( 'DC_E_TEST:((2)):DC_E_TEST_SECURITYHANDLING:DAY', 'pmRrcSecFailIntegrity', 4, 'numeric', 16, 0, 255, 1, '', '"pmRrcSecFailIntegrity: The total number of verification failures of RRC messages in the RBS.

Condition: The counter will be incremented every time an RRC verification failure is reported.

Counter is reset after measurement period: Yes

Counter type: PEG

Scanner: Not included in any predefined scanner

Unit: -"', 'pmRrcSecFailIntegrity', 'DC_E_TEST:((2))', 0, 1, 'COUNTER', null );
insert into Measurementcolumn ( MTABLEID, DATANAME, COLNUMBER, DATATYPE, DATASIZE, DATASCALE, UNIQUEVALUE, NULLABLE, INDEXES, DESCRIPTION, DATAID, RELEASEID, UNIQUEKEY, INCLUDESQL, COLTYPE, FOLLOWJOHN ) values ( 'DC_E_TEST:((2)):DC_E_TEST_SECURITYHANDLING:DAY', 'pmResAgain2', 5, 'varchar', 32, 0, 255, 1, '', '"pmRrcSecFailIntegrity: The total number of verification failures of RRC messages in the RBS.

Condition: The counter will be incremented every time an RRC verification failure is reported.

Counter is reset after measurement period: Yes

Counter type: PEG

Scanner: Not included in any predefined scanner

Unit: -"', 'pmRrcSecFailIntegrity-2', 'DC_E_TEST:((2))', 0, 1, 'COUNTER', null );
insert into Measurementtype ( TYPEID, TYPECLASSID, TYPENAME, VENDORID, FOLDERNAME, DESCRIPTION, STATUS, VERSIONID, OBJECTID, OBJECTNAME, OBJECTVERSION, OBJECTTYPE, JOINABLE, SIZING, TOTALAGG, ELEMENTBHSUPPORT, RANKINGTABLE, DELTACALCSUPPORT, PLAINTABLE, UNIVERSEEXTENSION, VECTORSUPPORT, DATAFORMATSUPPORT, FOLLOWJOHN, ONEMINAGG, FIFTEENMINAGG, EVENTSCALCTABLE, MIXEDPARTITIONSTABLE, LOADFILE_DUP_CHECK ) values ( 'DC_E_TEST:((2)):DC_E_TEST_SH', 'DC_E_TEST:((2)):DC_E_TEST_SecurityHandling', 'DC_E_TEST_SH', 'DC_E_TEST', 'DC_E_TEST_SH', 'Models the manageable characteristics of the security handling except security handling during X2 handover and S1 handover. These characteristics are then used by all instances of the RRC dedicated protocol.', null, 'DC_E_TEST:((2))', 'DC_E_TEST:((2)):DC_E_TEST_SH', 'DC_E_TEST_SH', null, null, '', 'medium', 1, 1, 0, 0, 0, 'ALL', 0, 1, null, null, null, null, null, null );
insert into Measurementkey ( TYPEID, DATANAME, DESCRIPTION, ISELEMENT, UNIQUEKEY, COLNUMBER, DATATYPE, DATASIZE, DATASCALE, UNIQUEVALUE, NULLABLE, INDEXES, INCLUDESQL, UNIVOBJECT, JOINABLE, DATAID ) values ( 'DC_E_TEST:((2)):DC_E_TEST_SH', 'MOID', 'Managed Object Id', 1, 0, 17, 'numeric', 16, 2, 255, 1, '', 0, 'MOID', null, 'MOID-2' );
insert into Measurementcounter ( TYPEID, DATANAME, DESCRIPTION, TIMEAGGREGATION, GROUPAGGREGATION, COUNTAGGREGATION, COLNUMBER, DATATYPE, DATASIZE, DATASCALE, INCLUDESQL, UNIVOBJECT, UNIVCLASS, COUNTERTYPE, COUNTERPROCESS, DATAID, FOLLOWJOHN ) values ( 'DC_E_TEST:((2)):DC_E_TEST_SH', 'secHandling', '"pmRrcSecFailIntegrity: The total number of verification failures of RRC messages in the RBS.

Condition: The counter will be incremented every time an RRC verification failure is reported.

Counter is reset after measurement period: Yes

Counter type: PEG

Scanner: Not included in any predefined scanner

Unit: -"', 'SUM', 'SUM', 'PEG', 244, 'numeric', 18, 2, 1, 'secHandling', '', 'PEG', 'PEG', 'pmRrcSecFailIntegrity-2', null );
insert into Measurementtable ( MTABLEID, TABLELEVEL, TYPEID, BASETABLENAME, DEFAULT_TEMPLATE, PARTITIONPLAN ) values ( 'DC_E_TEST:((2)):DC_E_TEST_SH:RAW', 'RAW', 'DC_E_TEST:((2)):DC_E_TEST_SH', 'DC_E_TEST_SH_RAW', null, 'medium_raw' );
insert into Measurementcolumn ( MTABLEID, DATANAME, COLNUMBER, DATATYPE, DATASIZE, DATASCALE, UNIQUEVALUE, NULLABLE, INDEXES, DESCRIPTION, DATAID, RELEASEID, UNIQUEKEY, INCLUDESQL, COLTYPE, FOLLOWJOHN ) values ( 'DC_E_TEST:((2)):DC_E_TEST_SH:RAW', 'MOID', 1, 'numeric', 16, 2, 255, 1, '', 'Managed Object Id', 'MOID-2', 'DC_E_TEST:((2))', 0, 0, 'KEY', null );
insert into Measurementcolumn ( MTABLEID, DATANAME, COLNUMBER, DATATYPE, DATASIZE, DATASCALE, UNIQUEVALUE, NULLABLE, INDEXES, DESCRIPTION, DATAID, RELEASEID, UNIQUEKEY, INCLUDESQL, COLTYPE, FOLLOWJOHN ) values ( 'DC_E_TEST:((2)):DC_E_TEST_SH:RAW', 'DATE_ID', 2, 'date', 0, 0, 255, 1, 'LF', '', 'DATE_ID', 'BASE_TP_090421', 0, 0, 'PUBLICKEY', null );
insert into Measurementcolumn ( MTABLEID, DATANAME, COLNUMBER, DATATYPE, DATASIZE, DATASCALE, UNIQUEVALUE, NULLABLE, INDEXES, DESCRIPTION, DATAID, RELEASEID, UNIQUEKEY, INCLUDESQL, COLTYPE, FOLLOWJOHN ) values ( 'DC_E_TEST:((2)):DC_E_TEST_SH:RAW', 'ROWSTATUS', 3, 'varchar', 16, 0, 10, 1, '', '', 'ROWSTATUS', 'BASE_TP_090421', 0, 1, 'PUBLICKEY', null );
insert into Measurementcolumn ( MTABLEID, DATANAME, COLNUMBER, DATATYPE, DATASIZE, DATASCALE, UNIQUEVALUE, NULLABLE, INDEXES, DESCRIPTION, DATAID, RELEASEID, UNIQUEKEY, INCLUDESQL, COLTYPE, FOLLOWJOHN ) values ( 'DC_E_TEST:((2)):DC_E_TEST_SH:RAW', 'secHandling', 4, 'numeric', 18, 2, 255, 1, '', '"pmRrcSecFailIntegrity: The total number of verification failures of RRC messages in the RBS.

Condition: The counter will be incremented every time an RRC verification failure is reported.

Counter is reset after measurement period: Yes

Counter type: PEG

Scanner: Not included in any predefined scanner

Unit: -"', 'pmRrcSecFailIntegrity-2', 'DC_E_TEST:((2))', 0, 1, 'COUNTER', null );
insert into Measurementtable ( MTABLEID, TABLELEVEL, TYPEID, BASETABLENAME, DEFAULT_TEMPLATE, PARTITIONPLAN ) values ( 'DC_E_TEST:((2)):DC_E_TEST_SH:DAY', 'DAY', 'DC_E_TEST:((2)):DC_E_TEST_SH', 'DC_E_TEST_SH_DAY', null, 'medium_day' );
insert into Measurementcolumn ( MTABLEID, DATANAME, COLNUMBER, DATATYPE, DATASIZE, DATASCALE, UNIQUEVALUE, NULLABLE, INDEXES, DESCRIPTION, DATAID, RELEASEID, UNIQUEKEY, INCLUDESQL, COLTYPE, FOLLOWJOHN ) values ( 'DC_E_TEST:((2)):DC_E_TEST_SH:DAY', 'MOID', 1, 'numeric', 16, 2, 255, 1, '', 'Managed Object Id', 'MOID-2', 'DC_E_TEST:((2))', 0, 0, 'KEY', null );
insert into Measurementcolumn ( MTABLEID, DATANAME, COLNUMBER, DATATYPE, DATASIZE, DATASCALE, UNIQUEVALUE, NULLABLE, INDEXES, DESCRIPTION, DATAID, RELEASEID, UNIQUEKEY, INCLUDESQL, COLTYPE, FOLLOWJOHN ) values ( 'DC_E_TEST:((2)):DC_E_TEST_SH:DAY', 'DATE_ID', 2, 'date', 0, 0, 255, 1, 'LF', '', 'DATE_ID', 'BASE_TP_090421', 1, 1, 'PUBLICKEY', null );
insert into Measurementcolumn ( MTABLEID, DATANAME, COLNUMBER, DATATYPE, DATASIZE, DATASCALE, UNIQUEVALUE, NULLABLE, INDEXES, DESCRIPTION, DATAID, RELEASEID, UNIQUEKEY, INCLUDESQL, COLTYPE, FOLLOWJOHN ) values ( 'DC_E_TEST:((2)):DC_E_TEST_SH:DAY', 'ROWSTATUS', 3, 'varchar', 16, 0, 10, 1, '', '', 'ROWSTATUS', 'BASE_TP_090421', 0, 1, 'PUBLICKEY', null );
insert into Measurementcolumn ( MTABLEID, DATANAME, COLNUMBER, DATATYPE, DATASIZE, DATASCALE, UNIQUEVALUE, NULLABLE, INDEXES, DESCRIPTION, DATAID, RELEASEID, UNIQUEKEY, INCLUDESQL, COLTYPE, FOLLOWJOHN ) values ( 'DC_E_TEST:((2)):DC_E_TEST_SH:DAY', 'secHandling', 4, 'numeric', 18, 2, 255, 1, '', '"pmRrcSecFailIntegrity: The total number of verification failures of RRC messages in the RBS.

Condition: The counter will be incremented every time an RRC verification failure is reported.

Counter is reset after measurement period: Yes

Counter type: PEG

Scanner: Not included in any predefined scanner

Unit: -"', 'pmRrcSecFailIntegrity-2', 'DC_E_TEST:((2))', 0, 1, 'COUNTER', null );
insert into Measurementtypeclass ( TYPECLASSID, VERSIONID, DESCRIPTION ) values ( 'DC_E_TEST:((2)):DC_E_TEST_DlPrbCapacity', 'DC_E_TEST:((2))', 'DlPrbCapacity' );
insert into Measurementtypeclass ( TYPECLASSID, VERSIONID, DESCRIPTION ) values ( 'DC_E_TEST:((2)):DC_E_TEST_UlPrbCapacity', 'DC_E_TEST:((2))', 'UlPrbCapacity' );
insert into Busyhour ( VERSIONID, BHLEVEL, BHTYPE, BHCRITERIA, WHERECLAUSE, DESCRIPTION, TARGETVERSIONID, BHOBJECT, BHELEMENT, ENABLE, AGGREGATIONTYPE, OFFSET, WINDOWSIZE, LOOKBACK, P_THRESHOLD, N_THRESHOLD, CLAUSE, PLACEHOLDERTYPE, GROUPING, REACTIVATEVIEWS ) values ( 'DC_E_TEST:((2))', 'DC_E_TEST_ELEMBH', 'CP1', '', '', '', 'DC_E_TEST:((2))', 'ELEM', 1, 0, 'RANKBH_TIMELIMITED', 0, 60, 0, 0, 0, '', 'CP', 'None', 0 );
insert into Busyhour ( VERSIONID, BHLEVEL, BHTYPE, BHCRITERIA, WHERECLAUSE, DESCRIPTION, TARGETVERSIONID, BHOBJECT, BHELEMENT, ENABLE, AGGREGATIONTYPE, OFFSET, WINDOWSIZE, LOOKBACK, P_THRESHOLD, N_THRESHOLD, CLAUSE, PLACEHOLDERTYPE, GROUPING, REACTIVATEVIEWS ) values ( 'DC_E_TEST:((2))', 'DC_E_TEST_ELEMBH', 'CP3', '', '', '', 'DC_E_TEST:((2))', 'ELEM', 1, 0, 'RANKBH_TIMELIMITED', 0, 60, 0, 0, 0, '', 'CP', 'None', 0 );
insert into Busyhour ( VERSIONID, BHLEVEL, BHTYPE, BHCRITERIA, WHERECLAUSE, DESCRIPTION, TARGETVERSIONID, BHOBJECT, BHELEMENT, ENABLE, AGGREGATIONTYPE, OFFSET, WINDOWSIZE, LOOKBACK, P_THRESHOLD, N_THRESHOLD, CLAUSE, PLACEHOLDERTYPE, GROUPING, REACTIVATEVIEWS ) values ( 'DC_E_TEST:((2))', 'DC_E_TEST_ELEMBH', 'PP0', '', '', '', 'DC_E_TEST:((2))', 'ELEM', 1, 0, 'RANKBH_TIMELIMITED', 0, 60, 0, 0, 0, '', 'PP', 'None', 0 );
insert into Busyhour ( VERSIONID, BHLEVEL, BHTYPE, BHCRITERIA, WHERECLAUSE, DESCRIPTION, TARGETVERSIONID, BHOBJECT, BHELEMENT, ENABLE, AGGREGATIONTYPE, OFFSET, WINDOWSIZE, LOOKBACK, P_THRESHOLD, N_THRESHOLD, CLAUSE, PLACEHOLDERTYPE, GROUPING, REACTIVATEVIEWS ) values ( 'DC_E_TEST:((2))', 'DC_E_TEST_ELEMBH', 'PP2', '', '', '', 'DC_E_TEST:((2))', 'ELEM', 1, 0, 'RANKBH_TIMELIMITED', 0, 60, 0, 0, 0, '', 'PP', 'None', 0 );
insert into Busyhour ( VERSIONID, BHLEVEL, BHTYPE, BHCRITERIA, WHERECLAUSE, DESCRIPTION, TARGETVERSIONID, BHOBJECT, BHELEMENT, ENABLE, AGGREGATIONTYPE, OFFSET, WINDOWSIZE, LOOKBACK, P_THRESHOLD, N_THRESHOLD, CLAUSE, PLACEHOLDERTYPE, GROUPING, REACTIVATEVIEWS ) values ( 'DC_E_TEST:((2))', 'DC_E_TEST_ELEMBH', 'PP4', '', '', '', 'DC_E_TEST:((2))', 'ELEM', 1, 0, 'RANKBH_TIMELIMITED', 0, 60, 0, 0, 0, '', 'PP', 'None', 0 );
insert into Busyhour ( VERSIONID, BHLEVEL, BHTYPE, BHCRITERIA, WHERECLAUSE, DESCRIPTION, TARGETVERSIONID, BHOBJECT, BHELEMENT, ENABLE, AGGREGATIONTYPE, OFFSET, WINDOWSIZE, LOOKBACK, P_THRESHOLD, N_THRESHOLD, CLAUSE, PLACEHOLDERTYPE, GROUPING, REACTIVATEVIEWS ) values ( 'DC_E_TEST:((2))', 'DC_E_TEST_ELEMBH', 'CP0', '', '', '', 'DC_E_TEST:((2))', 'ELEM', 1, 0, 'RANKBH_TIMELIMITED', 0, 60, 0, 0, 0, '', 'CP', 'None', 0 );
insert into Busyhour ( VERSIONID, BHLEVEL, BHTYPE, BHCRITERIA, WHERECLAUSE, DESCRIPTION, TARGETVERSIONID, BHOBJECT, BHELEMENT, ENABLE, AGGREGATIONTYPE, OFFSET, WINDOWSIZE, LOOKBACK, P_THRESHOLD, N_THRESHOLD, CLAUSE, PLACEHOLDERTYPE, GROUPING, REACTIVATEVIEWS ) values ( 'DC_E_TEST:((2))', 'DC_E_TEST_ELEMBH', 'CP2', '', '', '', 'DC_E_TEST:((2))', 'ELEM', 1, 0, 'RANKBH_TIMELIMITED', 0, 60, 0, 0, 0, '', 'CP', 'None', 0 );
insert into Busyhour ( VERSIONID, BHLEVEL, BHTYPE, BHCRITERIA, WHERECLAUSE, DESCRIPTION, TARGETVERSIONID, BHOBJECT, BHELEMENT, ENABLE, AGGREGATIONTYPE, OFFSET, WINDOWSIZE, LOOKBACK, P_THRESHOLD, N_THRESHOLD, CLAUSE, PLACEHOLDERTYPE, GROUPING, REACTIVATEVIEWS ) values ( 'DC_E_TEST:((2))', 'DC_E_TEST_ELEMBH', 'CP4', '', '', '', 'DC_E_TEST:((2))', 'ELEM', 1, 0, 'RANKBH_TIMELIMITED', 0, 60, 0, 0, 0, '', 'CP', 'None', 0 );
insert into Busyhour ( VERSIONID, BHLEVEL, BHTYPE, BHCRITERIA, WHERECLAUSE, DESCRIPTION, TARGETVERSIONID, BHOBJECT, BHELEMENT, ENABLE, AGGREGATIONTYPE, OFFSET, WINDOWSIZE, LOOKBACK, P_THRESHOLD, N_THRESHOLD, CLAUSE, PLACEHOLDERTYPE, GROUPING, REACTIVATEVIEWS ) values ( 'DC_E_TEST:((2))', 'DC_E_TEST_ELEMBH', 'PP1', '', '', '', 'DC_E_TEST:((2))', 'ELEM', 1, 0, 'RANKBH_TIMELIMITED', 0, 60, 0, 0, 0, '', 'PP', 'None', 0 );
insert into Busyhour ( VERSIONID, BHLEVEL, BHTYPE, BHCRITERIA, WHERECLAUSE, DESCRIPTION, TARGETVERSIONID, BHOBJECT, BHELEMENT, ENABLE, AGGREGATIONTYPE, OFFSET, WINDOWSIZE, LOOKBACK, P_THRESHOLD, N_THRESHOLD, CLAUSE, PLACEHOLDERTYPE, GROUPING, REACTIVATEVIEWS ) values ( 'DC_E_TEST:((2))', 'DC_E_TEST_ELEMBH', 'PP3', '', '', '', 'DC_E_TEST:((2))', 'ELEM', 1, 0, 'RANKBH_TIMELIMITED', 0, 60, 0, 0, 0, '', 'PP', 'None', 0 );
insert into Busyhourplaceholders ( VERSIONID, BHLEVEL, PRODUCTPLACEHOLDERS, CUSTOMPLACEHOLDERS ) values ( 'DC_E_TEST:((2))', 'DC_E_TEST_ELEMBH', 5, 5 );
insert into Techpackdependency ( VERSIONID, TECHPACKNAME, VERSION ) values ( 'DC_E_TEST:((2))', 'DIM_E_LTE', 'R4A' );
insert into Techpackdependency ( VERSIONID, TECHPACKNAME, VERSION ) values ( 'DC_E_TEST:((2))', 'DWH_BASE', 'R2E' );
insert into Techpackdependency ( VERSIONID, TECHPACKNAME, VERSION ) values ( 'DC_E_TEST:((2))', 'DWH_MONITOR', 'R2D' );
insert into Techpackdependency ( VERSIONID, TECHPACKNAME, VERSION ) values ( 'DC_E_TEST:((2))', 'LTE_BASE', 'R1A' );
insert into Universeclass ( VERSIONID, CLASSNAME, UNIVERSEEXTENSION, DESCRIPTION, PARENT, OBJ_BH_REL, ELEM_BH_REL, INHERITANCE, ORDERNRO ) values ( 'DC_E_TEST:((2))', 'Area', 'ALL', 'Area Topology', 'Topology', 0, 0, 0, 6 );
insert into Universeclass ( VERSIONID, CLASSNAME, UNIVERSEEXTENSION, DESCRIPTION, PARENT, OBJ_BH_REL, ELEM_BH_REL, INHERITANCE, ORDERNRO ) values ( 'DC_E_TEST:((2))', 'DC_E_TEST_ELEMBH_Keys', 'ALL', 'TPIDE Generated', 'DC_E_TEST_ELEMBH', 0, 0, 0, 9223372036854775807 );
insert into Universeclass ( VERSIONID, CLASSNAME, UNIVERSEEXTENSION, DESCRIPTION, PARENT, OBJ_BH_REL, ELEM_BH_REL, INHERITANCE, ORDERNRO ) values ( 'DC_E_TEST:((2))', 'ENodeBFunction', 'ALL', 'ENodeBFunction Topology', 'Topology', 0, 0, 0, 3 );
insert into Universeclass ( VERSIONID, CLASSNAME, UNIVERSEEXTENSION, DESCRIPTION, PARENT, OBJ_BH_REL, ELEM_BH_REL, INHERITANCE, ORDERNRO ) values ( 'DC_E_TEST:((2))', 'ERBS', 'ALL', 'ERBS Topology', 'Topology', 0, 0, 0, 1 );
insert into Universeclass ( VERSIONID, CLASSNAME, UNIVERSEEXTENSION, DESCRIPTION, PARENT, OBJ_BH_REL, ELEM_BH_REL, INHERITANCE, ORDERNRO ) values ( 'DC_E_TEST:((2))', 'EUtranCell', 'ALL', 'EUtranCell Topology', 'Topology', 0, 0, 0, 4 );
insert into Universeclass ( VERSIONID, CLASSNAME, UNIVERSEEXTENSION, DESCRIPTION, PARENT, OBJ_BH_REL, ELEM_BH_REL, INHERITANCE, ORDERNRO ) values ( 'DC_E_TEST:((2))', 'EUtranCellRelation', 'ALL', 'EUtranCellRelation Topology', 'Topology', 0, 0, 0, 5 );
insert into Universeclass ( VERSIONID, CLASSNAME, UNIVERSEEXTENSION, DESCRIPTION, PARENT, OBJ_BH_REL, ELEM_BH_REL, INHERITANCE, ORDERNRO ) values ( 'DC_E_TEST:((2))', 'GigaBitEthernet', 'ALL', 'GigaBitEthernet Topology.', 'Topology', 0, 0, 0, 0 );
insert into Universeclass ( VERSIONID, CLASSNAME, UNIVERSEEXTENSION, DESCRIPTION, PARENT, OBJ_BH_REL, ELEM_BH_REL, INHERITANCE, ORDERNRO ) values ( 'DC_E_TEST:((2))', 'Hierarchical Selection', 'ALL', 'Hierarchical Selection for EUtrancell, ERBS, Area or Vendor', 'Topology', 0, 0, 0, 7 );
insert into Universeclass ( VERSIONID, CLASSNAME, UNIVERSEEXTENSION, DESCRIPTION, PARENT, OBJ_BH_REL, ELEM_BH_REL, INHERITANCE, ORDERNRO ) values ( 'DC_E_TEST:((2))', 'LTE Site', 'ALL', 'Site Topology', 'Topology', 0, 0, 0, 2 );
insert into Universeclass ( VERSIONID, CLASSNAME, UNIVERSEEXTENSION, DESCRIPTION, PARENT, OBJ_BH_REL, ELEM_BH_REL, INHERITANCE, ORDERNRO ) values ( 'DC_E_TEST:((2))', 'DC_E_TEST_ENODEBFUNCTION_Keys', 'ALL', 'Keys for DC_E_TEST_ENODEBFUNCTION', 'DC_E_TEST_ENODEBFUNCTION', 0, 0, 0, 9223372036854775807 );
insert into Universeclass ( VERSIONID, CLASSNAME, UNIVERSEEXTENSION, DESCRIPTION, PARENT, OBJ_BH_REL, ELEM_BH_REL, INHERITANCE, ORDERNRO ) values ( 'DC_E_TEST:((2))', 'DC_E_TEST_ENODEBFUNCTION_V_Keys', 'ALL', 'Keys for DC_E_TEST_ENODEBFUNCTION_V', 'DC_E_TEST_ENODEBFUNCTION_V', 0, 0, 0, 9223372036854775807 );
insert into Universeclass ( VERSIONID, CLASSNAME, UNIVERSEEXTENSION, DESCRIPTION, PARENT, OBJ_BH_REL, ELEM_BH_REL, INHERITANCE, ORDERNRO ) values ( 'DC_E_TEST:((2))', 'DC_E_TEST_SECURITYHANDLING_Keys', 'ALL', 'Keys for DC_E_TEST_SECURITYHANDLING', 'DC_E_TEST_SECURITYHANDLING', 0, 0, 0, 9223372036854775807 );
insert into Universeclass ( VERSIONID, CLASSNAME, UNIVERSEEXTENSION, DESCRIPTION, PARENT, OBJ_BH_REL, ELEM_BH_REL, INHERITANCE, ORDERNRO ) values ( 'DC_E_TEST:((2))', 'DC_E_TEST_SH_Keys', 'ALL', 'Keys for DC_E_TEST_SH', 'DC_E_TEST_SH', 0, 0, 0, 9223372036854775807 );
insert into Verificationobject ( VERSIONID, MEASTYPE, MEASLEVEL, OBJECTCLASS, OBJECTNAME ) values ( 'DC_E_TEST:((2))', 'ALL', 'ELEM_DAY', 'Busy Hour', 'Busy Hour' );
insert into Verificationobject ( VERSIONID, MEASTYPE, MEASLEVEL, OBJECTCLASS, OBJECTNAME ) values ( 'DC_E_TEST:((2))', 'ALL', 'ELEM_DAY', 'Element (Busy Hour)', 'Element Name' );
insert into Verificationobject ( VERSIONID, MEASTYPE, MEASLEVEL, OBJECTCLASS, OBJECTNAME ) values ( 'DC_E_TEST:((2))', 'ALL', 'ELEM_DAY', 'Time', 'Date' );
insert into Verificationobject ( VERSIONID, MEASTYPE, MEASLEVEL, OBJECTCLASS, OBJECTNAME ) values ( 'DC_E_TEST:((2))', 'ALL', 'ELEM_RAW', 'ERBS', 'ERBS Name' );
insert into Verificationobject ( VERSIONID, MEASTYPE, MEASLEVEL, OBJECTCLASS, OBJECTNAME ) values ( 'DC_E_TEST:((2))', 'ALL', 'ELEM_RAW', 'Time', 'Date' );
insert into Verificationobject ( VERSIONID, MEASTYPE, MEASLEVEL, OBJECTCLASS, OBJECTNAME ) values ( 'DC_E_TEST:((2))', 'ALL', 'ELEM_RAW', 'Time', 'Hour' );
insert into Verificationobject ( VERSIONID, MEASTYPE, MEASLEVEL, OBJECTCLASS, OBJECTNAME ) values ( 'DC_E_TEST:((2))', 'ALL', 'TOTAL_DAY', 'Time', 'Date' );
insert into Verificationobject ( VERSIONID, MEASTYPE, MEASLEVEL, OBJECTCLASS, OBJECTNAME ) values ( 'DC_E_TEST:((2))', 'ALL', 'TOTAL_RAW', 'Time', 'Date' );
insert into Verificationobject ( VERSIONID, MEASTYPE, MEASLEVEL, OBJECTCLASS, OBJECTNAME ) values ( 'DC_E_TEST:((2))', 'ALL', 'TOTAL_RAW', 'Time', 'Hour' );
insert into Verificationobject ( VERSIONID, MEASTYPE, MEASLEVEL, OBJECTCLASS, OBJECTNAME ) values ( 'DC_E_TEST:((2))', 'ALL', 'TOTAL_RAW', 'Time', 'Min' );
insert into Verificationcondition ( VERSIONID, FACTTABLE, VERLEVEL, CONDITIONCLASS, VERCONDITION, PROMPTNAME1, PROMPTVALUE1, PROMPTNAME2, PROMPTVALUE2, OBJECTCONDITION, PROMPTNAME3, PROMPTVALUE3 ) values ( 'DC_E_TEST:((2))', 'ALL', 'ELEMBH_DAY', 'Busy Hour', 'Select Element Busy Hour Type', 'Element Busy Hour Type', '-', '', '', null, '', '' );
insert into Verificationcondition ( VERSIONID, FACTTABLE, VERLEVEL, CONDITIONCLASS, VERCONDITION, PROMPTNAME1, PROMPTVALUE1, PROMPTNAME2, PROMPTVALUE2, OBJECTCONDITION, PROMPTNAME3, PROMPTVALUE3 ) values ( 'DC_E_TEST:((2))', 'ALL', 'ELEMBH_DAY', 'Element (Busy Hour)', 'Select Element Name', 'Select Element Name', '-', '', '', null, '', '' );
insert into Verificationcondition ( VERSIONID, FACTTABLE, VERLEVEL, CONDITIONCLASS, VERCONDITION, PROMPTNAME1, PROMPTVALUE1, PROMPTNAME2, PROMPTVALUE2, OBJECTCONDITION, PROMPTNAME3, PROMPTVALUE3 ) values ( 'DC_E_TEST:((2))', 'ALL', 'ELEMBH_RAW', 'ERBS', 'Select ERBS Name', 'Select ERBS Name', '-', '', '', null, '', '' );
insert into Verificationcondition ( VERSIONID, FACTTABLE, VERLEVEL, CONDITIONCLASS, VERCONDITION, PROMPTNAME1, PROMPTVALUE1, PROMPTNAME2, PROMPTVALUE2, OBJECTCONDITION, PROMPTNAME3, PROMPTVALUE3 ) values ( 'DC_E_TEST:((2))', 'ALL', 'ELEMBH_RAW', 'General', 'Select Filter', 'Select Filter(s)', '-', '', '', null, '', '' );
insert into Verificationcondition ( VERSIONID, FACTTABLE, VERLEVEL, CONDITIONCLASS, VERCONDITION, PROMPTNAME1, PROMPTVALUE1, PROMPTNAME2, PROMPTVALUE2, OBJECTCONDITION, PROMPTNAME3, PROMPTVALUE3 ) values ( 'DC_E_TEST:((2))', 'ALL', 'KEYTOPOLOGY', 'All', 'Select MOID', 'Select MOID', '-', '', '', null, '', '' );
insert into Verificationcondition ( VERSIONID, FACTTABLE, VERLEVEL, CONDITIONCLASS, VERCONDITION, PROMPTNAME1, PROMPTVALUE1, PROMPTNAME2, PROMPTVALUE2, OBJECTCONDITION, PROMPTNAME3, PROMPTVALUE3 ) values ( 'DC_E_TEST:((2))', 'ALL', 'TOPOLOGY', 'ERBS', 'Select ERBS Id', 'Select ERBS Id', '1', '', '', null, '', '' );
insert into Verificationcondition ( VERSIONID, FACTTABLE, VERLEVEL, CONDITIONCLASS, VERCONDITION, PROMPTNAME1, PROMPTVALUE1, PROMPTNAME2, PROMPTVALUE2, OBJECTCONDITION, PROMPTNAME3, PROMPTVALUE3 ) values ( 'DC_E_TEST:((2))', 'ALL', 'TOTAL_DAY', 'Selection', 'Select Date', 'Date', '6.12.2008', '', '', null, '', '' );
insert into Verificationcondition ( VERSIONID, FACTTABLE, VERLEVEL, CONDITIONCLASS, VERCONDITION, PROMPTNAME1, PROMPTVALUE1, PROMPTNAME2, PROMPTVALUE2, OBJECTCONDITION, PROMPTNAME3, PROMPTVALUE3 ) values ( 'DC_E_TEST:((2))', 'ALL', 'TOTAL_RAW', 'Selection', 'Select Date', 'Date', '6.12.2008', '', '', null, '', '' );
insert into Verificationcondition ( VERSIONID, FACTTABLE, VERLEVEL, CONDITIONCLASS, VERCONDITION, PROMPTNAME1, PROMPTVALUE1, PROMPTNAME2, PROMPTVALUE2, OBJECTCONDITION, PROMPTNAME3, PROMPTVALUE3 ) values ( 'DC_E_TEST:((2))', 'ALL', 'TOTAL_RAW', 'General', 'Select Filter', 'Select Filter(s)', '-', '', '', null, '', '' );
insert into Universetable ( VERSIONID, TABLENAME, UNIVERSEEXTENSION, OWNER, ALIAS, OBJ_BH_REL, ELEM_BH_REL, INHERITANCE, ORDERNRO ) values ( 'DC_E_TEST:((2))', 'DIM_E_LTE_ENODEBFUNCTION', 'ALL', 'DC', '', 0, 0, 0, 3 );
insert into Universetable ( VERSIONID, TABLENAME, UNIVERSEEXTENSION, OWNER, ALIAS, OBJ_BH_REL, ELEM_BH_REL, INHERITANCE, ORDERNRO ) values ( 'DC_E_TEST:((2))', 'DIM_E_LTE_ERBS', 'ALL', 'DC', '', 0, 0, 0, 1 );
insert into Universetable ( VERSIONID, TABLENAME, UNIVERSEEXTENSION, OWNER, ALIAS, OBJ_BH_REL, ELEM_BH_REL, INHERITANCE, ORDERNRO ) values ( 'DC_E_TEST:((2))', 'DIM_E_LTE_EUCELL', 'ALL', 'DC', '', 0, 0, 0, 4 );
insert into Universetable ( VERSIONID, TABLENAME, UNIVERSEEXTENSION, OWNER, ALIAS, OBJ_BH_REL, ELEM_BH_REL, INHERITANCE, ORDERNRO ) values ( 'DC_E_TEST:((2))', 'DIM_E_LTE_EUREL', 'ALL', 'DC', '', 0, 0, 0, 5 );
insert into Universetable ( VERSIONID, TABLENAME, UNIVERSEEXTENSION, OWNER, ALIAS, OBJ_BH_REL, ELEM_BH_REL, INHERITANCE, ORDERNRO ) values ( 'DC_E_TEST:((2))', 'DIM_E_LTE_GIGABITETHERNET', 'ALL', 'DC', '', 0, 0, 0, 0 );
insert into Universetable ( VERSIONID, TABLENAME, UNIVERSEEXTENSION, OWNER, ALIAS, OBJ_BH_REL, ELEM_BH_REL, INHERITANCE, ORDERNRO ) values ( 'DC_E_TEST:((2))', 'DIM_E_LTE_SITE', 'ALL', 'DC', '', 0, 0, 0, 2 );
insert into Universetable ( VERSIONID, TABLENAME, UNIVERSEEXTENSION, OWNER, ALIAS, OBJ_BH_REL, ELEM_BH_REL, INHERITANCE, ORDERNRO ) values ( 'DC_E_TEST:((2))', 'DIM_LTE_AREA', 'ALL', 'DC', '', 0, 0, 0, 6 );
insert into Universetable ( VERSIONID, TABLENAME, UNIVERSEEXTENSION, OWNER, ALIAS, OBJ_BH_REL, ELEM_BH_REL, INHERITANCE, ORDERNRO ) values ( 'DC_E_TEST:((2))', 'SELECT_E_LTE_CELL', 'ALL', 'DC', '', 0, 0, 0, 7 );
insert into Universejoin ( VERSIONID, SOURCETABLE, SOURCELEVEL, SOURCECOLUMN, TARGETTABLE, TARGETLEVEL, TARGETCOLUMN, EXPRESSION, CARDINALITY, CONTEXT, EXCLUDEDCONTEXTS, TMPCOUNTER, ORDERNRO ) values ( 'DC_E_TEST:((2))', 'All', 'All', 'ERBS', 'DC.DIM_E_LTE_ERBS', '', 'ERBS_ID', '', 'n_to_1', '', '', 5211, 0 );
insert into Universejoin ( VERSIONID, SOURCETABLE, SOURCELEVEL, SOURCECOLUMN, TARGETTABLE, TARGETLEVEL, TARGETCOLUMN, EXPRESSION, CARDINALITY, CONTEXT, EXCLUDEDCONTEXTS, TMPCOUNTER, ORDERNRO ) values ( 'DC_E_TEST:((2))', 'All', 'All', 'OSS_ID', 'DC.DIM_E_LTE_ERBS', '', 'OSS_ID', '', 'n_to_1', '', '', 5212, 1 );
insert into Universejoin ( VERSIONID, SOURCETABLE, SOURCELEVEL, SOURCECOLUMN, TARGETTABLE, TARGETLEVEL, TARGETCOLUMN, EXPRESSION, CARDINALITY, CONTEXT, EXCLUDEDCONTEXTS, TMPCOUNTER, ORDERNRO ) values ( 'DC_E_TEST:((2))', 'DC.DC_E_TEST_ENODEBFUNCTION_V', 'All', 'ENodeBFunction', 'DC.DIM_E_LTE_ENODEBFUNCTION', '', 'ENodeBFunction', '', 'n_to_1', '', '', 5213, 10 );
insert into Universejoin ( VERSIONID, SOURCETABLE, SOURCELEVEL, SOURCECOLUMN, TARGETTABLE, TARGETLEVEL, TARGETCOLUMN, EXPRESSION, CARDINALITY, CONTEXT, EXCLUDEDCONTEXTS, TMPCOUNTER, ORDERNRO ) values ( 'DC_E_TEST:((2))', 'DC.DC_E_TEST_ENODEBFUNCTION_V', 'All', 'ERBS', 'DC.DIM_E_LTE_ENODEBFUNCTION', '', 'ERBS_ID', '', 'n_to_1', '', '', 5214, 9 );
insert into Universejoin ( VERSIONID, SOURCETABLE, SOURCELEVEL, SOURCECOLUMN, TARGETTABLE, TARGETLEVEL, TARGETCOLUMN, EXPRESSION, CARDINALITY, CONTEXT, EXCLUDEDCONTEXTS, TMPCOUNTER, ORDERNRO ) values ( 'DC_E_TEST:((2))', 'DC.DC_E_TEST_ENODEBFUNCTION_V', 'All', 'OSS_ID', 'DC.DIM_E_LTE_ENODEBFUNCTION', '', 'OSS_ID', '', 'n_to_1', '', '', 5215, 8 );
insert into Universejoin ( VERSIONID, SOURCETABLE, SOURCELEVEL, SOURCECOLUMN, TARGETTABLE, TARGETLEVEL, TARGETCOLUMN, EXPRESSION, CARDINALITY, CONTEXT, EXCLUDEDCONTEXTS, TMPCOUNTER, ORDERNRO ) values ( 'DC_E_TEST:((2))', 'DC.DC_E_TEST_EUTRANCELLFDD,DC.DC_E_TEST_EUTRANCELLFDD_V,DC.DC_E_TEST_EUTRANCELLRELATION', 'All', 'EUtranCellFDD', 'DC.DIM_E_LTE_EUCELL', '', 'EUtranCellId', '', 'n_to_1', '', '', 5216, 6 );
insert into Universejoin ( VERSIONID, SOURCETABLE, SOURCELEVEL, SOURCECOLUMN, TARGETTABLE, TARGETLEVEL, TARGETCOLUMN, EXPRESSION, CARDINALITY, CONTEXT, EXCLUDEDCONTEXTS, TMPCOUNTER, ORDERNRO ) values ( 'DC_E_TEST:((2))', 'DC.DC_E_TEST_EUTRANCELLFDD,DC.DC_E_TEST_EUTRANCELLTDD,DC.DC_E_TEST_EUTRANCELLRELATION,DC.DC_E_TEST_EUTRANCELLTDD_V,DC.DC_E_TEST_EUTRANCELLFDD_V', 'All', 'ERBS', 'DC.DIM_E_LTE_EUCELL', '', 'ERBS_ID', '', 'n_to_1', '', '', 5217, 5 );
insert into Universejoin ( VERSIONID, SOURCETABLE, SOURCELEVEL, SOURCECOLUMN, TARGETTABLE, TARGETLEVEL, TARGETCOLUMN, EXPRESSION, CARDINALITY, CONTEXT, EXCLUDEDCONTEXTS, TMPCOUNTER, ORDERNRO ) values ( 'DC_E_TEST:((2))', 'DC.DC_E_TEST_EUTRANCELLFDD,DC.DC_E_TEST_EUTRANCELLTDD,DC.DC_E_TEST_EUTRANCELLRELATION,DC.DC_E_TEST_EUTRANCELLTDD_V,DC.DC_E_TEST_EUTRANCELLFDD_V', 'All', 'OSS_ID', 'DC.DIM_E_LTE_EUCELL', '', 'OSS_ID', '', 'n_to_1', '', '', 5218, 4 );
insert into Universejoin ( VERSIONID, SOURCETABLE, SOURCELEVEL, SOURCECOLUMN, TARGETTABLE, TARGETLEVEL, TARGETCOLUMN, EXPRESSION, CARDINALITY, CONTEXT, EXCLUDEDCONTEXTS, TMPCOUNTER, ORDERNRO ) values ( 'DC_E_TEST:((2))', 'DC.DC_E_TEST_EUTRANCELLRELATION', 'All', 'ERBS', 'DC.DIM_E_LTE_EUREL', '', 'ERBS_ID', '', 'n_to_1', '', '', 5219, 12 );
insert into Universejoin ( VERSIONID, SOURCETABLE, SOURCELEVEL, SOURCECOLUMN, TARGETTABLE, TARGETLEVEL, TARGETCOLUMN, EXPRESSION, CARDINALITY, CONTEXT, EXCLUDEDCONTEXTS, TMPCOUNTER, ORDERNRO ) values ( 'DC_E_TEST:((2))', 'DC.DC_E_TEST_EUTRANCELLRELATION', 'All', 'EUtranCellRelation', 'DC.DIM_E_LTE_EUREL', '', 'EUCELLRELATION', '', 'n_to_1', '', '', 5220, 13 );
insert into Universejoin ( VERSIONID, SOURCETABLE, SOURCELEVEL, SOURCECOLUMN, TARGETTABLE, TARGETLEVEL, TARGETCOLUMN, EXPRESSION, CARDINALITY, CONTEXT, EXCLUDEDCONTEXTS, TMPCOUNTER, ORDERNRO ) values ( 'DC_E_TEST:((2))', 'DC.DC_E_TEST_EUTRANCELLRELATION', 'All', 'OSS_ID', 'DC.DIM_E_LTE_EUREL', '', 'OSS_ID', '', 'n_to_1', '', '', 5221, 11 );
insert into Universejoin ( VERSIONID, SOURCETABLE, SOURCELEVEL, SOURCECOLUMN, TARGETTABLE, TARGETLEVEL, TARGETCOLUMN, EXPRESSION, CARDINALITY, CONTEXT, EXCLUDEDCONTEXTS, TMPCOUNTER, ORDERNRO ) values ( 'DC_E_TEST:((2))', 'DC.DC_E_TEST_EUTRANCELLTDD,DC.DC_E_TEST_EUTRANCELLRELATION,DC.DC_E_TEST_EUTRANCELLTDD_V', 'All', 'EUtranCellTDD', 'DC.DIM_E_LTE_EUCELL', '', 'EUtranCellId', '', 'n_to_1', '', '', 5222, 7 );
insert into Universejoin ( VERSIONID, SOURCETABLE, SOURCELEVEL, SOURCECOLUMN, TARGETTABLE, TARGETLEVEL, TARGETCOLUMN, EXPRESSION, CARDINALITY, CONTEXT, EXCLUDEDCONTEXTS, TMPCOUNTER, ORDERNRO ) values ( 'DC_E_TEST:((2))', 'DC.DIM_E_LTE_ERBS', '', 'OSS_ID', 'DC.DIM_E_LTE_SITE', '', 'OSS_ID', '', 'n_to_1', 'All', '', 5223, 2 );
insert into Universejoin ( VERSIONID, SOURCETABLE, SOURCELEVEL, SOURCECOLUMN, TARGETTABLE, TARGETLEVEL, TARGETCOLUMN, EXPRESSION, CARDINALITY, CONTEXT, EXCLUDEDCONTEXTS, TMPCOUNTER, ORDERNRO ) values ( 'DC_E_TEST:((2))', 'DC.DIM_E_LTE_ERBS', '', 'SITE_FDN', 'DC.DIM_E_LTE_SITE', '', 'SITE_FDN', '', 'n_to_1', 'All', '', 5224, 3 );
insert into Universejoin ( VERSIONID, SOURCETABLE, SOURCELEVEL, SOURCECOLUMN, TARGETTABLE, TARGETLEVEL, TARGETCOLUMN, EXPRESSION, CARDINALITY, CONTEXT, EXCLUDEDCONTEXTS, TMPCOUNTER, ORDERNRO ) values ( 'DC_E_TEST:((2))', 'DC.DIM_E_LTE_EUCELL', '', 'EUtranCellId', 'DC.SELECT_E_LTE_CELL', '', 'CELL_ID', '', '1_to_n', 'DC_E_TEST_EUTRANCELLFDD,DC_E_TEST_ EUTRANCELLFDD_V,DC_E_TEST_EUTRANCELLTDD,DC_E_TEST_EUTRANCELLTDD_V,DC_E_TEST_EUTRANCELLRELATION', '', 5225, 15 );
insert into Universejoin ( VERSIONID, SOURCETABLE, SOURCELEVEL, SOURCECOLUMN, TARGETTABLE, TARGETLEVEL, TARGETCOLUMN, EXPRESSION, CARDINALITY, CONTEXT, EXCLUDEDCONTEXTS, TMPCOUNTER, ORDERNRO ) values ( 'DC_E_TEST:((2))', 'DC.DIM_E_LTE_EUCELL', '', 'OSS_ID', 'DC.SELECT_E_LTE_CELL', '', 'OSS_ID', '', '1_to_n', 'DC_E_TEST_EUTRANCELLFDD,DC_E_TEST_ EUTRANCELLFDD_V,DC_E_TEST_EUTRANCELLTDD,DC_E_TEST_EUTRANCELLTDD_V,DC_E_TEST_EUTRANCELLRELATION', '', 5226, 14 );
insert into Universejoin ( VERSIONID, SOURCETABLE, SOURCELEVEL, SOURCECOLUMN, TARGETTABLE, TARGETLEVEL, TARGETCOLUMN, EXPRESSION, CARDINALITY, CONTEXT, EXCLUDEDCONTEXTS, TMPCOUNTER, ORDERNRO ) values ( 'DC_E_TEST:((2))', 'DC.DIM_LTE_AREA', '', 'CELL_ID', 'DC.DIM_E_LTE_EUCELL', '', 'EUtranCellId', '', '1_to_n', 'DC_E_TEST_EUTRANCELLFDD,DC_E_TEST_ EUTRANCELLFDD_V,DC_E_TEST_EUTRANCELLTDD,DC_E_TEST_EUTRANCELLTDD_V,DC_E_TEST_EUTRANCELLRELATION', '', 5227, 17 );
insert into Universejoin ( VERSIONID, SOURCETABLE, SOURCELEVEL, SOURCECOLUMN, TARGETTABLE, TARGETLEVEL, TARGETCOLUMN, EXPRESSION, CARDINALITY, CONTEXT, EXCLUDEDCONTEXTS, TMPCOUNTER, ORDERNRO ) values ( 'DC_E_TEST:((2))', 'DC.DIM_LTE_AREA', '', 'OSS_ID', 'DC.DIM_E_LTE_EUCELL', '', 'OSS_ID', '', '1_to_n', 'DC_E_TEST_EUTRANCELLFDD,DC_E_TEST_ EUTRANCELLFDD_V,DC_E_TEST_EUTRANCELLTDD,DC_E_TEST_EUTRANCELLTDD_V,DC_E_TEST_EUTRANCELLRELATION', '', 5228, 16 );
insert into Universeobject ( VERSIONID, CLASSNAME, UNIVERSEEXTENSION, OBJECTNAME, DESCRIPTION, OBJECTTYPE, QUALIFICATION, AGGREGATION, OBJSELECT, OBJWHERE, PROMPTHIERARCHY, OBJ_BH_REL, ELEM_BH_REL, INHERITANCE, ORDERNRO ) values ( 'DC_E_TEST:((2))', 'EUtranCell', 'ALL', 'userLabel', 'userlabel', 'Character', 'Dimension', 'NONE', 'DC.DIM_E_LTE_EUCELL.userLabel', '', '', 0, 0, 0, 52 );
insert into Universeobject ( VERSIONID, CLASSNAME, UNIVERSEEXTENSION, OBJECTNAME, DESCRIPTION, OBJECTTYPE, QUALIFICATION, AGGREGATION, OBJSELECT, OBJWHERE, PROMPTHIERARCHY, OBJ_BH_REL, ELEM_BH_REL, INHERITANCE, ORDERNRO ) values ( 'DC_E_TEST:((2))', 'EUtranCellRelation', 'ALL', 'Adjacent Cell fdn', 'Adjacent Cell fdn', 'Character', 'Dimension', 'NONE', 'DC.DIM_E_LTE_EUREL.ADJACENTCELL_FDN', '', '', 0, 0, 0, 49 );
insert into Universeobject ( VERSIONID, CLASSNAME, UNIVERSEEXTENSION, OBJECTNAME, DESCRIPTION, OBJECTTYPE, QUALIFICATION, AGGREGATION, OBJSELECT, OBJWHERE, PROMPTHIERARCHY, OBJ_BH_REL, ELEM_BH_REL, INHERITANCE, ORDERNRO ) values ( 'DC_E_TEST:((2))', 'EUtranCellRelation', 'ALL', 'Adjacent Cell Id', 'Adjacent Cell Id', 'Character', 'Dimension', 'NONE', 'DC.DIM_E_LTE_EUREL.ADJACENTCELL_ID', '', '', 0, 0, 0, 50 );
insert into Universeobject ( VERSIONID, CLASSNAME, UNIVERSEEXTENSION, OBJECTNAME, DESCRIPTION, OBJECTTYPE, QUALIFICATION, AGGREGATION, OBJSELECT, OBJWHERE, PROMPTHIERARCHY, OBJ_BH_REL, ELEM_BH_REL, INHERITANCE, ORDERNRO ) values ( 'DC_E_TEST:((2))', 'Area', 'ALL', 'Area', 'Area', 'Character', 'Dimension', 'NONE', 'DC.DIM_LTE_AREA.AREA', '', '', 0, 0, 0, 55 );
insert into Universeobject ( VERSIONID, CLASSNAME, UNIVERSEEXTENSION, OBJECTNAME, DESCRIPTION, OBJECTTYPE, QUALIFICATION, AGGREGATION, OBJSELECT, OBJWHERE, PROMPTHIERARCHY, OBJ_BH_REL, ELEM_BH_REL, INHERITANCE, ORDERNRO ) values ( 'DC_E_TEST:((2))', 'Area', 'ALL', 'Area Group', 'Area Group', 'Character', 'Dimension', 'NONE', 'DC.DIM_LTE_AREA.AREA_GROUP', '', '', 0, 0, 0, 56 );
insert into Universeobject ( VERSIONID, CLASSNAME, UNIVERSEEXTENSION, OBJECTNAME, DESCRIPTION, OBJECTTYPE, QUALIFICATION, AGGREGATION, OBJSELECT, OBJWHERE, PROMPTHIERARCHY, OBJ_BH_REL, ELEM_BH_REL, INHERITANCE, ORDERNRO ) values ( 'DC_E_TEST:((2))', 'Area', 'ALL', 'Cell Id', 'Cell Id', 'Character', 'Dimension', 'NONE', 'DC.DIM_LTE_AREA.CELL_ID', '', '', 0, 0, 0, 58 );
insert into Universeobject ( VERSIONID, CLASSNAME, UNIVERSEEXTENSION, OBJECTNAME, DESCRIPTION, OBJECTTYPE, QUALIFICATION, AGGREGATION, OBJSELECT, OBJWHERE, PROMPTHIERARCHY, OBJ_BH_REL, ELEM_BH_REL, INHERITANCE, ORDERNRO ) values ( 'DC_E_TEST:((2))', 'Area', 'ALL', 'Cell Set', 'Cell Set', 'Character', 'Dimension', 'NONE', '@Select(Area\Area)', '@Select(Area\Area Group)=''Cell Set''', '', 0, 0, 0, 59 );
insert into Universeobject ( VERSIONID, CLASSNAME, UNIVERSEEXTENSION, OBJECTNAME, DESCRIPTION, OBJECTTYPE, QUALIFICATION, AGGREGATION, OBJSELECT, OBJWHERE, PROMPTHIERARCHY, OBJ_BH_REL, ELEM_BH_REL, INHERITANCE, ORDERNRO ) values ( 'DC_E_TEST:((2))', 'Area', 'ALL', 'OSS Id', 'OSS Id', 'Character', 'Dimension', 'NONE', 'DC.DIM_LTE_AREA.OSS_ID', '', '', 0, 0, 0, 57 );
insert into Universeobject ( VERSIONID, CLASSNAME, UNIVERSEEXTENSION, OBJECTNAME, DESCRIPTION, OBJECTTYPE, QUALIFICATION, AGGREGATION, OBJSELECT, OBJWHERE, PROMPTHIERARCHY, OBJ_BH_REL, ELEM_BH_REL, INHERITANCE, ORDERNRO ) values ( 'DC_E_TEST:((2))', 'ENodeBFunction', 'ALL', 'ENodeB fdn', 'ENODEB fdn', 'Character', 'Dimension', 'NONE', 'DC.DIM_E_LTE_ENODEBFUNCTION.ENODEB_FDN', '', '', 0, 0, 0, 29 );
insert into Universeobject ( VERSIONID, CLASSNAME, UNIVERSEEXTENSION, OBJECTNAME, DESCRIPTION, OBJECTTYPE, QUALIFICATION, AGGREGATION, OBJSELECT, OBJWHERE, PROMPTHIERARCHY, OBJ_BH_REL, ELEM_BH_REL, INHERITANCE, ORDERNRO ) values ( 'DC_E_TEST:((2))', 'ENodeBFunction', 'ALL', 'ENodeB Id', 'ENODEB Id', 'Character', 'Dimension', 'NONE', 'DC.DIM_E_LTE_ENODEBFUNCTION.ENODEB_ID', '', '', 0, 0, 0, 32 );
insert into Universeobject ( VERSIONID, CLASSNAME, UNIVERSEEXTENSION, OBJECTNAME, DESCRIPTION, OBJECTTYPE, QUALIFICATION, AGGREGATION, OBJSELECT, OBJWHERE, PROMPTHIERARCHY, OBJ_BH_REL, ELEM_BH_REL, INHERITANCE, ORDERNRO ) values ( 'DC_E_TEST:((2))', 'ENodeBFunction', 'ALL', 'ENodeBFunction', 'ENodeBFunction', 'Character', 'Dimension', 'NONE', 'DC.DIM_E_LTE_ENODEBFUNCTION.ENodeBFunction', '', '', 0, 0, 0, 31 );
insert into Universeobject ( VERSIONID, CLASSNAME, UNIVERSEEXTENSION, OBJECTNAME, DESCRIPTION, OBJECTTYPE, QUALIFICATION, AGGREGATION, OBJSELECT, OBJWHERE, PROMPTHIERARCHY, OBJ_BH_REL, ELEM_BH_REL, INHERITANCE, ORDERNRO ) values ( 'DC_E_TEST:((2))', 'ENodeBFunction', 'ALL', 'ENodeBPlmnId', 'ENodeBPlmnId', 'Character', 'Dimension', 'NONE', 'DC.DIM_E_LTE_ENODEBFUNCTION.ENodeBPlmnId', '', '', 0, 0, 0, 33 );
insert into Universeobject ( VERSIONID, CLASSNAME, UNIVERSEEXTENSION, OBJECTNAME, DESCRIPTION, OBJECTTYPE, QUALIFICATION, AGGREGATION, OBJSELECT, OBJWHERE, PROMPTHIERARCHY, OBJ_BH_REL, ELEM_BH_REL, INHERITANCE, ORDERNRO ) values ( 'DC_E_TEST:((2))', 'ENodeBFunction', 'ALL', 'ERBS Id', 'ERBS Id', 'Character', 'Dimension', 'NONE', 'DC.DIM_E_LTE_ENODEBFUNCTION.ERBS_ID', '', '', 0, 0, 0, 30 );
insert into Universeobject ( VERSIONID, CLASSNAME, UNIVERSEEXTENSION, OBJECTNAME, DESCRIPTION, OBJECTTYPE, QUALIFICATION, AGGREGATION, OBJSELECT, OBJWHERE, PROMPTHIERARCHY, OBJ_BH_REL, ELEM_BH_REL, INHERITANCE, ORDERNRO ) values ( 'DC_E_TEST:((2))', 'ENodeBFunction', 'ALL', 'MCC', 'Mobile Country Code', 'Number', 'Measure', 'NONE', 'DC.DIM_E_LTE_ENODEBFUNCTION.MCC', '', '', 0, 0, 0, 34 );
insert into Universeobject ( VERSIONID, CLASSNAME, UNIVERSEEXTENSION, OBJECTNAME, DESCRIPTION, OBJECTTYPE, QUALIFICATION, AGGREGATION, OBJSELECT, OBJWHERE, PROMPTHIERARCHY, OBJ_BH_REL, ELEM_BH_REL, INHERITANCE, ORDERNRO ) values ( 'DC_E_TEST:((2))', 'ENodeBFunction', 'ALL', 'MNC', 'Mobile Network Code', 'Number', 'Measure', 'NONE', 'DC.DIM_E_LTE_ENODEBFUNCTION.MNC', '', '', 0, 0, 0, 35 );
insert into Universeobject ( VERSIONID, CLASSNAME, UNIVERSEEXTENSION, OBJECTNAME, DESCRIPTION, OBJECTTYPE, QUALIFICATION, AGGREGATION, OBJSELECT, OBJWHERE, PROMPTHIERARCHY, OBJ_BH_REL, ELEM_BH_REL, INHERITANCE, ORDERNRO ) values ( 'DC_E_TEST:((2))', 'EUtranCellRelation', 'ALL', 'Adjacent ERBS Id', 'ERBS ID of the adjacent cell', 'Character', 'Dimension', 'NONE', 'DC.DIM_E_LTE_EUREL.ADJACENT_ERBS_ID', '', '', 0, 0, 0, 51 );
insert into Universeobject ( VERSIONID, CLASSNAME, UNIVERSEEXTENSION, OBJECTNAME, DESCRIPTION, OBJECTTYPE, QUALIFICATION, AGGREGATION, OBJSELECT, OBJWHERE, PROMPTHIERARCHY, OBJ_BH_REL, ELEM_BH_REL, INHERITANCE, ORDERNRO ) values ( 'DC_E_TEST:((2))', 'EUtranCellRelation', 'ALL', 'anr Created', 'Indicates whether the MO has been created by the ANR (automatic neighbor relations) function.', 'Character', 'Dimension', 'NONE', 'DC.DIM_E_LTE_EUREL.anrCreated', '', '', 0, 0, 0, 52 );
insert into Universeobject ( VERSIONID, CLASSNAME, UNIVERSEEXTENSION, OBJECTNAME, DESCRIPTION, OBJECTTYPE, QUALIFICATION, AGGREGATION, OBJSELECT, OBJWHERE, PROMPTHIERARCHY, OBJ_BH_REL, ELEM_BH_REL, INHERITANCE, ORDERNRO ) values ( 'DC_E_TEST:((2))', 'EUtranCellRelation', 'ALL', 'ENodeBFunction', 'ENodeBFunction ', 'Character', 'Dimension', 'NONE', 'DC.DIM_E_LTE_EUREL.ENodeBFunction', '', '', 0, 0, 0, 56 );
insert into Universeobject ( VERSIONID, CLASSNAME, UNIVERSEEXTENSION, OBJECTNAME, DESCRIPTION, OBJECTTYPE, QUALIFICATION, AGGREGATION, OBJSELECT, OBJWHERE, PROMPTHIERARCHY, OBJ_BH_REL, ELEM_BH_REL, INHERITANCE, ORDERNRO ) values ( 'DC_E_TEST:((2))', 'EUtranCellRelation', 'ALL', 'ERBS Id', 'ERBS Id', 'Character', 'Dimension', 'NONE', 'DC.DIM_E_LTE_EUREL.ERBS_ID', '', '', 0, 0, 0, 55 );
insert into Universeobject ( VERSIONID, CLASSNAME, UNIVERSEEXTENSION, OBJECTNAME, DESCRIPTION, OBJECTTYPE, QUALIFICATION, AGGREGATION, OBJSELECT, OBJWHERE, PROMPTHIERARCHY, OBJ_BH_REL, ELEM_BH_REL, INHERITANCE, ORDERNRO ) values ( 'DC_E_TEST:((2))', 'EUtranCellRelation', 'ALL', 'EUtranCellFDD', 'EUtranCellFDD', 'Character', 'Dimension', 'NONE', 'DC.DIM_E_LTE_EUREL.EUtranCellFDD', '', '', 0, 0, 0, 57 );
insert into Universeobject ( VERSIONID, CLASSNAME, UNIVERSEEXTENSION, OBJECTNAME, DESCRIPTION, OBJECTTYPE, QUALIFICATION, AGGREGATION, OBJSELECT, OBJWHERE, PROMPTHIERARCHY, OBJ_BH_REL, ELEM_BH_REL, INHERITANCE, ORDERNRO ) values ( 'DC_E_TEST:((2))', 'EUtranCellRelation', 'ALL', 'EUtranCellRelation', 'EUtranCellRelation Identifer', 'Character', 'Dimension', 'NONE', 'DC.DIM_E_LTE_EUREL.EUCELLRELATION', '', '', 0, 0, 0, 48 );
insert into Universeobject ( VERSIONID, CLASSNAME, UNIVERSEEXTENSION, OBJECTNAME, DESCRIPTION, OBJECTTYPE, QUALIFICATION, AGGREGATION, OBJSELECT, OBJWHERE, PROMPTHIERARCHY, OBJ_BH_REL, ELEM_BH_REL, INHERITANCE, ORDERNRO ) values ( 'DC_E_TEST:((2))', 'EUtranCellRelation', 'ALL', 'EUtranCellRelation fdn', 'EUtranCellRelation fdn', 'Character', 'Dimension', 'NONE', 'DC.DIM_E_LTE_EUREL.EUCELLREL_FDN', '', '', 0, 0, 0, 54 );
insert into Universeobject ( VERSIONID, CLASSNAME, UNIVERSEEXTENSION, OBJECTNAME, DESCRIPTION, OBJECTTYPE, QUALIFICATION, AGGREGATION, OBJSELECT, OBJWHERE, PROMPTHIERARCHY, OBJ_BH_REL, ELEM_BH_REL, INHERITANCE, ORDERNRO ) values ( 'DC_E_TEST:((2))', 'EUtranCellRelation', 'ALL', 'EUtranCellTDD', 'EUtranCellTDD', 'Character', 'Dimension', 'NONE', 'DC.DIM_E_LTE_EUREL.EUtranCellTDD', '', '', 0, 0, 0, 58 );
insert into Universeobject ( VERSIONID, CLASSNAME, UNIVERSEEXTENSION, OBJECTNAME, DESCRIPTION, OBJECTTYPE, QUALIFICATION, AGGREGATION, OBJSELECT, OBJWHERE, PROMPTHIERARCHY, OBJ_BH_REL, ELEM_BH_REL, INHERITANCE, ORDERNRO ) values ( 'DC_E_TEST:((2))', 'EUtranCellRelation', 'ALL', 'EUtranFreqRelation', 'EUtranFreqRelation', 'Character', 'Dimension', 'NONE', 'DC.DIM_E_LTE_EUREL.EUtranFreqRelation', '', '', 0, 0, 0, 59 );
insert into Universeobject ( VERSIONID, CLASSNAME, UNIVERSEEXTENSION, OBJECTNAME, DESCRIPTION, OBJECTTYPE, QUALIFICATION, AGGREGATION, OBJSELECT, OBJWHERE, PROMPTHIERARCHY, OBJ_BH_REL, ELEM_BH_REL, INHERITANCE, ORDERNRO ) values ( 'DC_E_TEST:((2))', 'EUtranCellRelation', 'ALL', 'is Ho Allowed', 'Specifies if handover between the cells in this relation is allowed.', 'Character', 'Dimension', 'NONE', 'DC.DIM_E_LTE_EUREL.isHoAllowed', '', '', 0, 0, 0, 54 );
insert into Universeobject ( VERSIONID, CLASSNAME, UNIVERSEEXTENSION, OBJECTNAME, DESCRIPTION, OBJECTTYPE, QUALIFICATION, AGGREGATION, OBJSELECT, OBJWHERE, PROMPTHIERARCHY, OBJ_BH_REL, ELEM_BH_REL, INHERITANCE, ORDERNRO ) values ( 'DC_E_TEST:((2))', 'EUtranCellRelation', 'ALL', 'is Remove Allowed', 'Indicates whether the ANR (automatic neighbor relations) function is allowed to remove this object', 'Character', 'Dimension', 'NONE', 'DC.DIM_E_LTE_EUREL.isRemoveAllowed', '', '', 0, 0, 0, 53 );
insert into Universeobject ( VERSIONID, CLASSNAME, UNIVERSEEXTENSION, OBJECTNAME, DESCRIPTION, OBJECTTYPE, QUALIFICATION, AGGREGATION, OBJSELECT, OBJWHERE, PROMPTHIERARCHY, OBJ_BH_REL, ELEM_BH_REL, INHERITANCE, ORDERNRO ) values ( 'DC_E_TEST:((2))', 'EUtranCellRelation', 'ALL', 'OSS Id', 'OSS Id', 'Character', 'Dimension', 'NONE', 'DC.DIM_E_LTE_EUREL.OSS_ID', '', '', 0, 0, 0, 53 );
insert into Universeobject ( VERSIONID, CLASSNAME, UNIVERSEEXTENSION, OBJECTNAME, DESCRIPTION, OBJECTTYPE, QUALIFICATION, AGGREGATION, OBJSELECT, OBJWHERE, PROMPTHIERARCHY, OBJ_BH_REL, ELEM_BH_REL, INHERITANCE, ORDERNRO ) values ( 'DC_E_TEST:((2))', 'GigaBitEthernet', 'ALL', 'ExchangeTerminallp', 'ExchangeTerminallp', 'Character', 'Dimension', 'NONE', 'DC.DIM_E_LTE_GIGABITETHERNET.ExchangeTerminalIp', '', '', 0, 0, 0, 9 );
insert into Universeobject ( VERSIONID, CLASSNAME, UNIVERSEEXTENSION, OBJECTNAME, DESCRIPTION, OBJECTTYPE, QUALIFICATION, AGGREGATION, OBJSELECT, OBJWHERE, PROMPTHIERARCHY, OBJ_BH_REL, ELEM_BH_REL, INHERITANCE, ORDERNRO ) values ( 'DC_E_TEST:((2))', 'GigaBitEthernet', 'ALL', 'Fdn', 'GigaBitEthernet Fdn', 'Character', 'Dimension', 'NONE', 'DC.DIM_E_LTE_GIGABITETHERNET.GIGABITETHERNET_FDN', '', '', 0, 0, 0, 4 );
insert into Universeobject ( VERSIONID, CLASSNAME, UNIVERSEEXTENSION, OBJECTNAME, DESCRIPTION, OBJECTTYPE, QUALIFICATION, AGGREGATION, OBJSELECT, OBJWHERE, PROMPTHIERARCHY, OBJ_BH_REL, ELEM_BH_REL, INHERITANCE, ORDERNRO ) values ( 'DC_E_TEST:((2))', 'GigaBitEthernet', 'ALL', 'GigaBitEthernet', 'GigaBitEthernet', 'Character', 'Dimension', 'NONE', 'DC.DIM_E_LTE_GIGABITETHERNET.GigaBitEthernet', '', '', 0, 0, 0, 10 );
insert into Universeobject ( VERSIONID, CLASSNAME, UNIVERSEEXTENSION, OBJECTNAME, DESCRIPTION, OBJECTTYPE, QUALIFICATION, AGGREGATION, OBJSELECT, OBJWHERE, PROMPTHIERARCHY, OBJ_BH_REL, ELEM_BH_REL, INHERITANCE, ORDERNRO ) values ( 'DC_E_TEST:((2))', 'GigaBitEthernet', 'ALL', 'MOID', 'MOID', 'Character', 'Dimension', 'NONE', 'DC.DIM_E_LTE_GIGABITETHERNET.MOID', '', '', 0, 0, 0, 3 );
insert into Universeobject ( VERSIONID, CLASSNAME, UNIVERSEEXTENSION, OBJECTNAME, DESCRIPTION, OBJECTTYPE, QUALIFICATION, AGGREGATION, OBJSELECT, OBJWHERE, PROMPTHIERARCHY, OBJ_BH_REL, ELEM_BH_REL, INHERITANCE, ORDERNRO ) values ( 'DC_E_TEST:((2))', 'GigaBitEthernet', 'ALL', 'NE Id', 'NE Id', 'Character', 'Dimension', 'NONE', 'DC.DIM_E_LTE_GIGABITETHERNET.NE_ID', '', '', 0, 0, 0, 5 );
insert into Universeobject ( VERSIONID, CLASSNAME, UNIVERSEEXTENSION, OBJECTNAME, DESCRIPTION, OBJECTTYPE, QUALIFICATION, AGGREGATION, OBJSELECT, OBJWHERE, PROMPTHIERARCHY, OBJ_BH_REL, ELEM_BH_REL, INHERITANCE, ORDERNRO ) values ( 'DC_E_TEST:((2))', 'GigaBitEthernet', 'ALL', 'OSS Id', 'OSS Id', 'Character', 'Dimension', 'NONE', 'DC.DIM_E_LTE_GIGABITETHERNET.OSS_ID', '', '', 0, 0, 0, 0 );
insert into Universeobject ( VERSIONID, CLASSNAME, UNIVERSEEXTENSION, OBJECTNAME, DESCRIPTION, OBJECTTYPE, QUALIFICATION, AGGREGATION, OBJSELECT, OBJWHERE, PROMPTHIERARCHY, OBJ_BH_REL, ELEM_BH_REL, INHERITANCE, ORDERNRO ) values ( 'DC_E_TEST:((2))', 'GigaBitEthernet', 'ALL', 'PlugInUnit', 'PlugInUnit', 'Character', 'Dimension', 'NONE', 'DC.DIM_E_LTE_GIGABITETHERNET.PlugInUnit', '', '', 0, 0, 0, 8 );
insert into Universeobject ( VERSIONID, CLASSNAME, UNIVERSEEXTENSION, OBJECTNAME, DESCRIPTION, OBJECTTYPE, QUALIFICATION, AGGREGATION, OBJSELECT, OBJWHERE, PROMPTHIERARCHY, OBJ_BH_REL, ELEM_BH_REL, INHERITANCE, ORDERNRO ) values ( 'DC_E_TEST:((2))', 'GigaBitEthernet', 'ALL', 'portNo', 'portNo', 'Number', 'Dimension', 'NONE', 'DC.DIM_E_LTE_GIGABITETHERNET.portNo', '', '', 0, 0, 0, 11 );
insert into Universeobject ( VERSIONID, CLASSNAME, UNIVERSEEXTENSION, OBJECTNAME, DESCRIPTION, OBJECTTYPE, QUALIFICATION, AGGREGATION, OBJSELECT, OBJWHERE, PROMPTHIERARCHY, OBJ_BH_REL, ELEM_BH_REL, INHERITANCE, ORDERNRO ) values ( 'DC_E_TEST:((2))', 'GigaBitEthernet', 'ALL', 'Slot', 'Slot', 'Character', 'Dimension', 'NONE', 'DC.DIM_E_LTE_GIGABITETHERNET.Slot', '', '', 0, 0, 0, 7 );
insert into Universeobject ( VERSIONID, CLASSNAME, UNIVERSEEXTENSION, OBJECTNAME, DESCRIPTION, OBJECTTYPE, QUALIFICATION, AGGREGATION, OBJSELECT, OBJWHERE, PROMPTHIERARCHY, OBJ_BH_REL, ELEM_BH_REL, INHERITANCE, ORDERNRO ) values ( 'DC_E_TEST:((2))', 'GigaBitEthernet', 'ALL', 'SN', 'SN', 'Character', 'Dimension', 'NONE', 'DC.DIM_E_LTE_GIGABITETHERNET.SN', '', '', 0, 0, 0, 2 );
insert into Universeobject ( VERSIONID, CLASSNAME, UNIVERSEEXTENSION, OBJECTNAME, DESCRIPTION, OBJECTTYPE, QUALIFICATION, AGGREGATION, OBJSELECT, OBJWHERE, PROMPTHIERARCHY, OBJ_BH_REL, ELEM_BH_REL, INHERITANCE, ORDERNRO ) values ( 'DC_E_TEST:((2))', 'GigaBitEthernet', 'ALL', 'SUBNETWORK', 'SUBNETWORK', 'Character', 'Dimension', 'NONE', 'DC.DIM_E_LTE_GIGABITETHERNET.SUBNETWORK', '', '', 0, 0, 0, 1 );
insert into Universeobject ( VERSIONID, CLASSNAME, UNIVERSEEXTENSION, OBJECTNAME, DESCRIPTION, OBJECTTYPE, QUALIFICATION, AGGREGATION, OBJSELECT, OBJWHERE, PROMPTHIERARCHY, OBJ_BH_REL, ELEM_BH_REL, INHERITANCE, ORDERNRO ) values ( 'DC_E_TEST:((2))', 'GigaBitEthernet', 'ALL', 'Subrack', 'Subrack', 'Character', 'Dimension', 'NONE', 'DC.DIM_E_LTE_GIGABITETHERNET.Subrack', '', '', 0, 0, 0, 6 );
insert into Universeobject ( VERSIONID, CLASSNAME, UNIVERSEEXTENSION, OBJECTNAME, DESCRIPTION, OBJECTTYPE, QUALIFICATION, AGGREGATION, OBJSELECT, OBJWHERE, PROMPTHIERARCHY, OBJ_BH_REL, ELEM_BH_REL, INHERITANCE, ORDERNRO ) values ( 'DC_E_TEST:((2))', 'Hierarchical Selection', 'ALL', 'Cell Id', 'Cell Id', 'Character', 'Dimension', 'None', 'DC.SELECT_E_LTE_CELL.CELL_ID', '', '', 0, 0, 0, 60 );
insert into Universeobject ( VERSIONID, CLASSNAME, UNIVERSEEXTENSION, OBJECTNAME, DESCRIPTION, OBJECTTYPE, QUALIFICATION, AGGREGATION, OBJSELECT, OBJWHERE, PROMPTHIERARCHY, OBJ_BH_REL, ELEM_BH_REL, INHERITANCE, ORDERNRO ) values ( 'DC_E_TEST:((2))', 'Hierarchical Selection', 'ALL', 'NW Type', 'Network Type', 'Character', 'Dimension', 'None', 'DC.SELECT_E_LTE_CELL.NW_TYPE', '', '', 0, 0, 0, 64 );
insert into Universeobject ( VERSIONID, CLASSNAME, UNIVERSEEXTENSION, OBJECTNAME, DESCRIPTION, OBJECTTYPE, QUALIFICATION, AGGREGATION, OBJSELECT, OBJWHERE, PROMPTHIERARCHY, OBJ_BH_REL, ELEM_BH_REL, INHERITANCE, ORDERNRO ) values ( 'DC_E_TEST:((2))', 'Hierarchical Selection', 'ALL', 'Selection', 'Selection', 'Character', 'Dimension', 'None', 'DC.SELECT_E_LTE_CELL.SELECTION', '', '', 0, 0, 0, 61 );
insert into Universeobject ( VERSIONID, CLASSNAME, UNIVERSEEXTENSION, OBJECTNAME, DESCRIPTION, OBJECTTYPE, QUALIFICATION, AGGREGATION, OBJSELECT, OBJWHERE, PROMPTHIERARCHY, OBJ_BH_REL, ELEM_BH_REL, INHERITANCE, ORDERNRO ) values ( 'DC_E_TEST:((2))', 'Hierarchical Selection', 'ALL', 'Selectiongroup', 'Selectiongroup', 'Character', 'Dimension', 'None', 'DC.SELECT_E_LTE_CELL.SELECTIONGROUP', '', '', 0, 0, 0, 62 );
insert into Universeobject ( VERSIONID, CLASSNAME, UNIVERSEEXTENSION, OBJECTNAME, DESCRIPTION, OBJECTTYPE, QUALIFICATION, AGGREGATION, OBJSELECT, OBJWHERE, PROMPTHIERARCHY, OBJ_BH_REL, ELEM_BH_REL, INHERITANCE, ORDERNRO ) values ( 'DC_E_TEST:((2))', 'Hierarchical Selection', 'ALL', 'Selectiontype', 'Selectiontype', 'Character', 'Dimension', 'None', 'DC.SELECT_E_LTE_CELL.SELECTIONTYPE', '', '', 0, 0, 0, 63 );
insert into Universeobject ( VERSIONID, CLASSNAME, UNIVERSEEXTENSION, OBJECTNAME, DESCRIPTION, OBJECTTYPE, QUALIFICATION, AGGREGATION, OBJSELECT, OBJWHERE, PROMPTHIERARCHY, OBJ_BH_REL, ELEM_BH_REL, INHERITANCE, ORDERNRO ) values ( 'DC_E_TEST:((2))', 'LTE Site', 'ALL', 'DST', 'Daylight Setting Time. 0 = Not in use 1 = 1 hour added', 'Number', 'Dimension', 'NONE', 'DC.DIM_E_LTE_SITE.DST', '', '', 0, 0, 0, 27 );
insert into Universeobject ( VERSIONID, CLASSNAME, UNIVERSEEXTENSION, OBJECTNAME, DESCRIPTION, OBJECTTYPE, QUALIFICATION, AGGREGATION, OBJSELECT, OBJWHERE, PROMPTHIERARCHY, OBJ_BH_REL, ELEM_BH_REL, INHERITANCE, ORDERNRO ) values ( 'DC_E_TEST:((2))', 'LTE Site', 'ALL', 'OSS Id', 'OSS Id', 'Character', 'Dimension', 'NONE', 'DC.DIM_E_LTE_SITE.OSS_ID', '', '', 0, 0, 0, 16 );
insert into Universeobject ( VERSIONID, CLASSNAME, UNIVERSEEXTENSION, OBJECTNAME, DESCRIPTION, OBJECTTYPE, QUALIFICATION, AGGREGATION, OBJSELECT, OBJWHERE, PROMPTHIERARCHY, OBJ_BH_REL, ELEM_BH_REL, INHERITANCE, ORDERNRO ) values ( 'DC_E_TEST:((2))', 'LTE Site', 'ALL', 'Site FDN', 'Site FDN', 'Character', 'Dimension', 'NONE', 'DC.DIM_E_LTE_SITE.SITE_FDN', '', '', 0, 0, 0, 17 );
insert into Universeobject ( VERSIONID, CLASSNAME, UNIVERSEEXTENSION, OBJECTNAME, DESCRIPTION, OBJECTTYPE, QUALIFICATION, AGGREGATION, OBJSELECT, OBJWHERE, PROMPTHIERARCHY, OBJ_BH_REL, ELEM_BH_REL, INHERITANCE, ORDERNRO ) values ( 'DC_E_TEST:((2))', 'LTE Site', 'ALL', 'Site Id', 'Site Id', 'Character', 'Dimension', 'NONE', 'DC.DIM_E_LTE_SITE.SITE_ID', '', '', 0, 0, 0, 23 );
insert into Universeobject ( VERSIONID, CLASSNAME, UNIVERSEEXTENSION, OBJECTNAME, DESCRIPTION, OBJECTTYPE, QUALIFICATION, AGGREGATION, OBJSELECT, OBJWHERE, PROMPTHIERARCHY, OBJ_BH_REL, ELEM_BH_REL, INHERITANCE, ORDERNRO ) values ( 'DC_E_TEST:((2))', 'LTE Site', 'ALL', 'Site Name', 'UserLabel', 'Character', 'Dimension', 'NONE', 'DC.DIM_E_LTE_SITE.SITE_NAME', '', '', 0, 0, 0, 24 );
insert into Universeobject ( VERSIONID, CLASSNAME, UNIVERSEEXTENSION, OBJECTNAME, DESCRIPTION, OBJECTTYPE, QUALIFICATION, AGGREGATION, OBJSELECT, OBJWHERE, PROMPTHIERARCHY, OBJ_BH_REL, ELEM_BH_REL, INHERITANCE, ORDERNRO ) values ( 'DC_E_TEST:((2))', 'LTE Site', 'ALL', 'Time Zone', 'Time Zone', 'Character', 'Dimension', 'NONE', 'DC.DIM_E_LTE_SITE.TIMEZONE', '', '', 0, 0, 0, 25 );
insert into Universeobject ( VERSIONID, CLASSNAME, UNIVERSEEXTENSION, OBJECTNAME, DESCRIPTION, OBJECTTYPE, QUALIFICATION, AGGREGATION, OBJSELECT, OBJWHERE, PROMPTHIERARCHY, OBJ_BH_REL, ELEM_BH_REL, INHERITANCE, ORDERNRO ) values ( 'DC_E_TEST:((2))', 'LTE Site', 'ALL', 'Time Zone with DST', 'Time Zone with DST taken account', 'Character', 'Dimension', 'NONE', 'DC.DIM_E_LTE_SITE.TIMEZONE_VALUE', '', '', 0, 0, 0, 26 );
insert into Universeobject ( VERSIONID, CLASSNAME, UNIVERSEEXTENSION, OBJECTNAME, DESCRIPTION, OBJECTTYPE, QUALIFICATION, AGGREGATION, OBJSELECT, OBJWHERE, PROMPTHIERARCHY, OBJ_BH_REL, ELEM_BH_REL, INHERITANCE, ORDERNRO ) values ( 'DC_E_TEST:((2))', 'ENodeBFunction', 'ALL', 'MNC Length', 'Mobile Country Code Length', 'Number', 'Measure', 'NONE', 'DC.DIM_E_LTE_ENODEBFUNCTION.MNC_LENGTH', '', '', 0, 0, 0, 36 );
insert into Universeobject ( VERSIONID, CLASSNAME, UNIVERSEEXTENSION, OBJECTNAME, DESCRIPTION, OBJECTTYPE, QUALIFICATION, AGGREGATION, OBJSELECT, OBJWHERE, PROMPTHIERARCHY, OBJ_BH_REL, ELEM_BH_REL, INHERITANCE, ORDERNRO ) values ( 'DC_E_TEST:((2))', 'ENodeBFunction', 'ALL', 'OSS Id', 'OSS Id', 'Character', 'Dimension', 'NONE', 'DC.DIM_E_LTE_ENODEBFUNCTION.OSS_ID', '', '', 0, 0, 0, 28 );
insert into Universeobject ( VERSIONID, CLASSNAME, UNIVERSEEXTENSION, OBJECTNAME, DESCRIPTION, OBJECTTYPE, QUALIFICATION, AGGREGATION, OBJSELECT, OBJWHERE, PROMPTHIERARCHY, OBJ_BH_REL, ELEM_BH_REL, INHERITANCE, ORDERNRO ) values ( 'DC_E_TEST:((2))', 'ERBS', 'ALL', 'ERBS Id', 'ERBS Id', 'Character', 'Dimension', 'NONE', 'DC.DIM_E_LTE_ERBS.ERBS_ID', '', '', 0, 0, 0, 18 );
insert into Universeobject ( VERSIONID, CLASSNAME, UNIVERSEEXTENSION, OBJECTNAME, DESCRIPTION, OBJECTTYPE, QUALIFICATION, AGGREGATION, OBJSELECT, OBJWHERE, PROMPTHIERARCHY, OBJ_BH_REL, ELEM_BH_REL, INHERITANCE, ORDERNRO ) values ( 'DC_E_TEST:((2))', 'ERBS', 'ALL', 'ERBS Name', 'ERBS Name', 'Character', 'Dimension', 'NONE', 'DC.DIM_E_LTE_ERBS.ERBS_NAME', '', '', 0, 0, 0, 19 );
insert into Universeobject ( VERSIONID, CLASSNAME, UNIVERSEEXTENSION, OBJECTNAME, DESCRIPTION, OBJECTTYPE, QUALIFICATION, AGGREGATION, OBJSELECT, OBJWHERE, PROMPTHIERARCHY, OBJ_BH_REL, ELEM_BH_REL, INHERITANCE, ORDERNRO ) values ( 'DC_E_TEST:((2))', 'ERBS', 'ALL', 'ERBS Version', 'Network Element Version information', 'Character', 'Dimension', 'NONE', 'DC.DIM_E_LTE_ERBS.ERBS_VERSION', '', '', 0, 0, 0, 20 );
insert into Universeobject ( VERSIONID, CLASSNAME, UNIVERSEEXTENSION, OBJECTNAME, DESCRIPTION, OBJECTTYPE, QUALIFICATION, AGGREGATION, OBJSELECT, OBJWHERE, PROMPTHIERARCHY, OBJ_BH_REL, ELEM_BH_REL, INHERITANCE, ORDERNRO ) values ( 'DC_E_TEST:((2))', 'ERBS', 'ALL', 'MeContextId', 'ERBS Identifier', 'Character', 'Dimension', 'NONE', 'DC.DIM_E_LTE_ERBS.MECONTEXTID', '', '', 0, 0, 0, 21 );
insert into Universeobject ( VERSIONID, CLASSNAME, UNIVERSEEXTENSION, OBJECTNAME, DESCRIPTION, OBJECTTYPE, QUALIFICATION, AGGREGATION, OBJSELECT, OBJWHERE, PROMPTHIERARCHY, OBJ_BH_REL, ELEM_BH_REL, INHERITANCE, ORDERNRO ) values ( 'DC_E_TEST:((2))', 'ERBS', 'ALL', 'NEDN', 'ERBS fdn', 'Character', 'Dimension', 'NONE', 'DC.DIM_E_LTE_ERBS.ERBS_FDN', '', '', 0, 0, 0, 15 );
insert into Universeobject ( VERSIONID, CLASSNAME, UNIVERSEEXTENSION, OBJECTNAME, DESCRIPTION, OBJECTTYPE, QUALIFICATION, AGGREGATION, OBJSELECT, OBJWHERE, PROMPTHIERARCHY, OBJ_BH_REL, ELEM_BH_REL, INHERITANCE, ORDERNRO ) values ( 'DC_E_TEST:((2))', 'ERBS', 'ALL', 'neMIMversion', 'ERBS MIM version', 'Character', 'Dimension', 'NONE', 'DC.DIM_E_LTE_ERBS.NEMIMVERSION', '', '', 0, 0, 0, 22 );
insert into Universeobject ( VERSIONID, CLASSNAME, UNIVERSEEXTENSION, OBJECTNAME, DESCRIPTION, OBJECTTYPE, QUALIFICATION, AGGREGATION, OBJSELECT, OBJWHERE, PROMPTHIERARCHY, OBJ_BH_REL, ELEM_BH_REL, INHERITANCE, ORDERNRO ) values ( 'DC_E_TEST:((2))', 'ERBS', 'ALL', 'OSS Id', 'OSS Id', 'Character', 'Dimension', 'NONE', 'DC.DIM_E_LTE_ERBS.OSS_ID', '', '', 0, 0, 0, 13 );
insert into Universeobject ( VERSIONID, CLASSNAME, UNIVERSEEXTENSION, OBJECTNAME, DESCRIPTION, OBJECTTYPE, QUALIFICATION, AGGREGATION, OBJSELECT, OBJWHERE, PROMPTHIERARCHY, OBJ_BH_REL, ELEM_BH_REL, INHERITANCE, ORDERNRO ) values ( 'DC_E_TEST:((2))', 'ERBS', 'ALL', 'Site  id', 'Site  id', 'Character', 'Dimension', 'NONE', 'DC.DIM_E_LTE_ERBS.SITE_ID', '', '', 0, 0, 0, 14 );
insert into Universeobject ( VERSIONID, CLASSNAME, UNIVERSEEXTENSION, OBJECTNAME, DESCRIPTION, OBJECTTYPE, QUALIFICATION, AGGREGATION, OBJSELECT, OBJWHERE, PROMPTHIERARCHY, OBJ_BH_REL, ELEM_BH_REL, INHERITANCE, ORDERNRO ) values ( 'DC_E_TEST:((2))', 'ERBS', 'ALL', 'Site fdn', 'Site fdn', 'Character', 'Dimension', 'NONE', 'DC.DIM_E_LTE_ERBS.SITE_FDN', '', '', 0, 0, 0, 12 );
insert into Universeobject ( VERSIONID, CLASSNAME, UNIVERSEEXTENSION, OBJECTNAME, DESCRIPTION, OBJECTTYPE, QUALIFICATION, AGGREGATION, OBJSELECT, OBJWHERE, PROMPTHIERARCHY, OBJ_BH_REL, ELEM_BH_REL, INHERITANCE, ORDERNRO ) values ( 'DC_E_TEST:((2))', 'EUtranCell', 'ALL', 'additionalPlmnList', 'additionalPlmnList', 'Character', 'Dimension', 'NONE', 'DC.DIM_E_LTE_EUCELL.additionalPlmnList', '', '', 0, 0, 0, 41 );
insert into Universeobject ( VERSIONID, CLASSNAME, UNIVERSEEXTENSION, OBJECTNAME, DESCRIPTION, OBJECTTYPE, QUALIFICATION, AGGREGATION, OBJSELECT, OBJWHERE, PROMPTHIERARCHY, OBJ_BH_REL, ELEM_BH_REL, INHERITANCE, ORDERNRO ) values ( 'DC_E_TEST:((2))', 'EUtranCell', 'ALL', 'bPlmnList', 'bPlmnList', 'Character', 'Dimension', 'NONE', 'DC.DIM_E_LTE_EUCELL.bPlmnList', '', '', 0, 0, 0, 42 );
insert into Universeobject ( VERSIONID, CLASSNAME, UNIVERSEEXTENSION, OBJECTNAME, DESCRIPTION, OBJECTTYPE, QUALIFICATION, AGGREGATION, OBJSELECT, OBJWHERE, PROMPTHIERARCHY, OBJ_BH_REL, ELEM_BH_REL, INHERITANCE, ORDERNRO ) values ( 'DC_E_TEST:((2))', 'EUtranCell', 'ALL', 'Cell Id', 'Cell Id', 'Number', 'Measure', 'NONE', 'DC.DIM_E_LTE_EUCELL.CELL_ID', '', '', 0, 0, 0, 40 );
insert into Universeobject ( VERSIONID, CLASSNAME, UNIVERSEEXTENSION, OBJECTNAME, DESCRIPTION, OBJECTTYPE, QUALIFICATION, AGGREGATION, OBJSELECT, OBJWHERE, PROMPTHIERARCHY, OBJ_BH_REL, ELEM_BH_REL, INHERITANCE, ORDERNRO ) values ( 'DC_E_TEST:((2))', 'EUtranCell', 'ALL', 'Cell Type', 'Cell Type (FDD/TDD)', 'Character', 'Dimension', 'NONE', 'DC.DIM_E_LTE_EUCELL.CELL_TYPE', '', '', 0, 0, 0, 39 );
insert into Universeobject ( VERSIONID, CLASSNAME, UNIVERSEEXTENSION, OBJECTNAME, DESCRIPTION, OBJECTTYPE, QUALIFICATION, AGGREGATION, OBJSELECT, OBJWHERE, PROMPTHIERARCHY, OBJ_BH_REL, ELEM_BH_REL, INHERITANCE, ORDERNRO ) values ( 'DC_E_TEST:((2))', 'EUtranCell', 'ALL', 'earfcn', 'E-UTRA Absolute Radio Frequency Channel Number (EARFCN)', 'Number', 'Measure', 'NONE', 'DC.DIM_E_LTE_EUCELL.earfcn', '', '', 0, 0, 0, 51 );
insert into Universeobject ( VERSIONID, CLASSNAME, UNIVERSEEXTENSION, OBJECTNAME, DESCRIPTION, OBJECTTYPE, QUALIFICATION, AGGREGATION, OBJSELECT, OBJWHERE, PROMPTHIERARCHY, OBJ_BH_REL, ELEM_BH_REL, INHERITANCE, ORDERNRO ) values ( 'DC_E_TEST:((2))', 'EUtranCell', 'ALL', 'earfcndl', 'Channel number for the central DL frequency', 'Number', 'Measure', 'NONE', 'DC.DIM_E_LTE_EUCELL.earfcndl', '', '', 0, 0, 0, 50 );
insert into Universeobject ( VERSIONID, CLASSNAME, UNIVERSEEXTENSION, OBJECTNAME, DESCRIPTION, OBJECTTYPE, QUALIFICATION, AGGREGATION, OBJSELECT, OBJWHERE, PROMPTHIERARCHY, OBJ_BH_REL, ELEM_BH_REL, INHERITANCE, ORDERNRO ) values ( 'DC_E_TEST:((2))', 'EUtranCell', 'ALL', 'earfcnul', 'Channel number for the central UL frequency', 'Number', 'Measure', 'NONE', 'DC.DIM_E_LTE_EUCELL.earfcnul', '', '', 0, 0, 0, 50 );
insert into Universeobject ( VERSIONID, CLASSNAME, UNIVERSEEXTENSION, OBJECTNAME, DESCRIPTION, OBJECTTYPE, QUALIFICATION, AGGREGATION, OBJSELECT, OBJWHERE, PROMPTHIERARCHY, OBJ_BH_REL, ELEM_BH_REL, INHERITANCE, ORDERNRO ) values ( 'DC_E_TEST:((2))', 'EUtranCell', 'ALL', 'ENodeBFunction', 'ENodeBFunction', 'Character', 'Dimension', 'NONE', 'DC.DIM_E_LTE_EUCELL.ENodeBFunction', '', '', 0, 0, 0, 45 );
insert into Universeobject ( VERSIONID, CLASSNAME, UNIVERSEEXTENSION, OBJECTNAME, DESCRIPTION, OBJECTTYPE, QUALIFICATION, AGGREGATION, OBJSELECT, OBJWHERE, PROMPTHIERARCHY, OBJ_BH_REL, ELEM_BH_REL, INHERITANCE, ORDERNRO ) values ( 'DC_E_TEST:((2))', 'EUtranCell', 'ALL', 'ERBS Id', 'ERBS Id', 'Character', 'Dimension', 'NONE', 'DC.DIM_E_LTE_EUCELL.ERBS_ID', '', '', 0, 0, 0, 43 );
insert into Universeobject ( VERSIONID, CLASSNAME, UNIVERSEEXTENSION, OBJECTNAME, DESCRIPTION, OBJECTTYPE, QUALIFICATION, AGGREGATION, OBJSELECT, OBJWHERE, PROMPTHIERARCHY, OBJ_BH_REL, ELEM_BH_REL, INHERITANCE, ORDERNRO ) values ( 'DC_E_TEST:((2))', 'EUtranCell', 'ALL', 'EUtranCell fdn', 'EUtranCell fdn', 'Character', 'Dimension', 'NONE', 'DC.DIM_E_LTE_EUCELL.EUTRANCELL_FDN', '', '', 0, 0, 0, 38 );
insert into Universeobject ( VERSIONID, CLASSNAME, UNIVERSEEXTENSION, OBJECTNAME, DESCRIPTION, OBJECTTYPE, QUALIFICATION, AGGREGATION, OBJSELECT, OBJWHERE, PROMPTHIERARCHY, OBJ_BH_REL, ELEM_BH_REL, INHERITANCE, ORDERNRO ) values ( 'DC_E_TEST:((2))', 'EUtranCell', 'ALL', 'EUtranCell Id', 'EUtranCell Id', 'Character', 'Dimension', 'NONE', 'DC.DIM_E_LTE_EUCELL.EUtranCellId', '', '', 0, 0, 0, 47 );
insert into Universeobject ( VERSIONID, CLASSNAME, UNIVERSEEXTENSION, OBJECTNAME, DESCRIPTION, OBJECTTYPE, QUALIFICATION, AGGREGATION, OBJSELECT, OBJWHERE, PROMPTHIERARCHY, OBJ_BH_REL, ELEM_BH_REL, INHERITANCE, ORDERNRO ) values ( 'DC_E_TEST:((2))', 'EUtranCell', 'ALL', 'MCC', 'Mobile Country Code', 'Number', 'Measure', 'NONE', 'DC.DIM_E_LTE_EUCELL.MCC', '', '', 0, 0, 0, 44 );
insert into Universeobject ( VERSIONID, CLASSNAME, UNIVERSEEXTENSION, OBJECTNAME, DESCRIPTION, OBJECTTYPE, QUALIFICATION, AGGREGATION, OBJSELECT, OBJWHERE, PROMPTHIERARCHY, OBJ_BH_REL, ELEM_BH_REL, INHERITANCE, ORDERNRO ) values ( 'DC_E_TEST:((2))', 'EUtranCell', 'ALL', 'MNC', 'Mobile Network Code', 'Number', 'Measure', 'NONE', 'DC.DIM_E_LTE_EUCELL.MNC', '', '', 0, 0, 0, 46 );
insert into Universeobject ( VERSIONID, CLASSNAME, UNIVERSEEXTENSION, OBJECTNAME, DESCRIPTION, OBJECTTYPE, QUALIFICATION, AGGREGATION, OBJSELECT, OBJWHERE, PROMPTHIERARCHY, OBJ_BH_REL, ELEM_BH_REL, INHERITANCE, ORDERNRO ) values ( 'DC_E_TEST:((2))', 'EUtranCell', 'ALL', 'MNC Length', 'Mobile Country Code Length', 'Number', 'Measure', 'NONE', 'DC.DIM_E_LTE_EUCELL.MNC_LENGTH', '', '', 0, 0, 0, 48 );
insert into Universeobject ( VERSIONID, CLASSNAME, UNIVERSEEXTENSION, OBJECTNAME, DESCRIPTION, OBJECTTYPE, QUALIFICATION, AGGREGATION, OBJSELECT, OBJWHERE, PROMPTHIERARCHY, OBJ_BH_REL, ELEM_BH_REL, INHERITANCE, ORDERNRO ) values ( 'DC_E_TEST:((2))', 'EUtranCell', 'ALL', 'OSS Id', 'OSS Id', 'Character', 'Dimension', 'NONE', 'DC.DIM_E_LTE_EUCELL.OSS_ID', '', '', 0, 0, 0, 37 );
insert into Universeobject ( VERSIONID, CLASSNAME, UNIVERSEEXTENSION, OBJECTNAME, DESCRIPTION, OBJECTTYPE, QUALIFICATION, AGGREGATION, OBJSELECT, OBJWHERE, PROMPTHIERARCHY, OBJ_BH_REL, ELEM_BH_REL, INHERITANCE, ORDERNRO ) values ( 'DC_E_TEST:((2))', 'EUtranCell', 'ALL', 'tac', 'Tracking Area Code', 'Number', 'Measure', 'NONE', 'DC.DIM_E_LTE_EUCELL.tac', '', '', 0, 0, 0, 49 );
insert into Universecondition ( VERSIONID, CLASSNAME, UNIVERSEEXTENSION, UNIVERSECONDITION, DESCRIPTION, CONDWHERE, AUTOGENERATE, CONDOBJCLASS, CONDOBJECT, PROMPTTEXT, MULTISELECTION, FREETEXT, OBJ_BH_REL, ELEM_BH_REL, INHERITANCE, ORDERNRO ) values ( 'DC_E_TEST:((2))', 'DC_E_TEST_ENODEBFUNCTION_V_Keys', 'ALL', 'Select MOID', 'Select MOID', '', 1, 'DC_E_TEST_ENODEBFUNCTION_V_Keys', 'MOID', 'Select MOID', 1, 1, 0, 0, 0, 17 );
insert into Universecondition ( VERSIONID, CLASSNAME, UNIVERSEEXTENSION, UNIVERSECONDITION, DESCRIPTION, CONDWHERE, AUTOGENERATE, CONDOBJCLASS, CONDOBJECT, PROMPTTEXT, MULTISELECTION, FREETEXT, OBJ_BH_REL, ELEM_BH_REL, INHERITANCE, ORDERNRO ) values ( 'DC_E_TEST:((2))', 'Area', 'ALL', 'Select Area', 'Select Area', '', 1, 'Area', 'Area', 'Select Area', 1, 1, 0, 0, 0, 30 );
insert into Universecondition ( VERSIONID, CLASSNAME, UNIVERSEEXTENSION, UNIVERSECONDITION, DESCRIPTION, CONDWHERE, AUTOGENERATE, CONDOBJCLASS, CONDOBJECT, PROMPTTEXT, MULTISELECTION, FREETEXT, OBJ_BH_REL, ELEM_BH_REL, INHERITANCE, ORDERNRO ) values ( 'DC_E_TEST:((2))', 'Area', 'ALL', 'Select Area Group', 'Select Area Group', '', 1, 'Area', 'Area Group', 'Select Area Group', 1, 1, 0, 0, 0, 32 );
insert into Universecondition ( VERSIONID, CLASSNAME, UNIVERSEEXTENSION, UNIVERSECONDITION, DESCRIPTION, CONDWHERE, AUTOGENERATE, CONDOBJCLASS, CONDOBJECT, PROMPTTEXT, MULTISELECTION, FREETEXT, OBJ_BH_REL, ELEM_BH_REL, INHERITANCE, ORDERNRO ) values ( 'DC_E_TEST:((2))', 'Area', 'ALL', 'Select Cell Set', 'Select Cell Set', '', 1, 'Area', 'Cell Set', 'Select Cell Set', 1, 1, 0, 0, 0, 31 );
insert into Universecondition ( VERSIONID, CLASSNAME, UNIVERSEEXTENSION, UNIVERSECONDITION, DESCRIPTION, CONDWHERE, AUTOGENERATE, CONDOBJCLASS, CONDOBJECT, PROMPTTEXT, MULTISELECTION, FREETEXT, OBJ_BH_REL, ELEM_BH_REL, INHERITANCE, ORDERNRO ) values ( 'DC_E_TEST:((2))', 'ENodeBFunction', 'ALL', 'Select ENodeB Id', 'Select ENodeB Id', '', 1, 'ENodeBFunction', 'ENodeB Id', 'Select ENodeB Id', 1, 1, 0, 0, 0, 24 );
insert into Universecondition ( VERSIONID, CLASSNAME, UNIVERSEEXTENSION, UNIVERSECONDITION, DESCRIPTION, CONDWHERE, AUTOGENERATE, CONDOBJCLASS, CONDOBJECT, PROMPTTEXT, MULTISELECTION, FREETEXT, OBJ_BH_REL, ELEM_BH_REL, INHERITANCE, ORDERNRO ) values ( 'DC_E_TEST:((2))', 'ENodeBFunction', 'ALL', 'Select ERBS Id', 'Select ERBS Id', '', 1, 'ENodeBFunction', 'ERBS Id', 'Select ERBS Id', 1, 1, 0, 0, 0, 23 );
insert into Universecondition ( VERSIONID, CLASSNAME, UNIVERSEEXTENSION, UNIVERSECONDITION, DESCRIPTION, CONDWHERE, AUTOGENERATE, CONDOBJCLASS, CONDOBJECT, PROMPTTEXT, MULTISELECTION, FREETEXT, OBJ_BH_REL, ELEM_BH_REL, INHERITANCE, ORDERNRO ) values ( 'DC_E_TEST:((2))', 'ENodeBFunction', 'ALL', 'Select OSS Id', 'Select OSS Id', '', 1, 'ENodeBFunction', 'OSS Id', 'Select OSS Id', 1, 1, 0, 0, 0, 22 );
insert into Universecondition ( VERSIONID, CLASSNAME, UNIVERSEEXTENSION, UNIVERSECONDITION, DESCRIPTION, CONDWHERE, AUTOGENERATE, CONDOBJCLASS, CONDOBJECT, PROMPTTEXT, MULTISELECTION, FREETEXT, OBJ_BH_REL, ELEM_BH_REL, INHERITANCE, ORDERNRO ) values ( 'DC_E_TEST:((2))', 'ERBS', 'ALL', 'Select ERBS Id', 'Select ERBS Id', '', 1, 'ERBS', 'ERBS Id', 'Select ERBS Id', 1, 1, 0, 0, 0, 5 );
insert into Universecondition ( VERSIONID, CLASSNAME, UNIVERSEEXTENSION, UNIVERSECONDITION, DESCRIPTION, CONDWHERE, AUTOGENERATE, CONDOBJCLASS, CONDOBJECT, PROMPTTEXT, MULTISELECTION, FREETEXT, OBJ_BH_REL, ELEM_BH_REL, INHERITANCE, ORDERNRO ) values ( 'DC_E_TEST:((2))', 'ERBS', 'ALL', 'Select ERBS Name', 'Select ERBS Name', '', 1, 'ERBS', 'ERBS Name', 'Select ERBS Name', 1, 1, 0, 0, 0, 6 );
insert into Universecondition ( VERSIONID, CLASSNAME, UNIVERSEEXTENSION, UNIVERSECONDITION, DESCRIPTION, CONDWHERE, AUTOGENERATE, CONDOBJCLASS, CONDOBJECT, PROMPTTEXT, MULTISELECTION, FREETEXT, OBJ_BH_REL, ELEM_BH_REL, INHERITANCE, ORDERNRO ) values ( 'DC_E_TEST:((2))', 'ERBS', 'ALL', 'Select ERBS Version', 'Select ERBS Version', '', 1, 'ERBS', 'ERBS Version', 'Select ERBS Version', 1, 1, 0, 0, 0, 7 );
insert into Universecondition ( VERSIONID, CLASSNAME, UNIVERSEEXTENSION, UNIVERSECONDITION, DESCRIPTION, CONDWHERE, AUTOGENERATE, CONDOBJCLASS, CONDOBJECT, PROMPTTEXT, MULTISELECTION, FREETEXT, OBJ_BH_REL, ELEM_BH_REL, INHERITANCE, ORDERNRO ) values ( 'DC_E_TEST:((2))', 'ERBS', 'ALL', 'Select OSS Id', 'Select OSS Id', '', 1, 'ERBS', 'OSS Id', 'Select OSS Id', 1, 1, 0, 0, 0, 2 );
insert into Universecondition ( VERSIONID, CLASSNAME, UNIVERSEEXTENSION, UNIVERSECONDITION, DESCRIPTION, CONDWHERE, AUTOGENERATE, CONDOBJCLASS, CONDOBJECT, PROMPTTEXT, MULTISELECTION, FREETEXT, OBJ_BH_REL, ELEM_BH_REL, INHERITANCE, ORDERNRO ) values ( 'DC_E_TEST:((2))', 'EUtranCell', 'ALL', 'Select Cell Type', 'Select Cell Type', '', 1, 'EUtranCell', 'Cell Type', 'Select Cell Type', 1, 1, 0, 0, 0, 20 );
insert into Universecondition ( VERSIONID, CLASSNAME, UNIVERSEEXTENSION, UNIVERSECONDITION, DESCRIPTION, CONDWHERE, AUTOGENERATE, CONDOBJCLASS, CONDOBJECT, PROMPTTEXT, MULTISELECTION, FREETEXT, OBJ_BH_REL, ELEM_BH_REL, INHERITANCE, ORDERNRO ) values ( 'DC_E_TEST:((2))', 'EUtranCell', 'ALL', 'Select ERBS Id', 'Select ERBS Id', '', 1, 'EUtranCell', 'ERBS Id', 'Select ERBS Id', 1, 1, 0, 0, 0, 19 );
insert into Universecondition ( VERSIONID, CLASSNAME, UNIVERSEEXTENSION, UNIVERSECONDITION, DESCRIPTION, CONDWHERE, AUTOGENERATE, CONDOBJCLASS, CONDOBJECT, PROMPTTEXT, MULTISELECTION, FREETEXT, OBJ_BH_REL, ELEM_BH_REL, INHERITANCE, ORDERNRO ) values ( 'DC_E_TEST:((2))', 'EUtranCell', 'ALL', 'Select EUtranCell Id', 'Select EUtranCell Id', '', 1, 'EUtranCell', 'EUtranCell Id', 'Select EUtranCell Id', 1, 1, 0, 0, 0, 21 );
insert into Universecondition ( VERSIONID, CLASSNAME, UNIVERSEEXTENSION, UNIVERSECONDITION, DESCRIPTION, CONDWHERE, AUTOGENERATE, CONDOBJCLASS, CONDOBJECT, PROMPTTEXT, MULTISELECTION, FREETEXT, OBJ_BH_REL, ELEM_BH_REL, INHERITANCE, ORDERNRO ) values ( 'DC_E_TEST:((2))', 'EUtranCell', 'ALL', 'Select OSS Id', 'Select OSS Id', '', 1, 'EUtranCell', 'OSS Id', 'Select OSS Id', 1, 1, 0, 0, 0, 18 );
insert into Universecondition ( VERSIONID, CLASSNAME, UNIVERSEEXTENSION, UNIVERSECONDITION, DESCRIPTION, CONDWHERE, AUTOGENERATE, CONDOBJCLASS, CONDOBJECT, PROMPTTEXT, MULTISELECTION, FREETEXT, OBJ_BH_REL, ELEM_BH_REL, INHERITANCE, ORDERNRO ) values ( 'DC_E_TEST:((2))', 'EUtranCellRelation', 'ALL', 'Select adjacent Cell Id', 'Select adjacent Cell Id', '', 1, 'EUtranCellRelation', 'Adjacent Cell Id', 'Select adjacent Cell Id', 1, 1, 0, 0, 0, 28 );
insert into Universecondition ( VERSIONID, CLASSNAME, UNIVERSEEXTENSION, UNIVERSECONDITION, DESCRIPTION, CONDWHERE, AUTOGENERATE, CONDOBJCLASS, CONDOBJECT, PROMPTTEXT, MULTISELECTION, FREETEXT, OBJ_BH_REL, ELEM_BH_REL, INHERITANCE, ORDERNRO ) values ( 'DC_E_TEST:((2))', 'EUtranCellRelation', 'ALL', 'Select adjacent ERBS Id', 'Select adjacent ERBS Id', '', 1, 'EUtranCellRelation', 'Adjacent ERBS Id', 'Select adjacent ERBS Id', 1, 1, 0, 0, 0, 29 );
insert into Universecondition ( VERSIONID, CLASSNAME, UNIVERSEEXTENSION, UNIVERSECONDITION, DESCRIPTION, CONDWHERE, AUTOGENERATE, CONDOBJCLASS, CONDOBJECT, PROMPTTEXT, MULTISELECTION, FREETEXT, OBJ_BH_REL, ELEM_BH_REL, INHERITANCE, ORDERNRO ) values ( 'DC_E_TEST:((2))', 'EUtranCellRelation', 'ALL', 'Select ERBS Id', 'Select ERBS Id', '', 1, 'EUtranCellRelation', 'ERBS Id', 'Select ERBS Id', 1, 1, 0, 0, 0, 26 );
insert into Universecondition ( VERSIONID, CLASSNAME, UNIVERSEEXTENSION, UNIVERSECONDITION, DESCRIPTION, CONDWHERE, AUTOGENERATE, CONDOBJCLASS, CONDOBJECT, PROMPTTEXT, MULTISELECTION, FREETEXT, OBJ_BH_REL, ELEM_BH_REL, INHERITANCE, ORDERNRO ) values ( 'DC_E_TEST:((2))', 'EUtranCellRelation', 'ALL', 'Select EUtranCellRelation', 'Select EUtranCellRelation', '', 1, 'EUtranCellRelation', 'EUtranCellRelation', 'Select EUtranCellRelation', 1, 1, 0, 0, 0, 27 );
insert into Universecondition ( VERSIONID, CLASSNAME, UNIVERSEEXTENSION, UNIVERSECONDITION, DESCRIPTION, CONDWHERE, AUTOGENERATE, CONDOBJCLASS, CONDOBJECT, PROMPTTEXT, MULTISELECTION, FREETEXT, OBJ_BH_REL, ELEM_BH_REL, INHERITANCE, ORDERNRO ) values ( 'DC_E_TEST:((2))', 'EUtranCellRelation', 'ALL', 'Select OSS Id', 'Select OSS Id', '', 1, 'EUtranCellRelation', 'OSS Id', 'Select OSS Id', 1, 1, 0, 0, 0, 25 );
insert into Universecondition ( VERSIONID, CLASSNAME, UNIVERSEEXTENSION, UNIVERSECONDITION, DESCRIPTION, CONDWHERE, AUTOGENERATE, CONDOBJCLASS, CONDOBJECT, PROMPTTEXT, MULTISELECTION, FREETEXT, OBJ_BH_REL, ELEM_BH_REL, INHERITANCE, ORDERNRO ) values ( 'DC_E_TEST:((2))', 'Hierarchical Selection', 'ALL', 'Select Ucell, RNC, Area or Vendor', 'Select Ucell, RNC, Area or Vendor', '', 1, 'Hierarchical Selection', 'Selection', 'Select Ucell, RNC, Area or Vendor', 1, 1, 0, 0, 0, 33 );
insert into Universecondition ( VERSIONID, CLASSNAME, UNIVERSEEXTENSION, UNIVERSECONDITION, DESCRIPTION, CONDWHERE, AUTOGENERATE, CONDOBJCLASS, CONDOBJECT, PROMPTTEXT, MULTISELECTION, FREETEXT, OBJ_BH_REL, ELEM_BH_REL, INHERITANCE, ORDERNRO ) values ( 'DC_E_TEST:((2))', 'LTE Site', 'ALL', 'Select OSS Id', 'Select OSS Id', '', 1, 'LTE Site', 'OSS Id', 'Select OSS Id', 1, 1, 0, 0, 0, 8 );
insert into Transformer ( TRANSFORMERID, VERSIONID, DESCRIPTION, TYPE ) values ( 'DC_E_TEST:((2)):ALL:mdc', 'DC_E_TEST:((2))', '', 'ALL' );
insert into Transformer ( TRANSFORMERID, VERSIONID, DESCRIPTION, TYPE ) values ( 'DC_E_TEST:((2)):DC_E_TEST_ENODEBFUNCTION_V:mdc', 'DC_E_TEST:((2))', '', 'SPECIFIC' );
insert into Transformation ( TRANSFORMERID, ORDERNO, TYPE, SOURCE, TARGET, CONFIG, DESCRIPTION ) values ( 'DC_E_TEST:((2)):DC_E_TEST_ENODEBFUNCTION_V:mdc', 28, 'calculation', 'PERIOD_DURATION', 'PERIOD_DURATION', 'formula=/60
', null );
insert into Transformation ( TRANSFORMERID, ORDERNO, TYPE, SOURCE, TARGET, CONFIG, DESCRIPTION ) values ( 'DC_E_TEST:((2)):DC_E_TEST_ENODEBFUNCTION_V:mdc', 29, 'databaseLookup', 'PERIOD_DURATION', 'TIMELEVEL', 'sql=select DURATIONMIN, TIMELEVEL from DIM_TIMELEVEL where TABLELEVEL = ''RAW''
basetable=DIM_TIMELEVEL
', null );
insert into Transformation ( TRANSFORMERID, ORDERNO, TYPE, SOURCE, TARGET, CONFIG, DESCRIPTION ) values ( 'DC_E_TEST:((2)):DC_E_TEST_ENODEBFUNCTION_V:mdc', 30, 'fixed', '', 'DC_TIMEZONE', 'value=TIMEZONE
', null );
insert into Transformation ( TRANSFORMERID, ORDERNO, TYPE, SOURCE, TARGET, CONFIG, DESCRIPTION ) values ( 'DC_E_TEST:((2)):DC_E_TEST_ENODEBFUNCTION_V:mdc', 31, 'lookup', 'filename', 'DC_TIMEZONE', 'pattern=A.{13}(.{5})-.+
', null );
insert into Transformation ( TRANSFORMERID, ORDERNO, TYPE, SOURCE, TARGET, CONFIG, DESCRIPTION ) values ( 'DC_E_TEST:((2)):DC_E_TEST_ENODEBFUNCTION_V:mdc', 32, 'condition', 'DC_TIMEZONE', 'DC_TIMEZONE', 'factor=TIMEZONE
result1field=JVM_TIMEZONE
result2field=DC_TIMEZONE
', null );
insert into Transformation ( TRANSFORMERID, ORDERNO, TYPE, SOURCE, TARGET, CONFIG, DESCRIPTION ) values ( 'DC_E_TEST:((2)):DC_E_TEST_ENODEBFUNCTION_V:mdc', 33, 'propertytokenizer', 'MOID', 'MOID', 'delim=,
', null );
insert into Transformation ( TRANSFORMERID, ORDERNO, TYPE, SOURCE, TARGET, CONFIG, DESCRIPTION ) values ( 'DC_E_TEST:((2)):DC_E_TEST_ENODEBFUNCTION_V:mdc', 34, 'lookup', 'DIRNAME', 'OSS_ID', 'pattern=.+/(.+)/.+/.+
', null );
insert into Transformation ( TRANSFORMERID, ORDERNO, TYPE, SOURCE, TARGET, CONFIG, DESCRIPTION ) values ( 'DC_E_TEST:((2)):DC_E_TEST_ENODEBFUNCTION_V:mdc', 35, 'copy', 'OSS_ID', 'DC_SOURCE', '', null );
insert into Transformation ( TRANSFORMERID, ORDERNO, TYPE, SOURCE, TARGET, CONFIG, DESCRIPTION ) values ( 'DC_E_TEST:((2)):DC_E_TEST_ENODEBFUNCTION_V:mdc', 36, 'lookup', 'filename', 'SN', 'pattern=^A.+?_(.+?)_statsfile.+$
', null );
insert into Transformation ( TRANSFORMERID, ORDERNO, TYPE, SOURCE, TARGET, CONFIG, DESCRIPTION ) values ( 'DC_E_TEST:((2)):DC_E_TEST_ENODEBFUNCTION_V:mdc', 37, 'propertytokenizer', 'SN', 'SN', 'delim=,
', null );
insert into Transformation ( TRANSFORMERID, ORDERNO, TYPE, SOURCE, TARGET, CONFIG, DESCRIPTION ) values ( 'DC_E_TEST:((2)):DC_E_TEST_ENODEBFUNCTION_V:mdc', 38, 'copy', 'SN', 'NE_Identifier', '', null );
insert into Transformation ( TRANSFORMERID, ORDERNO, TYPE, SOURCE, TARGET, CONFIG, DESCRIPTION ) values ( 'DC_E_TEST:((2)):DC_E_TEST_ENODEBFUNCTION_V:mdc', 39, 'preappender', 'NE_Identifier', 'NE_Identifier', 'fixed=:
', null );
insert into Transformation ( TRANSFORMERID, ORDERNO, TYPE, SOURCE, TARGET, CONFIG, DESCRIPTION ) values ( 'DC_E_TEST:((2)):DC_E_TEST_ENODEBFUNCTION_V:mdc', 40, 'preappender', 'NE_Identifier', 'NE_Identifier', 'field=OSS_ID
', null );
insert into Transformation ( TRANSFORMERID, ORDERNO, TYPE, SOURCE, TARGET, CONFIG, DESCRIPTION ) values ( 'DC_E_TEST:((2)):DC_E_TEST_ENODEBFUNCTION_V:mdc', 41, 'fixed', '', 'NE_SITE_FDN', 'value=null
', null );
insert into Transformation ( TRANSFORMERID, ORDERNO, TYPE, SOURCE, TARGET, CONFIG, DESCRIPTION ) values ( 'DC_E_TEST:((2)):DC_E_TEST_ENODEBFUNCTION_V:mdc', 42, 'databaseLookup', 'NE_Identifier', 'NE_SITE_FDN', 'sql=select OSS_ID||'':''||ERBS_FDN, SITE_FDN from DIM_E_LTE_ERBS
basetable=DIM_E_LTE_SITE
', null );
insert into Transformation ( TRANSFORMERID, ORDERNO, TYPE, SOURCE, TARGET, CONFIG, DESCRIPTION ) values ( 'DC_E_TEST:((2)):DC_E_TEST_ENODEBFUNCTION_V:mdc', 43, 'preappender', 'NE_SITE_FDN', 'NE_SITE_FDN', 'fixed=:
', null );
insert into Transformation ( TRANSFORMERID, ORDERNO, TYPE, SOURCE, TARGET, CONFIG, DESCRIPTION ) values ( 'DC_E_TEST:((2)):DC_E_TEST_ENODEBFUNCTION_V:mdc', 44, 'preappender', 'NE_SITE_FDN', 'NE_SITE_FDN', 'field=OSS_ID
', null );
insert into Transformation ( TRANSFORMERID, ORDERNO, TYPE, SOURCE, TARGET, CONFIG, DESCRIPTION ) values ( 'DC_E_TEST:((2)):DC_E_TEST_ENODEBFUNCTION_V:mdc', 45, 'fixed', '', 'NE_TIMEZONE', 'value=null
', null );
insert into Transformation ( TRANSFORMERID, ORDERNO, TYPE, SOURCE, TARGET, CONFIG, DESCRIPTION ) values ( 'DC_E_TEST:((2)):DC_E_TEST_ENODEBFUNCTION_V:mdc', 46, 'databaseLookup', 'NE_SITE_FDN', 'NE_TIMEZONE', 'sql=select OSS_ID||'':''||SITE_FDN, TIMEZONE_VALUE from DIM_E_LTE_SITE
basetable=DIM_E_LTE_SITE
', null );
insert into Transformation ( TRANSFORMERID, ORDERNO, TYPE, SOURCE, TARGET, CONFIG, DESCRIPTION ) values ( 'DC_E_TEST:((2)):DC_E_TEST_ENODEBFUNCTION_V:mdc', 47, 'condition', 'NE_TIMEZONE', 'DC_TIMEZONE', 'factor=null
result1field=DC_TIMEZONE
result2field=NE_TIMEZONE
', null );
insert into Transformation ( TRANSFORMERID, ORDERNO, TYPE, SOURCE, TARGET, CONFIG, DESCRIPTION ) values ( 'DC_E_TEST:((2)):DC_E_TEST_ENODEBFUNCTION_V:mdc', 48, 'lookup', 'DATETIME_ID', 'DATETIME_ID', 'pattern=(\\d{14})Z
', null );
insert into Transformation ( TRANSFORMERID, ORDERNO, TYPE, SOURCE, TARGET, CONFIG, DESCRIPTION ) values ( 'DC_E_TEST:((2)):DC_E_TEST_ENODEBFUNCTION_V:mdc', 49, 'DateFormat', 'DATETIME_ID', 'UTC_DATETIME_ID', 'oldformat=yyyyMMddHHmmss
newformat=yyyy-MM-dd HH:mm:ss
', null );
insert into Transformation ( TRANSFORMERID, ORDERNO, TYPE, SOURCE, TARGET, CONFIG, DESCRIPTION ) values ( 'DC_E_TEST:((2)):DC_E_TEST_ENODEBFUNCTION_V:mdc', 50, 'DateFormat', 'DATETIME_ID', 'DATETIME_ID', 'oldformat=yyyyMMddHHmmss
newformat=yyyy-MM-dd HH:mm:ss
oldtimezone=+0000
newtimezonefield=DC_TIMEZONE
', null );
insert into Transformation ( TRANSFORMERID, ORDERNO, TYPE, SOURCE, TARGET, CONFIG, DESCRIPTION ) values ( 'DC_E_TEST:((2)):DC_E_TEST_ENODEBFUNCTION_V:mdc', 51, 'defaulttimehandler', 'DATETIME_ID', '', 'oldformat=yyyy-MM-dd HH:mm:ss
', null );
insert into Transformation ( TRANSFORMERID, ORDERNO, TYPE, SOURCE, TARGET, CONFIG, DESCRIPTION ) values ( 'DC_E_TEST:((2)):DC_E_TEST_ENODEBFUNCTION_V:mdc', 52, 'databaseLookup', 'NE_Identifier', 'DC_RELEASE', 'sql=select OSS_ID||'':''||ERBS_FDN, ERBS_VERSION from DIM_E_LTE_ERBS
basetable=DIM_E_LTE_ERBS
', null );
insert into Transformation ( TRANSFORMERID, ORDERNO, TYPE, SOURCE, TARGET, CONFIG, DESCRIPTION ) values ( 'DC_E_TEST:((2)):DC_E_TEST_ENODEBFUNCTION_V:mdc', 53, 'condition', 'DC_SUSPECTFLAG', 'ROWSTATUS', 'factor=TRUE
result1=SUSPECTED
result2field=ROWSTATUS
', null );
insert into Transformation ( TRANSFORMERID, ORDERNO, TYPE, SOURCE, TARGET, CONFIG, DESCRIPTION ) values ( 'DC_E_TEST:((2)):DC_E_TEST_ENODEBFUNCTION_V:mdc', 54, 'condition', 'DC_SUSPECTFLAG', 'DC_SUSPECTFLAG', 'factor=TRUE
result1=1
result2field=DC_SUSPECTFLAG
', null );
insert into Transformation ( TRANSFORMERID, ORDERNO, TYPE, SOURCE, TARGET, CONFIG, DESCRIPTION ) values ( 'DC_E_TEST:((2)):DC_E_TEST_ENODEBFUNCTION_V:mdc', 55, 'condition', 'DC_SUSPECTFLAG', 'DC_SUSPECTFLAG', 'factor=FALSE
result1=0
result2field=DC_SUSPECTFLAG
', null );
insert into Transformer ( TRANSFORMERID, VERSIONID, DESCRIPTION, TYPE ) values ( 'DC_E_TEST:((2)):DC_E_TEST_SECURITYHANDLING:mdc', 'DC_E_TEST:((2))', '', 'SPECIFIC' );
insert into Transformation ( TRANSFORMERID, ORDERNO, TYPE, SOURCE, TARGET, CONFIG, DESCRIPTION ) values ( 'DC_E_TEST:((2)):DC_E_TEST_SECURITYHANDLING:mdc', 140, 'calculation', 'PERIOD_DURATION', 'PERIOD_DURATION', 'formula=/60
', null );
insert into Transformation ( TRANSFORMERID, ORDERNO, TYPE, SOURCE, TARGET, CONFIG, DESCRIPTION ) values ( 'DC_E_TEST:((2)):DC_E_TEST_SECURITYHANDLING:mdc', 141, 'databaseLookup', 'PERIOD_DURATION', 'TIMELEVEL', 'sql=select DURATIONMIN, TIMELEVEL from DIM_TIMELEVEL where TABLELEVEL = ''RAW''
basetable=DIM_TIMELEVEL
', null );
insert into Transformation ( TRANSFORMERID, ORDERNO, TYPE, SOURCE, TARGET, CONFIG, DESCRIPTION ) values ( 'DC_E_TEST:((2)):DC_E_TEST_SECURITYHANDLING:mdc', 142, 'fixed', '', 'DC_TIMEZONE', 'value=TIMEZONE
', null );
insert into Transformation ( TRANSFORMERID, ORDERNO, TYPE, SOURCE, TARGET, CONFIG, DESCRIPTION ) values ( 'DC_E_TEST:((2)):DC_E_TEST_SECURITYHANDLING:mdc', 143, 'lookup', 'filename', 'DC_TIMEZONE', 'pattern=A.{13}(.{5})-.+
', null );
insert into Transformation ( TRANSFORMERID, ORDERNO, TYPE, SOURCE, TARGET, CONFIG, DESCRIPTION ) values ( 'DC_E_TEST:((2)):DC_E_TEST_SECURITYHANDLING:mdc', 144, 'condition', 'DC_TIMEZONE', 'DC_TIMEZONE', 'factor=TIMEZONE
result1field=JVM_TIMEZONE
result2field=DC_TIMEZONE
', null );
insert into Transformation ( TRANSFORMERID, ORDERNO, TYPE, SOURCE, TARGET, CONFIG, DESCRIPTION ) values ( 'DC_E_TEST:((2)):DC_E_TEST_SECURITYHANDLING:mdc', 145, 'propertytokenizer', 'MOID', 'MOID', 'delim=,
', null );
insert into Transformation ( TRANSFORMERID, ORDERNO, TYPE, SOURCE, TARGET, CONFIG, DESCRIPTION ) values ( 'DC_E_TEST:((2)):DC_E_TEST_SECURITYHANDLING:mdc', 146, 'lookup', 'DIRNAME', 'OSS_ID', 'pattern=.+/(.+)/.+/.+
', null );
insert into Transformation ( TRANSFORMERID, ORDERNO, TYPE, SOURCE, TARGET, CONFIG, DESCRIPTION ) values ( 'DC_E_TEST:((2)):DC_E_TEST_SECURITYHANDLING:mdc', 147, 'copy', 'OSS_ID', 'DC_SOURCE', '', null );
insert into Transformation ( TRANSFORMERID, ORDERNO, TYPE, SOURCE, TARGET, CONFIG, DESCRIPTION ) values ( 'DC_E_TEST:((2)):DC_E_TEST_SECURITYHANDLING:mdc', 148, 'lookup', 'filename', 'SN', 'pattern=^A.+?_(.+?)_statsfile.+$
', null );
insert into Transformation ( TRANSFORMERID, ORDERNO, TYPE, SOURCE, TARGET, CONFIG, DESCRIPTION ) values ( 'DC_E_TEST:((2)):DC_E_TEST_SECURITYHANDLING:mdc', 149, 'propertytokenizer', 'SN', 'SN', 'delim=,
', null );
insert into Transformation ( TRANSFORMERID, ORDERNO, TYPE, SOURCE, TARGET, CONFIG, DESCRIPTION ) values ( 'DC_E_TEST:((2)):DC_E_TEST_SECURITYHANDLING:mdc', 150, 'copy', 'SN', 'NE_Identifier', '', null );
insert into Transformation ( TRANSFORMERID, ORDERNO, TYPE, SOURCE, TARGET, CONFIG, DESCRIPTION ) values ( 'DC_E_TEST:((2)):DC_E_TEST_SECURITYHANDLING:mdc', 151, 'preappender', 'NE_Identifier', 'NE_Identifier', 'fixed=:
', null );
insert into Transformation ( TRANSFORMERID, ORDERNO, TYPE, SOURCE, TARGET, CONFIG, DESCRIPTION ) values ( 'DC_E_TEST:((2)):DC_E_TEST_SECURITYHANDLING:mdc', 152, 'preappender', 'NE_Identifier', 'NE_Identifier', 'field=OSS_ID
', null );
insert into Transformation ( TRANSFORMERID, ORDERNO, TYPE, SOURCE, TARGET, CONFIG, DESCRIPTION ) values ( 'DC_E_TEST:((2)):DC_E_TEST_SECURITYHANDLING:mdc', 153, 'fixed', '', 'NE_SITE_FDN', 'value=null
', null );
insert into Transformation ( TRANSFORMERID, ORDERNO, TYPE, SOURCE, TARGET, CONFIG, DESCRIPTION ) values ( 'DC_E_TEST:((2)):DC_E_TEST_SECURITYHANDLING:mdc', 154, 'databaseLookup', 'NE_Identifier', 'NE_SITE_FDN', 'sql=select OSS_ID||'':''||ERBS_FDN, SITE_FDN from DIM_E_LTE_ERBS
basetable=DIM_E_LTE_SITE
', null );
insert into Transformation ( TRANSFORMERID, ORDERNO, TYPE, SOURCE, TARGET, CONFIG, DESCRIPTION ) values ( 'DC_E_TEST:((2)):DC_E_TEST_SECURITYHANDLING:mdc', 155, 'preappender', 'NE_SITE_FDN', 'NE_SITE_FDN', 'fixed=:
', null );
insert into Transformation ( TRANSFORMERID, ORDERNO, TYPE, SOURCE, TARGET, CONFIG, DESCRIPTION ) values ( 'DC_E_TEST:((2)):DC_E_TEST_SECURITYHANDLING:mdc', 156, 'preappender', 'NE_SITE_FDN', 'NE_SITE_FDN', 'field=OSS_ID
', null );
insert into Transformation ( TRANSFORMERID, ORDERNO, TYPE, SOURCE, TARGET, CONFIG, DESCRIPTION ) values ( 'DC_E_TEST:((2)):DC_E_TEST_SECURITYHANDLING:mdc', 157, 'fixed', '', 'NE_TIMEZONE', 'value=null
', null );
insert into Transformation ( TRANSFORMERID, ORDERNO, TYPE, SOURCE, TARGET, CONFIG, DESCRIPTION ) values ( 'DC_E_TEST:((2)):DC_E_TEST_SECURITYHANDLING:mdc', 158, 'databaseLookup', 'NE_SITE_FDN', 'NE_TIMEZONE', 'sql=select OSS_ID||'':''||SITE_FDN, TIMEZONE_VALUE from DIM_E_LTE_SITE
basetable=DIM_E_LTE_SITE
', null );
insert into Transformation ( TRANSFORMERID, ORDERNO, TYPE, SOURCE, TARGET, CONFIG, DESCRIPTION ) values ( 'DC_E_TEST:((2)):DC_E_TEST_SECURITYHANDLING:mdc', 159, 'condition', 'NE_TIMEZONE', 'DC_TIMEZONE', 'factor=null
result1field=DC_TIMEZONE
result2field=NE_TIMEZONE
', null );
insert into Transformation ( TRANSFORMERID, ORDERNO, TYPE, SOURCE, TARGET, CONFIG, DESCRIPTION ) values ( 'DC_E_TEST:((2)):DC_E_TEST_SECURITYHANDLING:mdc', 160, 'lookup', 'DATETIME_ID', 'DATETIME_ID', 'pattern=(\\d{14})Z
', null );
insert into Transformation ( TRANSFORMERID, ORDERNO, TYPE, SOURCE, TARGET, CONFIG, DESCRIPTION ) values ( 'DC_E_TEST:((2)):DC_E_TEST_SECURITYHANDLING:mdc', 161, 'DateFormat', 'DATETIME_ID', 'UTC_DATETIME_ID', 'oldformat=yyyyMMddHHmmss
newformat=yyyy-MM-dd HH:mm:ss
', null );
insert into Transformation ( TRANSFORMERID, ORDERNO, TYPE, SOURCE, TARGET, CONFIG, DESCRIPTION ) values ( 'DC_E_TEST:((2)):DC_E_TEST_SECURITYHANDLING:mdc', 162, 'DateFormat', 'DATETIME_ID', 'DATETIME_ID', 'oldformat=yyyyMMddHHmmss
newformat=yyyy-MM-dd HH:mm:ss
oldtimezone=+0000
newtimezonefield=DC_TIMEZONE
', null );
insert into Transformation ( TRANSFORMERID, ORDERNO, TYPE, SOURCE, TARGET, CONFIG, DESCRIPTION ) values ( 'DC_E_TEST:((2)):DC_E_TEST_SECURITYHANDLING:mdc', 163, 'defaulttimehandler', 'DATETIME_ID', '', 'oldformat=yyyy-MM-dd HH:mm:ss
', null );
insert into Transformation ( TRANSFORMERID, ORDERNO, TYPE, SOURCE, TARGET, CONFIG, DESCRIPTION ) values ( 'DC_E_TEST:((2)):DC_E_TEST_SECURITYHANDLING:mdc', 164, 'databaseLookup', 'NE_Identifier', 'DC_RELEASE', 'sql=select OSS_ID||'':''||ERBS_FDN, ERBS_VERSION from DIM_E_LTE_ERBS
basetable=DIM_E_LTE_ERBS
', null );
insert into Transformation ( TRANSFORMERID, ORDERNO, TYPE, SOURCE, TARGET, CONFIG, DESCRIPTION ) values ( 'DC_E_TEST:((2)):DC_E_TEST_SECURITYHANDLING:mdc', 165, 'condition', 'DC_SUSPECTFLAG', 'ROWSTATUS', 'factor=TRUE
result1=SUSPECTED
result2field=ROWSTATUS
', null );
insert into Transformation ( TRANSFORMERID, ORDERNO, TYPE, SOURCE, TARGET, CONFIG, DESCRIPTION ) values ( 'DC_E_TEST:((2)):DC_E_TEST_SECURITYHANDLING:mdc', 166, 'condition', 'DC_SUSPECTFLAG', 'DC_SUSPECTFLAG', 'factor=TRUE
result1=1
result2field=DC_SUSPECTFLAG
', null );
insert into Transformation ( TRANSFORMERID, ORDERNO, TYPE, SOURCE, TARGET, CONFIG, DESCRIPTION ) values ( 'DC_E_TEST:((2)):DC_E_TEST_SECURITYHANDLING:mdc', 167, 'condition', 'DC_SUSPECTFLAG', 'DC_SUSPECTFLAG', 'factor=FALSE
result1=0
result2field=DC_SUSPECTFLAG
', null );
insert into Transformer ( TRANSFORMERID, VERSIONID, DESCRIPTION, TYPE ) values ( 'DC_E_TEST:((2)):DC_E_TEST_ENODEBFUNCTION:mdc', 'DC_E_TEST:((2))', '', 'SPECIFIC' );
insert into Transformation ( TRANSFORMERID, ORDERNO, TYPE, SOURCE, TARGET, CONFIG, DESCRIPTION ) values ( 'DC_E_TEST:((2)):DC_E_TEST_ENODEBFUNCTION:mdc', 364, 'calculation', 'PERIOD_DURATION', 'PERIOD_DURATION', 'formula=/60
', null );
insert into Transformation ( TRANSFORMERID, ORDERNO, TYPE, SOURCE, TARGET, CONFIG, DESCRIPTION ) values ( 'DC_E_TEST:((2)):DC_E_TEST_ENODEBFUNCTION:mdc', 365, 'databaseLookup', 'PERIOD_DURATION', 'TIMELEVEL', 'sql=select DURATIONMIN, TIMELEVEL from DIM_TIMELEVEL where TABLELEVEL = ''RAW''
basetable=DIM_TIMELEVEL
', null );
insert into Transformation ( TRANSFORMERID, ORDERNO, TYPE, SOURCE, TARGET, CONFIG, DESCRIPTION ) values ( 'DC_E_TEST:((2)):DC_E_TEST_ENODEBFUNCTION:mdc', 366, 'fixed', '', 'DC_TIMEZONE', 'value=TIMEZONE
', null );
insert into Transformation ( TRANSFORMERID, ORDERNO, TYPE, SOURCE, TARGET, CONFIG, DESCRIPTION ) values ( 'DC_E_TEST:((2)):DC_E_TEST_ENODEBFUNCTION:mdc', 367, 'lookup', 'filename', 'DC_TIMEZONE', 'pattern=A.{13}(.{5})-.+
', null );
insert into Transformation ( TRANSFORMERID, ORDERNO, TYPE, SOURCE, TARGET, CONFIG, DESCRIPTION ) values ( 'DC_E_TEST:((2)):DC_E_TEST_ENODEBFUNCTION:mdc', 368, 'condition', 'DC_TIMEZONE', 'DC_TIMEZONE', 'factor=TIMEZONE
result1field=JVM_TIMEZONE
result2field=DC_TIMEZONE
', null );
insert into Transformation ( TRANSFORMERID, ORDERNO, TYPE, SOURCE, TARGET, CONFIG, DESCRIPTION ) values ( 'DC_E_TEST:((2)):DC_E_TEST_ENODEBFUNCTION:mdc', 369, 'propertytokenizer', 'MOID', 'MOID', 'delim=,
', null );
insert into Transformation ( TRANSFORMERID, ORDERNO, TYPE, SOURCE, TARGET, CONFIG, DESCRIPTION ) values ( 'DC_E_TEST:((2)):DC_E_TEST_ENODEBFUNCTION:mdc', 370, 'lookup', 'DIRNAME', 'OSS_ID', 'pattern=.+/(.+)/.+/.+
', null );
insert into Transformation ( TRANSFORMERID, ORDERNO, TYPE, SOURCE, TARGET, CONFIG, DESCRIPTION ) values ( 'DC_E_TEST:((2)):DC_E_TEST_ENODEBFUNCTION:mdc', 371, 'copy', 'OSS_ID', 'DC_SOURCE', '', null );
insert into Transformation ( TRANSFORMERID, ORDERNO, TYPE, SOURCE, TARGET, CONFIG, DESCRIPTION ) values ( 'DC_E_TEST:((2)):DC_E_TEST_ENODEBFUNCTION:mdc', 372, 'lookup', 'filename', 'SN', 'pattern=^A.+?_(.+?)_statsfile.+$
', null );
insert into Transformation ( TRANSFORMERID, ORDERNO, TYPE, SOURCE, TARGET, CONFIG, DESCRIPTION ) values ( 'DC_E_TEST:((2)):DC_E_TEST_ENODEBFUNCTION:mdc', 373, 'propertytokenizer', 'SN', 'SN', 'delim=,
', null );
insert into Transformation ( TRANSFORMERID, ORDERNO, TYPE, SOURCE, TARGET, CONFIG, DESCRIPTION ) values ( 'DC_E_TEST:((2)):DC_E_TEST_ENODEBFUNCTION:mdc', 374, 'copy', 'SN', 'NE_Identifier', '', null );
insert into Transformation ( TRANSFORMERID, ORDERNO, TYPE, SOURCE, TARGET, CONFIG, DESCRIPTION ) values ( 'DC_E_TEST:((2)):DC_E_TEST_ENODEBFUNCTION:mdc', 375, 'preappender', 'NE_Identifier', 'NE_Identifier', 'fixed=:
', null );
insert into Transformation ( TRANSFORMERID, ORDERNO, TYPE, SOURCE, TARGET, CONFIG, DESCRIPTION ) values ( 'DC_E_TEST:((2)):DC_E_TEST_ENODEBFUNCTION:mdc', 376, 'preappender', 'NE_Identifier', 'NE_Identifier', 'field=OSS_ID
', null );
insert into Transformation ( TRANSFORMERID, ORDERNO, TYPE, SOURCE, TARGET, CONFIG, DESCRIPTION ) values ( 'DC_E_TEST:((2)):DC_E_TEST_ENODEBFUNCTION:mdc', 377, 'fixed', '', 'NE_SITE_FDN', 'value=null
', null );
insert into Transformation ( TRANSFORMERID, ORDERNO, TYPE, SOURCE, TARGET, CONFIG, DESCRIPTION ) values ( 'DC_E_TEST:((2)):DC_E_TEST_ENODEBFUNCTION:mdc', 378, 'databaseLookup', 'NE_Identifier', 'NE_SITE_FDN', 'sql=select OSS_ID||'':''||ERBS_FDN, SITE_FDN from DIM_E_LTE_ERBS
basetable=DIM_E_LTE_SITE
', null );
insert into Transformation ( TRANSFORMERID, ORDERNO, TYPE, SOURCE, TARGET, CONFIG, DESCRIPTION ) values ( 'DC_E_TEST:((2)):DC_E_TEST_ENODEBFUNCTION:mdc', 379, 'preappender', 'NE_SITE_FDN', 'NE_SITE_FDN', 'fixed=:
', null );
insert into Transformation ( TRANSFORMERID, ORDERNO, TYPE, SOURCE, TARGET, CONFIG, DESCRIPTION ) values ( 'DC_E_TEST:((2)):DC_E_TEST_ENODEBFUNCTION:mdc', 380, 'preappender', 'NE_SITE_FDN', 'NE_SITE_FDN', 'field=OSS_ID
', null );
insert into Transformation ( TRANSFORMERID, ORDERNO, TYPE, SOURCE, TARGET, CONFIG, DESCRIPTION ) values ( 'DC_E_TEST:((2)):DC_E_TEST_ENODEBFUNCTION:mdc', 381, 'fixed', '', 'NE_TIMEZONE', 'value=null
', null );
insert into Transformation ( TRANSFORMERID, ORDERNO, TYPE, SOURCE, TARGET, CONFIG, DESCRIPTION ) values ( 'DC_E_TEST:((2)):DC_E_TEST_ENODEBFUNCTION:mdc', 382, 'databaseLookup', 'NE_SITE_FDN', 'NE_TIMEZONE', 'sql=select OSS_ID||'':''||SITE_FDN, TIMEZONE_VALUE from DIM_E_LTE_SITE
basetable=DIM_E_LTE_SITE
', null );
insert into Transformation ( TRANSFORMERID, ORDERNO, TYPE, SOURCE, TARGET, CONFIG, DESCRIPTION ) values ( 'DC_E_TEST:((2)):DC_E_TEST_ENODEBFUNCTION:mdc', 383, 'condition', 'NE_TIMEZONE', 'DC_TIMEZONE', 'factor=null
result1field=DC_TIMEZONE
result2field=NE_TIMEZONE
', null );
insert into Transformation ( TRANSFORMERID, ORDERNO, TYPE, SOURCE, TARGET, CONFIG, DESCRIPTION ) values ( 'DC_E_TEST:((2)):DC_E_TEST_ENODEBFUNCTION:mdc', 384, 'lookup', 'DATETIME_ID', 'DATETIME_ID', 'pattern=(\\d{14})Z
', null );
insert into Transformation ( TRANSFORMERID, ORDERNO, TYPE, SOURCE, TARGET, CONFIG, DESCRIPTION ) values ( 'DC_E_TEST:((2)):DC_E_TEST_ENODEBFUNCTION:mdc', 385, 'DateFormat', 'DATETIME_ID', 'UTC_DATETIME_ID', 'oldformat=yyyyMMddHHmmss
newformat=yyyy-MM-dd HH:mm:ss
', null );
insert into Transformation ( TRANSFORMERID, ORDERNO, TYPE, SOURCE, TARGET, CONFIG, DESCRIPTION ) values ( 'DC_E_TEST:((2)):DC_E_TEST_ENODEBFUNCTION:mdc', 386, 'DateFormat', 'DATETIME_ID', 'DATETIME_ID', 'oldformat=yyyyMMddHHmmss
newformat=yyyy-MM-dd HH:mm:ss
oldtimezone=+0000
newtimezonefield=DC_TIMEZONE
', null );
insert into Transformation ( TRANSFORMERID, ORDERNO, TYPE, SOURCE, TARGET, CONFIG, DESCRIPTION ) values ( 'DC_E_TEST:((2)):DC_E_TEST_ENODEBFUNCTION:mdc', 387, 'defaulttimehandler', 'DATETIME_ID', '', 'oldformat=yyyy-MM-dd HH:mm:ss
', null );
insert into Transformation ( TRANSFORMERID, ORDERNO, TYPE, SOURCE, TARGET, CONFIG, DESCRIPTION ) values ( 'DC_E_TEST:((2)):DC_E_TEST_ENODEBFUNCTION:mdc', 388, 'databaseLookup', 'NE_Identifier', 'DC_RELEASE', 'sql=select OSS_ID||'':''||ERBS_FDN, ERBS_VERSION from DIM_E_LTE_ERBS
basetable=DIM_E_LTE_ERBS
', null );
insert into Transformation ( TRANSFORMERID, ORDERNO, TYPE, SOURCE, TARGET, CONFIG, DESCRIPTION ) values ( 'DC_E_TEST:((2)):DC_E_TEST_ENODEBFUNCTION:mdc', 389, 'condition', 'DC_SUSPECTFLAG', 'ROWSTATUS', 'factor=TRUE
result1=SUSPECTED
result2field=ROWSTATUS
', null );
insert into Transformation ( TRANSFORMERID, ORDERNO, TYPE, SOURCE, TARGET, CONFIG, DESCRIPTION ) values ( 'DC_E_TEST:((2)):DC_E_TEST_ENODEBFUNCTION:mdc', 390, 'condition', 'DC_SUSPECTFLAG', 'DC_SUSPECTFLAG', 'factor=TRUE
result1=1
result2field=DC_SUSPECTFLAG
', null );
insert into Transformation ( TRANSFORMERID, ORDERNO, TYPE, SOURCE, TARGET, CONFIG, DESCRIPTION ) values ( 'DC_E_TEST:((2)):DC_E_TEST_ENODEBFUNCTION:mdc', 391, 'condition', 'DC_SUSPECTFLAG', 'DC_SUSPECTFLAG', 'factor=FALSE
result1=0
result2field=DC_SUSPECTFLAG
', null );
insert into Transformer ( TRANSFORMERID, VERSIONID, DESCRIPTION, TYPE ) values ( 'DC_E_TEST:((2)):DC_E_TEST_SH:mdc', 'DC_E_TEST:((2))', '', 'SPECIFIC' );
insert into Referencetable ( TYPEID, VERSIONID, TYPENAME, OBJECTID, OBJECTNAME, OBJECTVERSION, OBJECTTYPE, DESCRIPTION, STATUS, UPDATE_POLICY, TABLE_TYPE, DATAFORMATSUPPORT, BASEDEF ) values ( 'DC_E_TEST:((2)):DIM_E_TEST_ELEMBH_BHTYPE', 'DC_E_TEST:((2))', 'DIM_E_TEST_ELEMBH_BHTYPE', 'DC_E_TEST:((2)):DIM_E_TEST_ELEMBH_BHTYPE', 'DIM_E_TEST_ELEMBH_BHTYPE', '', '', '', 0, 0, '', 0, 1 );
insert into Referencecolumn ( TYPEID, DATANAME, COLNUMBER, DATATYPE, DATASIZE, DATASCALE, UNIQUEVALUE, NULLABLE, INDEXES, UNIQUEKEY, INCLUDESQL, INCLUDEUPD, COLTYPE, DESCRIPTION, UNIVERSECLASS, UNIVERSEOBJECT, UNIVERSECONDITION, DATAID, BASEDEF ) values ( 'DC_E_TEST:((2)):DIM_E_TEST_ELEMBH_BHTYPE', 'BHTYPE', 1, 'varchar', 50, 0, 255, 1, 'HG', 0, 1, 1, 'PUBLICCOL', null, null, null, null, null, 1 );
insert into Referencecolumn ( TYPEID, DATANAME, COLNUMBER, DATATYPE, DATASIZE, DATASCALE, UNIQUEVALUE, NULLABLE, INDEXES, UNIQUEKEY, INCLUDESQL, INCLUDEUPD, COLTYPE, DESCRIPTION, UNIVERSECLASS, UNIVERSEOBJECT, UNIVERSECONDITION, DATAID, BASEDEF ) values ( 'DC_E_TEST:((2)):DIM_E_TEST_ELEMBH_BHTYPE', 'DESCRIPTION', 2, 'varchar', 80, 0, 255, 1, 'HG', 0, 1, 1, 'PUBLICCOL', null, null, null, null, null, 1 );
insert into Referencetable ( TYPEID, VERSIONID, TYPENAME, OBJECTID, OBJECTNAME, OBJECTVERSION, OBJECTTYPE, DESCRIPTION, STATUS, UPDATE_POLICY, TABLE_TYPE, DATAFORMATSUPPORT, BASEDEF ) values ( 'DC_E_TEST:((2)):SELECT_E_TEST_AGGLEVEL', 'DC_E_TEST:((2))', 'SELECT_E_TEST_AGGLEVEL', 'DC_E_TEST:((2)):SELECT_E_TEST_AGGLEVEL', 'SELECT_E_TEST_AGGLEVEL', '', '', '', 0, 0, 'VIEW', 0, 1 );
insert into Dataformat ( DATAFORMATID, TYPEID, VERSIONID, OBJECTTYPE, FOLDERNAME, DATAFORMATTYPE ) values ( 'DC_E_TEST:((2)):DC_E_TEST_SECURITYHANDLING:mdc', 'DC_E_TEST:((2)):DC_E_TEST_SECURITYHANDLING', 'DC_E_TEST:((2))', 'Measurement', 'DC_E_TEST_SECURITYHANDLING', 'mdc' );
insert into Defaulttags ( TAGID, DATAFORMATID, DESCRIPTION ) values ( 'SecurityHandling', 'DC_E_TEST:((2)):DC_E_TEST_SECURITYHANDLING:mdc', '' );
insert into Dataitem ( DATAFORMATID, DATANAME, COLNUMBER, DATAID, PROCESS_INSTRUCTION, DATATYPE, DATASIZE, DATASCALE ) values ( 'DC_E_TEST:((2)):DC_E_TEST_SECURITYHANDLING:mdc', 'pmResAgain2', 5, 'pmRrcSecFailIntegrity-2', 'PEG', 'varchar', 32, 0 );
insert into Dataitem ( DATAFORMATID, DATANAME, COLNUMBER, DATAID, PROCESS_INSTRUCTION, DATATYPE, DATASIZE, DATASCALE ) values ( 'DC_E_TEST:((2)):DC_E_TEST_SECURITYHANDLING:mdc', 'MOID', 1, 'MOID', 'key', 'varchar', 255, 0 );
insert into Dataitem ( DATAFORMATID, DATANAME, COLNUMBER, DATAID, PROCESS_INSTRUCTION, DATATYPE, DATASIZE, DATASCALE ) values ( 'DC_E_TEST:((2)):DC_E_TEST_SECURITYHANDLING:mdc', 'DATE_ID', 2, 'DATE_ID', '', 'date', 0, 0 );
insert into Dataitem ( DATAFORMATID, DATANAME, COLNUMBER, DATAID, PROCESS_INSTRUCTION, DATATYPE, DATASIZE, DATASCALE ) values ( 'DC_E_TEST:((2)):DC_E_TEST_SECURITYHANDLING:mdc', 'ROWSTATUS', 3, 'ROWSTATUS', '', 'varchar', 16, 0 );
insert into Dataitem ( DATAFORMATID, DATANAME, COLNUMBER, DATAID, PROCESS_INSTRUCTION, DATATYPE, DATASIZE, DATASCALE ) values ( 'DC_E_TEST:((2)):DC_E_TEST_SECURITYHANDLING:mdc', 'pmRrcSecFailIntegrity', 4, 'pmRrcSecFailIntegrity', 'PEG', 'numeric', 18, 0 );
insert into Dataformat ( DATAFORMATID, TYPEID, VERSIONID, OBJECTTYPE, FOLDERNAME, DATAFORMATTYPE ) values ( 'DC_E_TEST:((2)):DC_E_TEST_ENODEBFUNCTION:mdc', 'DC_E_TEST:((2)):DC_E_TEST_ENODEBFUNCTION', 'DC_E_TEST:((2))', 'Measurement', 'DC_E_TEST_ENODEBFUNCTION', 'mdc' );
insert into Defaulttags ( TAGID, DATAFORMATID, DESCRIPTION ) values ( 'ENodeBFunction', 'DC_E_TEST:((2)):DC_E_TEST_ENODEBFUNCTION:mdc', 'Default tags for DC_E_TEST_ENODEBFUNCTION in DC_E_TEST:((2)) with format mdc.' );
insert into Dataitem ( DATAFORMATID, DATANAME, COLNUMBER, DATAID, PROCESS_INSTRUCTION, DATATYPE, DATASIZE, DATASCALE ) values ( 'DC_E_TEST:((2)):DC_E_TEST_ENODEBFUNCTION:mdc', 'MOID', 1, 'MOID', 'key', 'varchar', 255, 0 );
insert into Dataitem ( DATAFORMATID, DATANAME, COLNUMBER, DATAID, PROCESS_INSTRUCTION, DATATYPE, DATASIZE, DATASCALE ) values ( 'DC_E_TEST:((2)):DC_E_TEST_ENODEBFUNCTION:mdc', 'DATE_ID', 2, 'DATE_ID', '', 'date', 0, 0 );
insert into Dataitem ( DATAFORMATID, DATANAME, COLNUMBER, DATAID, PROCESS_INSTRUCTION, DATATYPE, DATASIZE, DATASCALE ) values ( 'DC_E_TEST:((2)):DC_E_TEST_ENODEBFUNCTION:mdc', 'ROWSTATUS', 3, 'ROWSTATUS', '', 'varchar', 16, 0 );
insert into Dataitem ( DATAFORMATID, DATANAME, COLNUMBER, DATAID, PROCESS_INSTRUCTION, DATATYPE, DATASIZE, DATASCALE ) values ( 'DC_E_TEST:((2)):DC_E_TEST_ENODEBFUNCTION:mdc', 'pmPdcpPktDiscDlEth', 4, 'pmPdcpPktDiscDlEth', 'PEG', 'numeric', 18, 0 );
insert into Dataformat ( DATAFORMATID, TYPEID, VERSIONID, OBJECTTYPE, FOLDERNAME, DATAFORMATTYPE ) values ( 'DC_E_TEST:((2)):DC_E_TEST_ENODEBFUNCTION_V:mdc', 'DC_E_TEST:((2)):DC_E_TEST_ENODEBFUNCTION_V', 'DC_E_TEST:((2))', 'Measurement', 'DC_E_TEST_ENODEBFUNCTION_V', 'mdc' );
insert into Defaulttags ( TAGID, DATAFORMATID, DESCRIPTION ) values ( 'ENodeBFunction_V', 'DC_E_TEST:((2)):DC_E_TEST_ENODEBFUNCTION_V:mdc', 'Default tags for DC_E_TEST_ENODEBFUNCTION_V in DC_E_TEST:((2)) with format mdc.' );
insert into Dataitem ( DATAFORMATID, DATANAME, COLNUMBER, DATAID, PROCESS_INSTRUCTION, DATATYPE, DATASIZE, DATASCALE ) values ( 'DC_E_TEST:((2)):DC_E_TEST_ENODEBFUNCTION_V:mdc', 'DCVECTOR_INDEX', 1, 'DCVECTOR_INDEX', '', 'integer', 0, 0 );
insert into Dataitem ( DATAFORMATID, DATANAME, COLNUMBER, DATAID, PROCESS_INSTRUCTION, DATATYPE, DATASIZE, DATASCALE ) values ( 'DC_E_TEST:((2)):DC_E_TEST_ENODEBFUNCTION_V:mdc', 'MOID', 2, 'MOID', 'key', 'varchar', 255, 0 );
insert into Dataitem ( DATAFORMATID, DATANAME, COLNUMBER, DATAID, PROCESS_INSTRUCTION, DATATYPE, DATASIZE, DATASCALE ) values ( 'DC_E_TEST:((2)):DC_E_TEST_ENODEBFUNCTION_V:mdc', 'DATE_ID', 3, 'DATE_ID', '', 'date', 0, 0 );
insert into Dataitem ( DATAFORMATID, DATANAME, COLNUMBER, DATAID, PROCESS_INSTRUCTION, DATATYPE, DATASIZE, DATASCALE ) values ( 'DC_E_TEST:((2)):DC_E_TEST_ENODEBFUNCTION_V:mdc', 'ROWSTATUS', 4, 'ROWSTATUS', '', 'varchar', 16, 0 );
insert into Dataitem ( DATAFORMATID, DATANAME, COLNUMBER, DATAID, PROCESS_INSTRUCTION, DATATYPE, DATASIZE, DATASCALE ) values ( 'DC_E_TEST:((2)):DC_E_TEST_ENODEBFUNCTION_V:mdc', 'pmHwUtilDl', 5, 'pmHwUtilDl', 'VECTOR', 'numeric', 18, 0 );
insert into Dataitem ( DATAFORMATID, DATANAME, COLNUMBER, DATAID, PROCESS_INSTRUCTION, DATATYPE, DATASIZE, DATASCALE ) values ( 'DC_E_TEST:((2)):DC_E_TEST_ENODEBFUNCTION_V:mdc', 'pmHwUtilUl', 6, 'pmHwUtilUl', 'VECTOR', 'numeric', 18, 0 );
insert into Dataformat ( DATAFORMATID, TYPEID, VERSIONID, OBJECTTYPE, FOLDERNAME, DATAFORMATTYPE ) values ( 'DC_E_TEST:((2)):DC_E_TEST_SH:mdc', 'DC_E_TEST:((2)):DC_E_TEST_SH', 'DC_E_TEST:((2))', 'Measurement', 'DC_E_TEST_SH', 'mdc' );
insert into Dataitem ( DATAFORMATID, DATANAME, COLNUMBER, DATAID, PROCESS_INSTRUCTION, DATATYPE, DATASIZE, DATASCALE ) values ( 'DC_E_TEST:((2)):DC_E_TEST_SH:mdc', 'MOID', 1, 'MOID-2', 'key', 'numeric', 16, 2 );
insert into Dataitem ( DATAFORMATID, DATANAME, COLNUMBER, DATAID, PROCESS_INSTRUCTION, DATATYPE, DATASIZE, DATASCALE ) values ( 'DC_E_TEST:((2)):DC_E_TEST_SH:mdc', 'DATE_ID', 2, 'DATE_ID', '', 'date', 0, 0 );
insert into Dataitem ( DATAFORMATID, DATANAME, COLNUMBER, DATAID, PROCESS_INSTRUCTION, DATATYPE, DATASIZE, DATASCALE ) values ( 'DC_E_TEST:((2)):DC_E_TEST_SH:mdc', 'ROWSTATUS', 3, 'ROWSTATUS', '', 'varchar', 16, 0 );
insert into Dataitem ( DATAFORMATID, DATANAME, COLNUMBER, DATAID, PROCESS_INSTRUCTION, DATATYPE, DATASIZE, DATASCALE ) values ( 'DC_E_TEST:((2)):DC_E_TEST_SH:mdc', 'secHandling', 4, 'pmRrcSecFailIntegrity-2', 'PEG', 'numeric', 18, 2 );
insert into Externalstatement ( VERSIONID, STATEMENTNAME, EXECUTIONORDER, DBCONNECTION, STATEMENT, BASEDEF ) values ( 'DC_E_TEST:((2))', 'create view SELECT_E_TEST_AGGLEVEL', 1, 'dwh', 'IF (SELECT count(*) FROM sys.sysviews where viewname = ''SELECT_E_TEST_AGGLEVEL'') > 0
            DROP VIEW SELECT_E_TEST_AGGLEVEL
            BEGIN
                create view
                    SELECT_E_TEST_AGGLEVEL(FIRSTDATE_ID,AGGLEVEL,DATE_ID,YEAR_ID,MONTH_ID,DAY_ID,WEEK_ID,WEEKDAY_ID,BUSINESSDAY,TIMELEVEL,TIMELEVELBH,DAYS)
                    as select FIRSTDATE_ID,AGGLEVEL,DATE_ID,YEAR_ID,MONTH_ID,DAY_ID,WEEK_ID,WEEKDAY_ID,BUSINESSDAY,TIMELEVEL,TIMELEVELBH,DAYS from dc.SELECT_AGGLEVEL_TABLE
                    WHERE TIMELEVELBH = ''DAYBH''
            commit
            grant select on SELECT_E_TEST_AGGLEVEL to dcbo
        END', 1 );
insert into Externalstatement ( VERSIONID, STATEMENTNAME, EXECUTIONORDER, DBCONNECTION, STATEMENT, BASEDEF ) values ( 'DC_E_TEST:((2))', 'SELECT_E_LTE_CELL', 2, 'dwh', 'IF (SELECT count(*) FROM sys.sysviews where viewname = ''SELECT_E_LTE_CELL'') > 0 DROP VIEW 
SELECT_E_LTE_CELL begin create view dc.SELECT_E_LTE_CELL( OSS_ID, CELL_ID, SELECTION, 
SELECTIONGROUP, SELECTIONTYPE, NW_TYPE) as select OSS_ID, CELL_ID, SELECTION, 
SELECTION_GROUP, SELECTION_TYPE, NW_TYPE  from dc.SELECT_LTE_CELL WHERE 
SELECTION_GROUP=''ERICSSON'' OR SELECTION_TYPE=''AREA'' END', 0 );
insert into Universename ( VERSIONID, UNIVERSENAME, UNIVERSEEXTENSION, ORDERNRO, UNIVERSEEXTENSIONNAME ) values ( 'DC_E_TEST:((2))', 'DCE32', '', null, '' );
insert into Aggregation ( AGGREGATION, VERSIONID, AGGREGATIONSET, AGGREGATIONGROUP, REAGGREGATIONSET, REAGGREGATIONGROUP, GROUPORDER, AGGREGATIONORDER, AGGREGATIONTYPE, AGGREGATIONSCOPE ) values ( 'DC_E_TEST_ELEMBH_RANKBH_ELEM_CP3', 'DC_E_TEST:((2))', null, null, null, null, null, null, 'RANKBH', 'DAY' );
insert into Aggregationrule ( AGGREGATION, VERSIONID, RULEID, TARGET_TYPE, TARGET_LEVEL, TARGET_TABLE, TARGET_MTABLEID, SOURCE_TYPE, SOURCE_LEVEL, SOURCE_TABLE, SOURCE_MTABLEID, RULETYPE, AGGREGATIONSCOPE, BHTYPE, ENABLE ) values ( 'DC_E_TEST_ELEMBH_RANKBH_ELEM_CP3', 'DC_E_TEST:((2))', 0, 'DC_E_TEST_ELEMBH', 'RANKBH', 'DC_E_TEST_ELEMBH_RANKBH', 'DC_E_TEST:((2)):DC_E_TEST_ELEMBH:RANKBH', '', '', 'DC_E_TEST_ELEMBH_RANKBH_ELEM_CP3', '', 'RANKBH', 'DAY', 'ELEM_CP3', 0 );
insert into Aggregation ( AGGREGATION, VERSIONID, AGGREGATIONSET, AGGREGATIONGROUP, REAGGREGATIONSET, REAGGREGATIONGROUP, GROUPORDER, AGGREGATIONORDER, AGGREGATIONTYPE, AGGREGATIONSCOPE ) values ( 'DC_E_TEST_ELEMBH_WEEKRANKBH_ELEM_CP3', 'DC_E_TEST:((2))', null, null, null, null, null, null, 'RANKBH', 'WEEK' );
insert into Aggregationrule ( AGGREGATION, VERSIONID, RULEID, TARGET_TYPE, TARGET_LEVEL, TARGET_TABLE, TARGET_MTABLEID, SOURCE_TYPE, SOURCE_LEVEL, SOURCE_TABLE, SOURCE_MTABLEID, RULETYPE, AGGREGATIONSCOPE, BHTYPE, ENABLE ) values ( 'DC_E_TEST_ELEMBH_WEEKRANKBH_ELEM_CP3', 'DC_E_TEST:((2))', 1, 'DC_E_TEST_ELEMBH', 'RANKBH', 'DC_E_TEST_ELEMBH_RANKBH', 'DC_E_TEST:((2)):DC_E_TEST_ELEMBH:RANKBH', 'DC_E_TEST_ELEMBH', 'RANKBH', 'DC_E_TEST_ELEMBH_RANKBH', 'DC_E_TEST:((2)):DC_E_TEST_ELEMBH:RANKBH', 'RANKBHCLASS', 'WEEK', 'ELEM_CP3', 0 );
insert into Aggregation ( AGGREGATION, VERSIONID, AGGREGATIONSET, AGGREGATIONGROUP, REAGGREGATIONSET, REAGGREGATIONGROUP, GROUPORDER, AGGREGATIONORDER, AGGREGATIONTYPE, AGGREGATIONSCOPE ) values ( 'DC_E_TEST_ELEMBH_MONTHRANKBH_ELEM_CP3', 'DC_E_TEST:((2))', null, null, null, null, null, null, 'RANKBH', 'MONTH' );
insert into Aggregationrule ( AGGREGATION, VERSIONID, RULEID, TARGET_TYPE, TARGET_LEVEL, TARGET_TABLE, TARGET_MTABLEID, SOURCE_TYPE, SOURCE_LEVEL, SOURCE_TABLE, SOURCE_MTABLEID, RULETYPE, AGGREGATIONSCOPE, BHTYPE, ENABLE ) values ( 'DC_E_TEST_ELEMBH_MONTHRANKBH_ELEM_CP3', 'DC_E_TEST:((2))', 2, 'DC_E_TEST_ELEMBH', 'RANKBH', 'DC_E_TEST_ELEMBH_RANKBH', 'DC_E_TEST:((2)):DC_E_TEST_ELEMBH:RANKBH', 'DC_E_TEST_ELEMBH', 'RANKBH', 'DC_E_TEST_ELEMBH_RANKBH', 'DC_E_TEST:((2)):DC_E_TEST_ELEMBH:RANKBH', 'RANKBHCLASS', 'MONTH', 'ELEM_CP3', 0 );
insert into Aggregation ( AGGREGATION, VERSIONID, AGGREGATIONSET, AGGREGATIONGROUP, REAGGREGATIONSET, REAGGREGATIONGROUP, GROUPORDER, AGGREGATIONORDER, AGGREGATIONTYPE, AGGREGATIONSCOPE ) values ( 'DC_E_TEST_ELEMBH_RANKBH_ELEM_CP4', 'DC_E_TEST:((2))', null, null, null, null, null, null, 'RANKBH', 'DAY' );
insert into Aggregationrule ( AGGREGATION, VERSIONID, RULEID, TARGET_TYPE, TARGET_LEVEL, TARGET_TABLE, TARGET_MTABLEID, SOURCE_TYPE, SOURCE_LEVEL, SOURCE_TABLE, SOURCE_MTABLEID, RULETYPE, AGGREGATIONSCOPE, BHTYPE, ENABLE ) values ( 'DC_E_TEST_ELEMBH_RANKBH_ELEM_CP4', 'DC_E_TEST:((2))', 0, 'DC_E_TEST_ELEMBH', 'RANKBH', 'DC_E_TEST_ELEMBH_RANKBH', 'DC_E_TEST:((2)):DC_E_TEST_ELEMBH:RANKBH', '', '', 'DC_E_TEST_ELEMBH_RANKBH_ELEM_CP4', '', 'RANKBH', 'DAY', 'ELEM_CP4', 0 );
insert into Aggregation ( AGGREGATION, VERSIONID, AGGREGATIONSET, AGGREGATIONGROUP, REAGGREGATIONSET, REAGGREGATIONGROUP, GROUPORDER, AGGREGATIONORDER, AGGREGATIONTYPE, AGGREGATIONSCOPE ) values ( 'DC_E_TEST_ELEMBH_WEEKRANKBH_ELEM_CP4', 'DC_E_TEST:((2))', null, null, null, null, null, null, 'RANKBH', 'WEEK' );
insert into Aggregationrule ( AGGREGATION, VERSIONID, RULEID, TARGET_TYPE, TARGET_LEVEL, TARGET_TABLE, TARGET_MTABLEID, SOURCE_TYPE, SOURCE_LEVEL, SOURCE_TABLE, SOURCE_MTABLEID, RULETYPE, AGGREGATIONSCOPE, BHTYPE, ENABLE ) values ( 'DC_E_TEST_ELEMBH_WEEKRANKBH_ELEM_CP4', 'DC_E_TEST:((2))', 1, 'DC_E_TEST_ELEMBH', 'RANKBH', 'DC_E_TEST_ELEMBH_RANKBH', 'DC_E_TEST:((2)):DC_E_TEST_ELEMBH:RANKBH', 'DC_E_TEST_ELEMBH', 'RANKBH', 'DC_E_TEST_ELEMBH_RANKBH', 'DC_E_TEST:((2)):DC_E_TEST_ELEMBH:RANKBH', 'RANKBHCLASS', 'WEEK', 'ELEM_CP4', 0 );
insert into Aggregation ( AGGREGATION, VERSIONID, AGGREGATIONSET, AGGREGATIONGROUP, REAGGREGATIONSET, REAGGREGATIONGROUP, GROUPORDER, AGGREGATIONORDER, AGGREGATIONTYPE, AGGREGATIONSCOPE ) values ( 'DC_E_TEST_ELEMBH_MONTHRANKBH_ELEM_CP4', 'DC_E_TEST:((2))', null, null, null, null, null, null, 'RANKBH', 'MONTH' );
insert into Aggregationrule ( AGGREGATION, VERSIONID, RULEID, TARGET_TYPE, TARGET_LEVEL, TARGET_TABLE, TARGET_MTABLEID, SOURCE_TYPE, SOURCE_LEVEL, SOURCE_TABLE, SOURCE_MTABLEID, RULETYPE, AGGREGATIONSCOPE, BHTYPE, ENABLE ) values ( 'DC_E_TEST_ELEMBH_MONTHRANKBH_ELEM_CP4', 'DC_E_TEST:((2))', 2, 'DC_E_TEST_ELEMBH', 'RANKBH', 'DC_E_TEST_ELEMBH_RANKBH', 'DC_E_TEST:((2)):DC_E_TEST_ELEMBH:RANKBH', 'DC_E_TEST_ELEMBH', 'RANKBH', 'DC_E_TEST_ELEMBH_RANKBH', 'DC_E_TEST:((2)):DC_E_TEST_ELEMBH:RANKBH', 'RANKBHCLASS', 'MONTH', 'ELEM_CP4', 0 );
insert into Aggregation ( AGGREGATION, VERSIONID, AGGREGATIONSET, AGGREGATIONGROUP, REAGGREGATIONSET, REAGGREGATIONGROUP, GROUPORDER, AGGREGATIONORDER, AGGREGATIONTYPE, AGGREGATIONSCOPE ) values ( 'DC_E_TEST_ELEMBH_RANKBH_ELEM_PP0', 'DC_E_TEST:((2))', null, null, null, null, null, null, 'RANKBH', 'DAY' );
insert into Aggregationrule ( AGGREGATION, VERSIONID, RULEID, TARGET_TYPE, TARGET_LEVEL, TARGET_TABLE, TARGET_MTABLEID, SOURCE_TYPE, SOURCE_LEVEL, SOURCE_TABLE, SOURCE_MTABLEID, RULETYPE, AGGREGATIONSCOPE, BHTYPE, ENABLE ) values ( 'DC_E_TEST_ELEMBH_RANKBH_ELEM_PP0', 'DC_E_TEST:((2))', 0, 'DC_E_TEST_ELEMBH', 'RANKBH', 'DC_E_TEST_ELEMBH_RANKBH', 'DC_E_TEST:((2)):DC_E_TEST_ELEMBH:RANKBH', '', '', 'DC_E_TEST_ELEMBH_RANKBH_ELEM_PP0', '', 'RANKBH', 'DAY', 'ELEM_PP0', 0 );
insert into Aggregation ( AGGREGATION, VERSIONID, AGGREGATIONSET, AGGREGATIONGROUP, REAGGREGATIONSET, REAGGREGATIONGROUP, GROUPORDER, AGGREGATIONORDER, AGGREGATIONTYPE, AGGREGATIONSCOPE ) values ( 'DC_E_TEST_ELEMBH_WEEKRANKBH_ELEM_PP0', 'DC_E_TEST:((2))', null, null, null, null, null, null, 'RANKBH', 'WEEK' );
insert into Aggregationrule ( AGGREGATION, VERSIONID, RULEID, TARGET_TYPE, TARGET_LEVEL, TARGET_TABLE, TARGET_MTABLEID, SOURCE_TYPE, SOURCE_LEVEL, SOURCE_TABLE, SOURCE_MTABLEID, RULETYPE, AGGREGATIONSCOPE, BHTYPE, ENABLE ) values ( 'DC_E_TEST_ELEMBH_WEEKRANKBH_ELEM_PP0', 'DC_E_TEST:((2))', 1, 'DC_E_TEST_ELEMBH', 'RANKBH', 'DC_E_TEST_ELEMBH_RANKBH', 'DC_E_TEST:((2)):DC_E_TEST_ELEMBH:RANKBH', 'DC_E_TEST_ELEMBH', 'RANKBH', 'DC_E_TEST_ELEMBH_RANKBH', 'DC_E_TEST:((2)):DC_E_TEST_ELEMBH:RANKBH', 'RANKBHCLASS', 'WEEK', 'ELEM_PP0', 0 );
insert into Aggregation ( AGGREGATION, VERSIONID, AGGREGATIONSET, AGGREGATIONGROUP, REAGGREGATIONSET, REAGGREGATIONGROUP, GROUPORDER, AGGREGATIONORDER, AGGREGATIONTYPE, AGGREGATIONSCOPE ) values ( 'DC_E_TEST_ELEMBH_MONTHRANKBH_ELEM_PP0', 'DC_E_TEST:((2))', null, null, null, null, null, null, 'RANKBH', 'MONTH' );
insert into Aggregationrule ( AGGREGATION, VERSIONID, RULEID, TARGET_TYPE, TARGET_LEVEL, TARGET_TABLE, TARGET_MTABLEID, SOURCE_TYPE, SOURCE_LEVEL, SOURCE_TABLE, SOURCE_MTABLEID, RULETYPE, AGGREGATIONSCOPE, BHTYPE, ENABLE ) values ( 'DC_E_TEST_ELEMBH_MONTHRANKBH_ELEM_PP0', 'DC_E_TEST:((2))', 2, 'DC_E_TEST_ELEMBH', 'RANKBH', 'DC_E_TEST_ELEMBH_RANKBH', 'DC_E_TEST:((2)):DC_E_TEST_ELEMBH:RANKBH', 'DC_E_TEST_ELEMBH', 'RANKBH', 'DC_E_TEST_ELEMBH_RANKBH', 'DC_E_TEST:((2)):DC_E_TEST_ELEMBH:RANKBH', 'RANKBHCLASS', 'MONTH', 'ELEM_PP0', 0 );
insert into Aggregation ( AGGREGATION, VERSIONID, AGGREGATIONSET, AGGREGATIONGROUP, REAGGREGATIONSET, REAGGREGATIONGROUP, GROUPORDER, AGGREGATIONORDER, AGGREGATIONTYPE, AGGREGATIONSCOPE ) values ( 'DC_E_TEST_ELEMBH_RANKBH_ELEM_PP1', 'DC_E_TEST:((2))', null, null, null, null, null, null, 'RANKBH', 'DAY' );
insert into Aggregationrule ( AGGREGATION, VERSIONID, RULEID, TARGET_TYPE, TARGET_LEVEL, TARGET_TABLE, TARGET_MTABLEID, SOURCE_TYPE, SOURCE_LEVEL, SOURCE_TABLE, SOURCE_MTABLEID, RULETYPE, AGGREGATIONSCOPE, BHTYPE, ENABLE ) values ( 'DC_E_TEST_ELEMBH_RANKBH_ELEM_PP1', 'DC_E_TEST:((2))', 0, 'DC_E_TEST_ELEMBH', 'RANKBH', 'DC_E_TEST_ELEMBH_RANKBH', 'DC_E_TEST:((2)):DC_E_TEST_ELEMBH:RANKBH', '', '', 'DC_E_TEST_ELEMBH_RANKBH_ELEM_PP1', '', 'RANKBH', 'DAY', 'ELEM_PP1', 0 );
insert into Aggregation ( AGGREGATION, VERSIONID, AGGREGATIONSET, AGGREGATIONGROUP, REAGGREGATIONSET, REAGGREGATIONGROUP, GROUPORDER, AGGREGATIONORDER, AGGREGATIONTYPE, AGGREGATIONSCOPE ) values ( 'DC_E_TEST_ELEMBH_WEEKRANKBH_ELEM_PP1', 'DC_E_TEST:((2))', null, null, null, null, null, null, 'RANKBH', 'WEEK' );
insert into Aggregationrule ( AGGREGATION, VERSIONID, RULEID, TARGET_TYPE, TARGET_LEVEL, TARGET_TABLE, TARGET_MTABLEID, SOURCE_TYPE, SOURCE_LEVEL, SOURCE_TABLE, SOURCE_MTABLEID, RULETYPE, AGGREGATIONSCOPE, BHTYPE, ENABLE ) values ( 'DC_E_TEST_ELEMBH_WEEKRANKBH_ELEM_PP1', 'DC_E_TEST:((2))', 1, 'DC_E_TEST_ELEMBH', 'RANKBH', 'DC_E_TEST_ELEMBH_RANKBH', 'DC_E_TEST:((2)):DC_E_TEST_ELEMBH:RANKBH', 'DC_E_TEST_ELEMBH', 'RANKBH', 'DC_E_TEST_ELEMBH_RANKBH', 'DC_E_TEST:((2)):DC_E_TEST_ELEMBH:RANKBH', 'RANKBHCLASS', 'WEEK', 'ELEM_PP1', 0 );
insert into Aggregation ( AGGREGATION, VERSIONID, AGGREGATIONSET, AGGREGATIONGROUP, REAGGREGATIONSET, REAGGREGATIONGROUP, GROUPORDER, AGGREGATIONORDER, AGGREGATIONTYPE, AGGREGATIONSCOPE ) values ( 'DC_E_TEST_ELEMBH_MONTHRANKBH_ELEM_PP1', 'DC_E_TEST:((2))', null, null, null, null, null, null, 'RANKBH', 'MONTH' );
insert into Aggregationrule ( AGGREGATION, VERSIONID, RULEID, TARGET_TYPE, TARGET_LEVEL, TARGET_TABLE, TARGET_MTABLEID, SOURCE_TYPE, SOURCE_LEVEL, SOURCE_TABLE, SOURCE_MTABLEID, RULETYPE, AGGREGATIONSCOPE, BHTYPE, ENABLE ) values ( 'DC_E_TEST_ELEMBH_MONTHRANKBH_ELEM_PP1', 'DC_E_TEST:((2))', 2, 'DC_E_TEST_ELEMBH', 'RANKBH', 'DC_E_TEST_ELEMBH_RANKBH', 'DC_E_TEST:((2)):DC_E_TEST_ELEMBH:RANKBH', 'DC_E_TEST_ELEMBH', 'RANKBH', 'DC_E_TEST_ELEMBH_RANKBH', 'DC_E_TEST:((2)):DC_E_TEST_ELEMBH:RANKBH', 'RANKBHCLASS', 'MONTH', 'ELEM_PP1', 0 );
insert into Aggregation ( AGGREGATION, VERSIONID, AGGREGATIONSET, AGGREGATIONGROUP, REAGGREGATIONSET, REAGGREGATIONGROUP, GROUPORDER, AGGREGATIONORDER, AGGREGATIONTYPE, AGGREGATIONSCOPE ) values ( 'DC_E_TEST_ENODEBFUNCTION_DAY', 'DC_E_TEST:((2))', null, null, null, null, null, null, 'TOTAL', 'DAY' );
insert into Aggregationrule ( AGGREGATION, VERSIONID, RULEID, TARGET_TYPE, TARGET_LEVEL, TARGET_TABLE, TARGET_MTABLEID, SOURCE_TYPE, SOURCE_LEVEL, SOURCE_TABLE, SOURCE_MTABLEID, RULETYPE, AGGREGATIONSCOPE, BHTYPE, ENABLE ) values ( 'DC_E_TEST_ENODEBFUNCTION_DAY', 'DC_E_TEST:((2))', 0, 'DC_E_TEST_ENODEBFUNCTION', 'DAY', 'DC_E_TEST_ENODEBFUNCTION_DAY', 'DC_E_TEST:((2)):DC_E_TEST_ENODEBFUNCTION:DAY', 'DC_E_TEST_ENODEBFUNCTION', 'RAW', 'DC_E_TEST_ENODEBFUNCTION_RAW', 'DC_E_TEST:((2)):DC_E_TEST_ENODEBFUNCTION:RAW', 'TOTAL', 'DAY', null, null );
insert into Aggregation ( AGGREGATION, VERSIONID, AGGREGATIONSET, AGGREGATIONGROUP, REAGGREGATIONSET, REAGGREGATIONGROUP, GROUPORDER, AGGREGATIONORDER, AGGREGATIONTYPE, AGGREGATIONSCOPE ) values ( 'DC_E_TEST_ENODEBFUNCTION_V_DAY', 'DC_E_TEST:((2))', null, null, null, null, null, null, 'TOTAL', 'DAY' );
insert into Aggregationrule ( AGGREGATION, VERSIONID, RULEID, TARGET_TYPE, TARGET_LEVEL, TARGET_TABLE, TARGET_MTABLEID, SOURCE_TYPE, SOURCE_LEVEL, SOURCE_TABLE, SOURCE_MTABLEID, RULETYPE, AGGREGATIONSCOPE, BHTYPE, ENABLE ) values ( 'DC_E_TEST_ENODEBFUNCTION_V_DAY', 'DC_E_TEST:((2))', 0, 'DC_E_TEST_ENODEBFUNCTION_V', 'DAY', 'DC_E_TEST_ENODEBFUNCTION_V_DAY', 'DC_E_TEST:((2)):DC_E_TEST_ENODEBFUNCTION_V:DAY', 'DC_E_TEST_ENODEBFUNCTION_V', 'RAW', 'DC_E_TEST_ENODEBFUNCTION_V_RAW', 'DC_E_TEST:((2)):DC_E_TEST_ENODEBFUNCTION_V:RAW', 'TOTAL', 'DAY', null, null );
insert into Aggregation ( AGGREGATION, VERSIONID, AGGREGATIONSET, AGGREGATIONGROUP, REAGGREGATIONSET, REAGGREGATIONGROUP, GROUPORDER, AGGREGATIONORDER, AGGREGATIONTYPE, AGGREGATIONSCOPE ) values ( 'DC_E_TEST_ELEMBH_RANKBH_ELEM_PP2', 'DC_E_TEST:((2))', null, null, null, null, null, null, 'RANKBH', 'DAY' );
insert into Aggregationrule ( AGGREGATION, VERSIONID, RULEID, TARGET_TYPE, TARGET_LEVEL, TARGET_TABLE, TARGET_MTABLEID, SOURCE_TYPE, SOURCE_LEVEL, SOURCE_TABLE, SOURCE_MTABLEID, RULETYPE, AGGREGATIONSCOPE, BHTYPE, ENABLE ) values ( 'DC_E_TEST_ELEMBH_RANKBH_ELEM_PP2', 'DC_E_TEST:((2))', 0, 'DC_E_TEST_ELEMBH', 'RANKBH', 'DC_E_TEST_ELEMBH_RANKBH', 'DC_E_TEST:((2)):DC_E_TEST_ELEMBH:RANKBH', '', '', 'DC_E_TEST_ELEMBH_RANKBH_ELEM_PP2', '', 'RANKBH', 'DAY', 'ELEM_PP2', 0 );
insert into Aggregation ( AGGREGATION, VERSIONID, AGGREGATIONSET, AGGREGATIONGROUP, REAGGREGATIONSET, REAGGREGATIONGROUP, GROUPORDER, AGGREGATIONORDER, AGGREGATIONTYPE, AGGREGATIONSCOPE ) values ( 'DC_E_TEST_ELEMBH_WEEKRANKBH_ELEM_PP2', 'DC_E_TEST:((2))', null, null, null, null, null, null, 'RANKBH', 'WEEK' );
insert into Aggregationrule ( AGGREGATION, VERSIONID, RULEID, TARGET_TYPE, TARGET_LEVEL, TARGET_TABLE, TARGET_MTABLEID, SOURCE_TYPE, SOURCE_LEVEL, SOURCE_TABLE, SOURCE_MTABLEID, RULETYPE, AGGREGATIONSCOPE, BHTYPE, ENABLE ) values ( 'DC_E_TEST_ELEMBH_WEEKRANKBH_ELEM_PP2', 'DC_E_TEST:((2))', 1, 'DC_E_TEST_ELEMBH', 'RANKBH', 'DC_E_TEST_ELEMBH_RANKBH', 'DC_E_TEST:((2)):DC_E_TEST_ELEMBH:RANKBH', 'DC_E_TEST_ELEMBH', 'RANKBH', 'DC_E_TEST_ELEMBH_RANKBH', 'DC_E_TEST:((2)):DC_E_TEST_ELEMBH:RANKBH', 'RANKBHCLASS', 'WEEK', 'ELEM_PP2', 0 );
insert into Aggregation ( AGGREGATION, VERSIONID, AGGREGATIONSET, AGGREGATIONGROUP, REAGGREGATIONSET, REAGGREGATIONGROUP, GROUPORDER, AGGREGATIONORDER, AGGREGATIONTYPE, AGGREGATIONSCOPE ) values ( 'DC_E_TEST_ELEMBH_MONTHRANKBH_ELEM_PP2', 'DC_E_TEST:((2))', null, null, null, null, null, null, 'RANKBH', 'MONTH' );
insert into Aggregationrule ( AGGREGATION, VERSIONID, RULEID, TARGET_TYPE, TARGET_LEVEL, TARGET_TABLE, TARGET_MTABLEID, SOURCE_TYPE, SOURCE_LEVEL, SOURCE_TABLE, SOURCE_MTABLEID, RULETYPE, AGGREGATIONSCOPE, BHTYPE, ENABLE ) values ( 'DC_E_TEST_ELEMBH_MONTHRANKBH_ELEM_PP2', 'DC_E_TEST:((2))', 2, 'DC_E_TEST_ELEMBH', 'RANKBH', 'DC_E_TEST_ELEMBH_RANKBH', 'DC_E_TEST:((2)):DC_E_TEST_ELEMBH:RANKBH', 'DC_E_TEST_ELEMBH', 'RANKBH', 'DC_E_TEST_ELEMBH_RANKBH', 'DC_E_TEST:((2)):DC_E_TEST_ELEMBH:RANKBH', 'RANKBHCLASS', 'MONTH', 'ELEM_PP2', 0 );
insert into Aggregation ( AGGREGATION, VERSIONID, AGGREGATIONSET, AGGREGATIONGROUP, REAGGREGATIONSET, REAGGREGATIONGROUP, GROUPORDER, AGGREGATIONORDER, AGGREGATIONTYPE, AGGREGATIONSCOPE ) values ( 'DC_E_TEST_ELEMBH_RANKBH_ELEM_PP3', 'DC_E_TEST:((2))', null, null, null, null, null, null, 'RANKBH', 'DAY' );
insert into Aggregationrule ( AGGREGATION, VERSIONID, RULEID, TARGET_TYPE, TARGET_LEVEL, TARGET_TABLE, TARGET_MTABLEID, SOURCE_TYPE, SOURCE_LEVEL, SOURCE_TABLE, SOURCE_MTABLEID, RULETYPE, AGGREGATIONSCOPE, BHTYPE, ENABLE ) values ( 'DC_E_TEST_ELEMBH_RANKBH_ELEM_PP3', 'DC_E_TEST:((2))', 0, 'DC_E_TEST_ELEMBH', 'RANKBH', 'DC_E_TEST_ELEMBH_RANKBH', 'DC_E_TEST:((2)):DC_E_TEST_ELEMBH:RANKBH', '', '', 'DC_E_TEST_ELEMBH_RANKBH_ELEM_PP3', '', 'RANKBH', 'DAY', 'ELEM_PP3', 0 );
insert into Aggregation ( AGGREGATION, VERSIONID, AGGREGATIONSET, AGGREGATIONGROUP, REAGGREGATIONSET, REAGGREGATIONGROUP, GROUPORDER, AGGREGATIONORDER, AGGREGATIONTYPE, AGGREGATIONSCOPE ) values ( 'DC_E_TEST_ELEMBH_WEEKRANKBH_ELEM_PP3', 'DC_E_TEST:((2))', null, null, null, null, null, null, 'RANKBH', 'WEEK' );
insert into Aggregationrule ( AGGREGATION, VERSIONID, RULEID, TARGET_TYPE, TARGET_LEVEL, TARGET_TABLE, TARGET_MTABLEID, SOURCE_TYPE, SOURCE_LEVEL, SOURCE_TABLE, SOURCE_MTABLEID, RULETYPE, AGGREGATIONSCOPE, BHTYPE, ENABLE ) values ( 'DC_E_TEST_ELEMBH_WEEKRANKBH_ELEM_PP3', 'DC_E_TEST:((2))', 1, 'DC_E_TEST_ELEMBH', 'RANKBH', 'DC_E_TEST_ELEMBH_RANKBH', 'DC_E_TEST:((2)):DC_E_TEST_ELEMBH:RANKBH', 'DC_E_TEST_ELEMBH', 'RANKBH', 'DC_E_TEST_ELEMBH_RANKBH', 'DC_E_TEST:((2)):DC_E_TEST_ELEMBH:RANKBH', 'RANKBHCLASS', 'WEEK', 'ELEM_PP3', 0 );
insert into Aggregation ( AGGREGATION, VERSIONID, AGGREGATIONSET, AGGREGATIONGROUP, REAGGREGATIONSET, REAGGREGATIONGROUP, GROUPORDER, AGGREGATIONORDER, AGGREGATIONTYPE, AGGREGATIONSCOPE ) values ( 'DC_E_TEST_ELEMBH_MONTHRANKBH_ELEM_PP3', 'DC_E_TEST:((2))', null, null, null, null, null, null, 'RANKBH', 'MONTH' );
insert into Aggregationrule ( AGGREGATION, VERSIONID, RULEID, TARGET_TYPE, TARGET_LEVEL, TARGET_TABLE, TARGET_MTABLEID, SOURCE_TYPE, SOURCE_LEVEL, SOURCE_TABLE, SOURCE_MTABLEID, RULETYPE, AGGREGATIONSCOPE, BHTYPE, ENABLE ) values ( 'DC_E_TEST_ELEMBH_MONTHRANKBH_ELEM_PP3', 'DC_E_TEST:((2))', 2, 'DC_E_TEST_ELEMBH', 'RANKBH', 'DC_E_TEST_ELEMBH_RANKBH', 'DC_E_TEST:((2)):DC_E_TEST_ELEMBH:RANKBH', 'DC_E_TEST_ELEMBH', 'RANKBH', 'DC_E_TEST_ELEMBH_RANKBH', 'DC_E_TEST:((2)):DC_E_TEST_ELEMBH:RANKBH', 'RANKBHCLASS', 'MONTH', 'ELEM_PP3', 0 );
insert into Aggregation ( AGGREGATION, VERSIONID, AGGREGATIONSET, AGGREGATIONGROUP, REAGGREGATIONSET, REAGGREGATIONGROUP, GROUPORDER, AGGREGATIONORDER, AGGREGATIONTYPE, AGGREGATIONSCOPE ) values ( 'DC_E_TEST_ELEMBH_RANKBH_ELEM_PP4', 'DC_E_TEST:((2))', null, null, null, null, null, null, 'RANKBH', 'DAY' );
insert into Aggregationrule ( AGGREGATION, VERSIONID, RULEID, TARGET_TYPE, TARGET_LEVEL, TARGET_TABLE, TARGET_MTABLEID, SOURCE_TYPE, SOURCE_LEVEL, SOURCE_TABLE, SOURCE_MTABLEID, RULETYPE, AGGREGATIONSCOPE, BHTYPE, ENABLE ) values ( 'DC_E_TEST_ELEMBH_RANKBH_ELEM_PP4', 'DC_E_TEST:((2))', 0, 'DC_E_TEST_ELEMBH', 'RANKBH', 'DC_E_TEST_ELEMBH_RANKBH', 'DC_E_TEST:((2)):DC_E_TEST_ELEMBH:RANKBH', '', '', 'DC_E_TEST_ELEMBH_RANKBH_ELEM_PP4', '', 'RANKBH', 'DAY', 'ELEM_PP4', 0 );
insert into Aggregation ( AGGREGATION, VERSIONID, AGGREGATIONSET, AGGREGATIONGROUP, REAGGREGATIONSET, REAGGREGATIONGROUP, GROUPORDER, AGGREGATIONORDER, AGGREGATIONTYPE, AGGREGATIONSCOPE ) values ( 'DC_E_TEST_ELEMBH_WEEKRANKBH_ELEM_PP4', 'DC_E_TEST:((2))', null, null, null, null, null, null, 'RANKBH', 'WEEK' );
insert into Aggregationrule ( AGGREGATION, VERSIONID, RULEID, TARGET_TYPE, TARGET_LEVEL, TARGET_TABLE, TARGET_MTABLEID, SOURCE_TYPE, SOURCE_LEVEL, SOURCE_TABLE, SOURCE_MTABLEID, RULETYPE, AGGREGATIONSCOPE, BHTYPE, ENABLE ) values ( 'DC_E_TEST_ELEMBH_WEEKRANKBH_ELEM_PP4', 'DC_E_TEST:((2))', 1, 'DC_E_TEST_ELEMBH', 'RANKBH', 'DC_E_TEST_ELEMBH_RANKBH', 'DC_E_TEST:((2)):DC_E_TEST_ELEMBH:RANKBH', 'DC_E_TEST_ELEMBH', 'RANKBH', 'DC_E_TEST_ELEMBH_RANKBH', 'DC_E_TEST:((2)):DC_E_TEST_ELEMBH:RANKBH', 'RANKBHCLASS', 'WEEK', 'ELEM_PP4', 0 );
insert into Aggregation ( AGGREGATION, VERSIONID, AGGREGATIONSET, AGGREGATIONGROUP, REAGGREGATIONSET, REAGGREGATIONGROUP, GROUPORDER, AGGREGATIONORDER, AGGREGATIONTYPE, AGGREGATIONSCOPE ) values ( 'DC_E_TEST_ELEMBH_MONTHRANKBH_ELEM_PP4', 'DC_E_TEST:((2))', null, null, null, null, null, null, 'RANKBH', 'MONTH' );
insert into Aggregationrule ( AGGREGATION, VERSIONID, RULEID, TARGET_TYPE, TARGET_LEVEL, TARGET_TABLE, TARGET_MTABLEID, SOURCE_TYPE, SOURCE_LEVEL, SOURCE_TABLE, SOURCE_MTABLEID, RULETYPE, AGGREGATIONSCOPE, BHTYPE, ENABLE ) values ( 'DC_E_TEST_ELEMBH_MONTHRANKBH_ELEM_PP4', 'DC_E_TEST:((2))', 2, 'DC_E_TEST_ELEMBH', 'RANKBH', 'DC_E_TEST_ELEMBH_RANKBH', 'DC_E_TEST:((2)):DC_E_TEST_ELEMBH:RANKBH', 'DC_E_TEST_ELEMBH', 'RANKBH', 'DC_E_TEST_ELEMBH_RANKBH', 'DC_E_TEST:((2)):DC_E_TEST_ELEMBH:RANKBH', 'RANKBHCLASS', 'MONTH', 'ELEM_PP4', 0 );
insert into Aggregation ( AGGREGATION, VERSIONID, AGGREGATIONSET, AGGREGATIONGROUP, REAGGREGATIONSET, REAGGREGATIONGROUP, GROUPORDER, AGGREGATIONORDER, AGGREGATIONTYPE, AGGREGATIONSCOPE ) values ( 'DC_E_TEST_SECURITYHANDLING_DAY', 'DC_E_TEST:((2))', null, null, null, null, null, null, 'TOTAL', 'DAY' );
insert into Aggregationrule ( AGGREGATION, VERSIONID, RULEID, TARGET_TYPE, TARGET_LEVEL, TARGET_TABLE, TARGET_MTABLEID, SOURCE_TYPE, SOURCE_LEVEL, SOURCE_TABLE, SOURCE_MTABLEID, RULETYPE, AGGREGATIONSCOPE, BHTYPE, ENABLE ) values ( 'DC_E_TEST_SECURITYHANDLING_DAY', 'DC_E_TEST:((2))', 0, 'DC_E_TEST_SECURITYHANDLING', 'DAY', 'DC_E_TEST_SECURITYHANDLING_DAY', 'DC_E_TEST:((2)):DC_E_TEST_SECURITYHANDLING:DAY', 'DC_E_TEST_SECURITYHANDLING', 'RAW', 'DC_E_TEST_SECURITYHANDLING_RAW', 'DC_E_TEST:((2)):DC_E_TEST_SECURITYHANDLING:RAW', 'TOTAL', 'DAY', null, null );
insert into Aggregation ( AGGREGATION, VERSIONID, AGGREGATIONSET, AGGREGATIONGROUP, REAGGREGATIONSET, REAGGREGATIONGROUP, GROUPORDER, AGGREGATIONORDER, AGGREGATIONTYPE, AGGREGATIONSCOPE ) values ( 'DC_E_TEST_ELEMBH_RANKBH_ELEM_CP0', 'DC_E_TEST:((2))', null, null, null, null, null, null, 'RANKBH', 'DAY' );
insert into Aggregationrule ( AGGREGATION, VERSIONID, RULEID, TARGET_TYPE, TARGET_LEVEL, TARGET_TABLE, TARGET_MTABLEID, SOURCE_TYPE, SOURCE_LEVEL, SOURCE_TABLE, SOURCE_MTABLEID, RULETYPE, AGGREGATIONSCOPE, BHTYPE, ENABLE ) values ( 'DC_E_TEST_ELEMBH_RANKBH_ELEM_CP0', 'DC_E_TEST:((2))', 0, 'DC_E_TEST_ELEMBH', 'RANKBH', 'DC_E_TEST_ELEMBH_RANKBH', 'DC_E_TEST:((2)):DC_E_TEST_ELEMBH:RANKBH', '', '', 'DC_E_TEST_ELEMBH_RANKBH_ELEM_CP0', '', 'RANKBH', 'DAY', 'ELEM_CP0', 0 );
insert into Aggregation ( AGGREGATION, VERSIONID, AGGREGATIONSET, AGGREGATIONGROUP, REAGGREGATIONSET, REAGGREGATIONGROUP, GROUPORDER, AGGREGATIONORDER, AGGREGATIONTYPE, AGGREGATIONSCOPE ) values ( 'DC_E_TEST_ELEMBH_WEEKRANKBH_ELEM_CP0', 'DC_E_TEST:((2))', null, null, null, null, null, null, 'RANKBH', 'WEEK' );
insert into Aggregationrule ( AGGREGATION, VERSIONID, RULEID, TARGET_TYPE, TARGET_LEVEL, TARGET_TABLE, TARGET_MTABLEID, SOURCE_TYPE, SOURCE_LEVEL, SOURCE_TABLE, SOURCE_MTABLEID, RULETYPE, AGGREGATIONSCOPE, BHTYPE, ENABLE ) values ( 'DC_E_TEST_ELEMBH_WEEKRANKBH_ELEM_CP0', 'DC_E_TEST:((2))', 1, 'DC_E_TEST_ELEMBH', 'RANKBH', 'DC_E_TEST_ELEMBH_RANKBH', 'DC_E_TEST:((2)):DC_E_TEST_ELEMBH:RANKBH', 'DC_E_TEST_ELEMBH', 'RANKBH', 'DC_E_TEST_ELEMBH_RANKBH', 'DC_E_TEST:((2)):DC_E_TEST_ELEMBH:RANKBH', 'RANKBHCLASS', 'WEEK', 'ELEM_CP0', 0 );
insert into Aggregation ( AGGREGATION, VERSIONID, AGGREGATIONSET, AGGREGATIONGROUP, REAGGREGATIONSET, REAGGREGATIONGROUP, GROUPORDER, AGGREGATIONORDER, AGGREGATIONTYPE, AGGREGATIONSCOPE ) values ( 'DC_E_TEST_ELEMBH_MONTHRANKBH_ELEM_CP0', 'DC_E_TEST:((2))', null, null, null, null, null, null, 'RANKBH', 'MONTH' );
insert into Aggregationrule ( AGGREGATION, VERSIONID, RULEID, TARGET_TYPE, TARGET_LEVEL, TARGET_TABLE, TARGET_MTABLEID, SOURCE_TYPE, SOURCE_LEVEL, SOURCE_TABLE, SOURCE_MTABLEID, RULETYPE, AGGREGATIONSCOPE, BHTYPE, ENABLE ) values ( 'DC_E_TEST_ELEMBH_MONTHRANKBH_ELEM_CP0', 'DC_E_TEST:((2))', 2, 'DC_E_TEST_ELEMBH', 'RANKBH', 'DC_E_TEST_ELEMBH_RANKBH', 'DC_E_TEST:((2)):DC_E_TEST_ELEMBH:RANKBH', 'DC_E_TEST_ELEMBH', 'RANKBH', 'DC_E_TEST_ELEMBH_RANKBH', 'DC_E_TEST:((2)):DC_E_TEST_ELEMBH:RANKBH', 'RANKBHCLASS', 'MONTH', 'ELEM_CP0', 0 );
insert into Aggregation ( AGGREGATION, VERSIONID, AGGREGATIONSET, AGGREGATIONGROUP, REAGGREGATIONSET, REAGGREGATIONGROUP, GROUPORDER, AGGREGATIONORDER, AGGREGATIONTYPE, AGGREGATIONSCOPE ) values ( 'DC_E_TEST_ELEMBH_RANKBH_ELEM_CP1', 'DC_E_TEST:((2))', null, null, null, null, null, null, 'RANKBH', 'DAY' );
insert into Aggregationrule ( AGGREGATION, VERSIONID, RULEID, TARGET_TYPE, TARGET_LEVEL, TARGET_TABLE, TARGET_MTABLEID, SOURCE_TYPE, SOURCE_LEVEL, SOURCE_TABLE, SOURCE_MTABLEID, RULETYPE, AGGREGATIONSCOPE, BHTYPE, ENABLE ) values ( 'DC_E_TEST_ELEMBH_RANKBH_ELEM_CP1', 'DC_E_TEST:((2))', 0, 'DC_E_TEST_ELEMBH', 'RANKBH', 'DC_E_TEST_ELEMBH_RANKBH', 'DC_E_TEST:((2)):DC_E_TEST_ELEMBH:RANKBH', '', '', 'DC_E_TEST_ELEMBH_RANKBH_ELEM_CP1', '', 'RANKBH', 'DAY', 'ELEM_CP1', 0 );
insert into Aggregation ( AGGREGATION, VERSIONID, AGGREGATIONSET, AGGREGATIONGROUP, REAGGREGATIONSET, REAGGREGATIONGROUP, GROUPORDER, AGGREGATIONORDER, AGGREGATIONTYPE, AGGREGATIONSCOPE ) values ( 'DC_E_TEST_ELEMBH_WEEKRANKBH_ELEM_CP1', 'DC_E_TEST:((2))', null, null, null, null, null, null, 'RANKBH', 'WEEK' );
insert into Aggregationrule ( AGGREGATION, VERSIONID, RULEID, TARGET_TYPE, TARGET_LEVEL, TARGET_TABLE, TARGET_MTABLEID, SOURCE_TYPE, SOURCE_LEVEL, SOURCE_TABLE, SOURCE_MTABLEID, RULETYPE, AGGREGATIONSCOPE, BHTYPE, ENABLE ) values ( 'DC_E_TEST_ELEMBH_WEEKRANKBH_ELEM_CP1', 'DC_E_TEST:((2))', 1, 'DC_E_TEST_ELEMBH', 'RANKBH', 'DC_E_TEST_ELEMBH_RANKBH', 'DC_E_TEST:((2)):DC_E_TEST_ELEMBH:RANKBH', 'DC_E_TEST_ELEMBH', 'RANKBH', 'DC_E_TEST_ELEMBH_RANKBH', 'DC_E_TEST:((2)):DC_E_TEST_ELEMBH:RANKBH', 'RANKBHCLASS', 'WEEK', 'ELEM_CP1', 0 );
insert into Aggregation ( AGGREGATION, VERSIONID, AGGREGATIONSET, AGGREGATIONGROUP, REAGGREGATIONSET, REAGGREGATIONGROUP, GROUPORDER, AGGREGATIONORDER, AGGREGATIONTYPE, AGGREGATIONSCOPE ) values ( 'DC_E_TEST_ELEMBH_MONTHRANKBH_ELEM_CP1', 'DC_E_TEST:((2))', null, null, null, null, null, null, 'RANKBH', 'MONTH' );
insert into Aggregationrule ( AGGREGATION, VERSIONID, RULEID, TARGET_TYPE, TARGET_LEVEL, TARGET_TABLE, TARGET_MTABLEID, SOURCE_TYPE, SOURCE_LEVEL, SOURCE_TABLE, SOURCE_MTABLEID, RULETYPE, AGGREGATIONSCOPE, BHTYPE, ENABLE ) values ( 'DC_E_TEST_ELEMBH_MONTHRANKBH_ELEM_CP1', 'DC_E_TEST:((2))', 2, 'DC_E_TEST_ELEMBH', 'RANKBH', 'DC_E_TEST_ELEMBH_RANKBH', 'DC_E_TEST:((2)):DC_E_TEST_ELEMBH:RANKBH', 'DC_E_TEST_ELEMBH', 'RANKBH', 'DC_E_TEST_ELEMBH_RANKBH', 'DC_E_TEST:((2)):DC_E_TEST_ELEMBH:RANKBH', 'RANKBHCLASS', 'MONTH', 'ELEM_CP1', 0 );
insert into Aggregation ( AGGREGATION, VERSIONID, AGGREGATIONSET, AGGREGATIONGROUP, REAGGREGATIONSET, REAGGREGATIONGROUP, GROUPORDER, AGGREGATIONORDER, AGGREGATIONTYPE, AGGREGATIONSCOPE ) values ( 'DC_E_TEST_ELEMBH_RANKBH_ELEM_CP2', 'DC_E_TEST:((2))', null, null, null, null, null, null, 'RANKBH', 'DAY' );
insert into Aggregationrule ( AGGREGATION, VERSIONID, RULEID, TARGET_TYPE, TARGET_LEVEL, TARGET_TABLE, TARGET_MTABLEID, SOURCE_TYPE, SOURCE_LEVEL, SOURCE_TABLE, SOURCE_MTABLEID, RULETYPE, AGGREGATIONSCOPE, BHTYPE, ENABLE ) values ( 'DC_E_TEST_ELEMBH_RANKBH_ELEM_CP2', 'DC_E_TEST:((2))', 0, 'DC_E_TEST_ELEMBH', 'RANKBH', 'DC_E_TEST_ELEMBH_RANKBH', 'DC_E_TEST:((2)):DC_E_TEST_ELEMBH:RANKBH', '', '', 'DC_E_TEST_ELEMBH_RANKBH_ELEM_CP2', '', 'RANKBH', 'DAY', 'ELEM_CP2', 0 );
insert into Aggregation ( AGGREGATION, VERSIONID, AGGREGATIONSET, AGGREGATIONGROUP, REAGGREGATIONSET, REAGGREGATIONGROUP, GROUPORDER, AGGREGATIONORDER, AGGREGATIONTYPE, AGGREGATIONSCOPE ) values ( 'DC_E_TEST_ELEMBH_WEEKRANKBH_ELEM_CP2', 'DC_E_TEST:((2))', null, null, null, null, null, null, 'RANKBH', 'WEEK' );
insert into Aggregationrule ( AGGREGATION, VERSIONID, RULEID, TARGET_TYPE, TARGET_LEVEL, TARGET_TABLE, TARGET_MTABLEID, SOURCE_TYPE, SOURCE_LEVEL, SOURCE_TABLE, SOURCE_MTABLEID, RULETYPE, AGGREGATIONSCOPE, BHTYPE, ENABLE ) values ( 'DC_E_TEST_ELEMBH_WEEKRANKBH_ELEM_CP2', 'DC_E_TEST:((2))', 1, 'DC_E_TEST_ELEMBH', 'RANKBH', 'DC_E_TEST_ELEMBH_RANKBH', 'DC_E_TEST:((2)):DC_E_TEST_ELEMBH:RANKBH', 'DC_E_TEST_ELEMBH', 'RANKBH', 'DC_E_TEST_ELEMBH_RANKBH', 'DC_E_TEST:((2)):DC_E_TEST_ELEMBH:RANKBH', 'RANKBHCLASS', 'WEEK', 'ELEM_CP2', 0 );
insert into Aggregation ( AGGREGATION, VERSIONID, AGGREGATIONSET, AGGREGATIONGROUP, REAGGREGATIONSET, REAGGREGATIONGROUP, GROUPORDER, AGGREGATIONORDER, AGGREGATIONTYPE, AGGREGATIONSCOPE ) values ( 'DC_E_TEST_SH_DAY', 'DC_E_TEST:((2))', null, null, null, null, null, null, 'TOTAL', 'DAY' );
insert into Aggregationrule ( AGGREGATION, VERSIONID, RULEID, TARGET_TYPE, TARGET_LEVEL, TARGET_TABLE, TARGET_MTABLEID, SOURCE_TYPE, SOURCE_LEVEL, SOURCE_TABLE, SOURCE_MTABLEID, RULETYPE, AGGREGATIONSCOPE, BHTYPE, ENABLE ) values ( 'DC_E_TEST_SH_DAY', 'DC_E_TEST:((2))', 0, 'DC_E_TEST_SH', 'DAY', 'DC_E_TEST_SH_DAY', 'DC_E_TEST:((2)):DC_E_TEST_SH:DAY', 'DC_E_TEST_SH', 'RAW', 'DC_E_TEST_SH_RAW', 'DC_E_TEST:((2)):DC_E_TEST_SH:RAW', 'TOTAL', 'DAY', null, null );
insert into Aggregation ( AGGREGATION, VERSIONID, AGGREGATIONSET, AGGREGATIONGROUP, REAGGREGATIONSET, REAGGREGATIONGROUP, GROUPORDER, AGGREGATIONORDER, AGGREGATIONTYPE, AGGREGATIONSCOPE ) values ( 'DC_E_TEST_ELEMBH_MONTHRANKBH_ELEM_CP2', 'DC_E_TEST:((2))', null, null, null, null, null, null, 'RANKBH', 'MONTH' );
insert into Aggregationrule ( AGGREGATION, VERSIONID, RULEID, TARGET_TYPE, TARGET_LEVEL, TARGET_TABLE, TARGET_MTABLEID, SOURCE_TYPE, SOURCE_LEVEL, SOURCE_TABLE, SOURCE_MTABLEID, RULETYPE, AGGREGATIONSCOPE, BHTYPE, ENABLE ) values ( 'DC_E_TEST_ELEMBH_MONTHRANKBH_ELEM_CP2', 'DC_E_TEST:((2))', 2, 'DC_E_TEST_ELEMBH', 'RANKBH', 'DC_E_TEST_ELEMBH_RANKBH', 'DC_E_TEST:((2)):DC_E_TEST_ELEMBH:RANKBH', 'DC_E_TEST_ELEMBH', 'RANKBH', 'DC_E_TEST_ELEMBH_RANKBH', 'DC_E_TEST:((2)):DC_E_TEST_ELEMBH:RANKBH', 'RANKBHCLASS', 'MONTH', 'ELEM_CP2', 0 );
