insert into Versioning ( VERSIONID, DESCRIPTION, STATUS, TECHPACK_NAME, TECHPACK_VERSION, TECHPACK_TYPE, PRODUCT_NUMBER, LOCKEDBY, LOCKDATE, BASEDEFINITION, BASEVERSION, INSTALLDESCRIPTION, UNIVERSENAME, UNIVERSEEXTENSION, ENIQ_LEVEL, LICENSENAME ) values ( 'DC_E_TEST:((202))', 'Ericsson TEST', 1, 'DC_E_TEST', 'R8B', 'PM', 'COA 252 133/1', null, null, 'TP_BASE:BASE_TP_20110201', null, '', null, null, '11', 'CXC4010588' );
insert into Supportedvendorrelease ( VERSIONID, VENDORRELEASE ) values ( 'DC_E_TEST:((202))', 'R4.0' );
insert into Supportedvendorrelease ( VERSIONID, VENDORRELEASE ) values ( 'DC_E_TEST:((202))', 'R4.1' );
insert into Supportedvendorrelease ( VERSIONID, VENDORRELEASE ) values ( 'DC_E_TEST:((202))', 'R4.2' );
insert into Measurementtypeclass ( TYPECLASSID, VERSIONID, DESCRIPTION ) values ( 'DC_E_TEST:((202)):DC_E_TEST_Ethernet', 'DC_E_TEST:((202))', 'Ethernet' );
insert into Measurementtype ( TYPEID, TYPECLASSID, TYPENAME, VENDORID, FOLDERNAME, DESCRIPTION, STATUS, VERSIONID, OBJECTID, OBJECTNAME, OBJECTVERSION, OBJECTTYPE, JOINABLE, SIZING, TOTALAGG, ELEMENTBHSUPPORT, RANKINGTABLE, DELTACALCSUPPORT, PLAINTABLE, UNIVERSEEXTENSION, VECTORSUPPORT, DATAFORMATSUPPORT, FOLLOWJOHN, ONEMINAGG, FIFTEENMINAGG, EVENTSCALCTABLE, MIXEDPARTITIONSTABLE, LOADFILE_DUP_CHECK ) values ( 'DC_E_TEST:((202)):DC_E_TEST_ETHERNETLINK', 'DC_E_TEST:((202)):DC_E_TEST_Ethernet', 'DC_E_TEST_ETHERNETLINK', 'DC_E_TEST', 'DC_E_TEST_ETHERNETLINK', 'Internet Protocol over Ethernet link counters', null, 'DC_E_TEST:((202))', 'DC_E_TEST:((202)):DC_E_TEST_ETHERNETLINK', 'DC_E_TEST_ETHERNETLINK', null, null, '', 'extrasmall', 1, 1, 0, 1, 0, 'b', 0, 1, null, null, null, null, null, null );
insert into Measurementkey ( TYPEID, DATANAME, DESCRIPTION, ISELEMENT, UNIQUEKEY, COLNUMBER, DATATYPE, DATASIZE, DATASCALE, UNIQUEVALUE, NULLABLE, INDEXES, INCLUDESQL, UNIVOBJECT, JOINABLE, DATAID ) values ( 'DC_E_TEST:((202)):DC_E_TEST_ETHERNETLINK', 'EthernetLink', 'Ethernet link id', 0, 0, 10, 'varchar', 35, 0, 255, 1, 'HG', 1, 'EthernetLink', null, 'MOID.EthernetLink' );
insert into Measurementkey ( TYPEID, DATANAME, DESCRIPTION, ISELEMENT, UNIQUEKEY, COLNUMBER, DATATYPE, DATASIZE, DATASCALE, UNIQUEVALUE, NULLABLE, INDEXES, INCLUDESQL, UNIVOBJECT, JOINABLE, DATAID ) values ( 'DC_E_TEST:((202)):DC_E_TEST_ETHERNETLINK', 'Ip', 'Internet Protocol id', 0, 0, 9, 'varchar', 35, 0, 255, 1, 'HG', 1, 'Ip', null, 'MOID.Ip' );
insert into Measurementkey ( TYPEID, DATANAME, DESCRIPTION, ISELEMENT, UNIQUEKEY, COLNUMBER, DATATYPE, DATASIZE, DATASCALE, UNIQUEVALUE, NULLABLE, INDEXES, INCLUDESQL, UNIVOBJECT, JOINABLE, DATAID ) values ( 'DC_E_TEST:((202)):DC_E_TEST_ETHERNETLINK', 'IpSystem', 'The IP System MO constitutes the top structure level for IP related MOs in a Cello node.', 0, 0, 8, 'varchar', 35, 0, 255, 1, 'HG', 1, 'IpSystem', null, 'MOID.IpSystem' );
insert into Measurementkey ( TYPEID, DATANAME, DESCRIPTION, ISELEMENT, UNIQUEKEY, COLNUMBER, DATATYPE, DATASIZE, DATASCALE, UNIQUEVALUE, NULLABLE, INDEXES, INCLUDESQL, UNIVOBJECT, JOINABLE, DATAID ) values ( 'DC_E_TEST:((202)):DC_E_TEST_ETHERNETLINK', 'MOID', 'Measured Object Id', 0, 1, 7, 'varchar', 255, 0, 255, 0, 'HG', 1, 'MOID', null, 'MOID' );
insert into Measurementkey ( TYPEID, DATANAME, DESCRIPTION, ISELEMENT, UNIQUEKEY, COLNUMBER, DATATYPE, DATASIZE, DATASCALE, UNIQUEVALUE, NULLABLE, INDEXES, INCLUDESQL, UNIVOBJECT, JOINABLE, DATAID ) values ( 'DC_E_TEST:((202)):DC_E_TEST_ETHERNETLINK', 'NEDN', 'Network element distinguished name', 0, 0, 4, 'varchar', 255, 0, 255, 1, '', 1, '', null, 'nedn' );
insert into Measurementkey ( TYPEID, DATANAME, DESCRIPTION, ISELEMENT, UNIQUEKEY, COLNUMBER, DATATYPE, DATASIZE, DATASCALE, UNIQUEVALUE, NULLABLE, INDEXES, INCLUDESQL, UNIVOBJECT, JOINABLE, DATAID ) values ( 'DC_E_TEST:((202)):DC_E_TEST_ETHERNETLINK', 'NESW', 'Network element software version', 0, 0, 5, 'varchar', 35, 0, 255, 1, '', 1, 'NESW', null, 'nesw' );
insert into Measurementkey ( TYPEID, DATANAME, DESCRIPTION, ISELEMENT, UNIQUEKEY, COLNUMBER, DATATYPE, DATASIZE, DATASCALE, UNIQUEVALUE, NULLABLE, INDEXES, INCLUDESQL, UNIVOBJECT, JOINABLE, DATAID ) values ( 'DC_E_TEST:((202)):DC_E_TEST_ETHERNETLINK', 'NEUN', 'Network element user name', 0, 0, 3, 'varchar', 64, 0, 255, 1, '', 1, 'NEUN', null, 'neun' );
insert into Measurementkey ( TYPEID, DATANAME, DESCRIPTION, ISELEMENT, UNIQUEKEY, COLNUMBER, DATATYPE, DATASIZE, DATASCALE, UNIQUEVALUE, NULLABLE, INDEXES, INCLUDESQL, UNIVOBJECT, JOINABLE, DATAID ) values ( 'DC_E_TEST:((202)):DC_E_TEST_ETHERNETLINK', 'OSS_ID', 'OSS Id', 0, 1, 1, 'varchar', 50, 0, 255, 0, 'HG', 1, 'OSS Id', null, 'OSS_ID' );
insert into Measurementkey ( TYPEID, DATANAME, DESCRIPTION, ISELEMENT, UNIQUEKEY, COLNUMBER, DATATYPE, DATASIZE, DATASCALE, UNIQUEVALUE, NULLABLE, INDEXES, INCLUDESQL, UNIVOBJECT, JOINABLE, DATAID ) values ( 'DC_E_TEST:((202)):DC_E_TEST_ETHERNETLINK', 'SN', 'Sendername', 0, 0, 2, 'varchar', 255, 0, 255, 1, '', 1, '', null, 'SN' );
insert into Measurementkey ( TYPEID, DATANAME, DESCRIPTION, ISELEMENT, UNIQUEKEY, COLNUMBER, DATATYPE, DATASIZE, DATASCALE, UNIQUEVALUE, NULLABLE, INDEXES, INCLUDESQL, UNIVOBJECT, JOINABLE, DATAID ) values ( 'DC_E_TEST:((202)):DC_E_TEST_ETHERNETLINK', 'TEST', 'Object parent ID', 1, 1, 6, 'varchar', 64, 0, 255, 0, 'HG', 1, 'TEST', null, 'NEName' );
insert into Measurementkey ( TYPEID, DATANAME, DESCRIPTION, ISELEMENT, UNIQUEKEY, COLNUMBER, DATATYPE, DATASIZE, DATASCALE, UNIQUEVALUE, NULLABLE, INDEXES, INCLUDESQL, UNIVOBJECT, JOINABLE, DATAID ) values ( 'DC_E_TEST:((202)):DC_E_TEST_ETHERNETLINK', 'userLabel', 'Label for free use', 0, 0, 11, 'varchar', 128, 0, 255, 1, 'HG', 1, 'userLabel', 0, 'userLabel' );
insert into Measurementcounter ( TYPEID, DATANAME, DESCRIPTION, TIMEAGGREGATION, GROUPAGGREGATION, COUNTAGGREGATION, COLNUMBER, DATATYPE, DATASIZE, DATASCALE, INCLUDESQL, UNIVOBJECT, UNIVCLASS, COUNTERTYPE, COUNTERPROCESS, DATAID, FOLLOWJOHN ) values ( 'DC_E_TEST:((202)):DC_E_TEST_ETHERNETLINK', 'pmNoOfIfInDiscards', 'pmNoOfIfInDiscards: The number of input packets discarded due to resource limitations. Condition: A lot of packets received at high rate. Counter is reset after measurement period: No Counter type: PEG Unit: Number of IP packets', 'SUM', 'SUM', 'PEG', 105, 'numeric', 18, 0, 1, 'pmNoOfIfInDiscards', '', 'PEG', 'PEG', 'pmNoOfIfInDiscards', null );
insert into Measurementcounter ( TYPEID, DATANAME, DESCRIPTION, TIMEAGGREGATION, GROUPAGGREGATION, COUNTAGGREGATION, COLNUMBER, DATATYPE, DATASIZE, DATASCALE, INCLUDESQL, UNIVOBJECT, UNIVCLASS, COUNTERTYPE, COUNTERPROCESS, DATAID, FOLLOWJOHN ) values ( 'DC_E_TEST:((202)):DC_E_TEST_ETHERNETLINK', 'pmNoOfIfInErrors', 'pmNoOfIfInErrors: The number of input packets discarded due to any error. Condition: An erroneous IP packet is received Counter is reset after measurement period: No Counter type: PEG Unit: Number of IP packets', 'SUM', 'SUM', 'PEG', 104, 'numeric', 18, 0, 1, 'pmNoOfIfInErrors', '', 'PEG', 'PEG', 'pmNoOfIfInErrors', null );
insert into Measurementcounter ( TYPEID, DATANAME, DESCRIPTION, TIMEAGGREGATION, GROUPAGGREGATION, COUNTAGGREGATION, COLNUMBER, DATATYPE, DATASIZE, DATASCALE, INCLUDESQL, UNIVOBJECT, UNIVCLASS, COUNTERTYPE, COUNTERPROCESS, DATAID, FOLLOWJOHN ) values ( 'DC_E_TEST:((202)):DC_E_TEST_ETHERNETLINK', 'pmNoOfIfInNUcastPkts', 'pmNoOfIfInNUcastPkts: The number of input broadcast or multicast packets delivered to higher layer. Condition: A broadcast or multicast IP packet is received. Counter is reset after measurement period: No Counter type: PEG Unit: Number of IP packets', 'SUM', 'SUM', 'PEG', 102, 'numeric', 18, 0, 1, 'pmNoOfIfInNUcastPkts', '', 'PEG', 'PEG', 'pmNoOfIfInNUcastPkts', null );
insert into Measurementcounter ( TYPEID, DATANAME, DESCRIPTION, TIMEAGGREGATION, GROUPAGGREGATION, COUNTAGGREGATION, COLNUMBER, DATATYPE, DATASIZE, DATASCALE, INCLUDESQL, UNIVOBJECT, UNIVCLASS, COUNTERTYPE, COUNTERPROCESS, DATAID, FOLLOWJOHN ) values ( 'DC_E_TEST:((202)):DC_E_TEST_ETHERNETLINK', 'pmNoOfIfInUcastPkts', 'pmNoOfIfInUcastPkts: The number of input unicast packets delivered to higher layer. Condition: A unicast IP packet is received. Counter is reset after measurement period: No Counter type: PEG Unit: Number of IP packets', 'SUM', 'SUM', 'PEG', 101, 'numeric', 18, 0, 1, 'pmNoOfIfInUcastPkts', '', 'PEG', 'PEG', 'pmNoOfIfInUcastPkts', null );
insert into Measurementcounter ( TYPEID, DATANAME, DESCRIPTION, TIMEAGGREGATION, GROUPAGGREGATION, COUNTAGGREGATION, COLNUMBER, DATATYPE, DATASIZE, DATASCALE, INCLUDESQL, UNIVOBJECT, UNIVCLASS, COUNTERTYPE, COUNTERPROCESS, DATAID, FOLLOWJOHN ) values ( 'DC_E_TEST:((202)):DC_E_TEST_ETHERNETLINK', 'pmNoOfIfOutDiscards', 'pmNoOfIfOutDiscards: The number of outbound packets discarded due to resource limitations. Condition: A lot of packets sent at high rate. Counter is reset after measurement period: No Counter type: PEG Unit: Number of IP packets', 'SUM', 'SUM', 'PEG', 107, 'numeric', 18, 0, 1, 'pmNoOfIfOutDiscards', '', 'PEG', 'PEG', 'pmNoOfIfOutDiscards', null );
insert into Measurementcounter ( TYPEID, DATANAME, DESCRIPTION, TIMEAGGREGATION, GROUPAGGREGATION, COUNTAGGREGATION, COLNUMBER, DATATYPE, DATASIZE, DATASCALE, INCLUDESQL, UNIVOBJECT, UNIVCLASS, COUNTERTYPE, COUNTERPROCESS, DATAID, FOLLOWJOHN ) values ( 'DC_E_TEST:((202)):DC_E_TEST_ETHERNETLINK', 'pmNoOfIfOutNUcastPkts', 'pmNoOfIfOutNUcastPkts: The number of transmitted outgoing broadcast or multicast packets. Condition: A broadcast or multicast IP packet is sent. Counter is reset after measurement period: No Counter type: PEG Unit: Number of IP packets', 'SUM', 'SUM', 'PEG', 106, 'numeric', 18, 0, 1, 'pmNoOfIfOutNUcastPkts', '', 'PEG', 'PEG', 'pmNoOfIfOutNUcastPkts', null );
insert into Measurementcounter ( TYPEID, DATANAME, DESCRIPTION, TIMEAGGREGATION, GROUPAGGREGATION, COUNTAGGREGATION, COLNUMBER, DATATYPE, DATASIZE, DATASCALE, INCLUDESQL, UNIVOBJECT, UNIVCLASS, COUNTERTYPE, COUNTERPROCESS, DATAID, FOLLOWJOHN ) values ( 'DC_E_TEST:((202)):DC_E_TEST_ETHERNETLINK', 'pmNoOfIfOutUcastPkts', 'pmNoOfIfOutUcastPkts: The number of packets that higher-level protocols requested to be transmitted to a subnetwork-unicast address. Condition: A unicast IP packet is sent. Counter is reset after measurement period: No Counter type: PEG Unit: Number of IP packets', 'SUM', 'SUM', 'PEG', 103, 'numeric', 18, 0, 1, 'pmNoOfIfOutUcastPkts', '', 'PEG', 'PEG', 'pmNoOfIfOutUcastPkts', null );
insert into Measurementtable ( MTABLEID, TABLELEVEL, TYPEID, BASETABLENAME, DEFAULT_TEMPLATE, PARTITIONPLAN ) values ( 'DC_E_TEST:((202)):DC_E_TEST_ETHERNETLINK:COUNT', 'COUNT', 'DC_E_TEST:((202)):DC_E_TEST_ETHERNETLINK', 'DC_E_TEST_ETHERNETLINK_COUNT', null, 'extrasmall_count' );
insert into Measurementcolumn ( MTABLEID, DATANAME, COLNUMBER, DATATYPE, DATASIZE, DATASCALE, UNIQUEVALUE, NULLABLE, INDEXES, DESCRIPTION, DATAID, RELEASEID, UNIQUEKEY, INCLUDESQL, COLTYPE, FOLLOWJOHN ) values ( 'DC_E_TEST:((202)):DC_E_TEST_ETHERNETLINK:COUNT', 'OSS_ID', 1, 'varchar', 50, 0, 255, 0, 'HG', 'OSS Id', 'OSS_ID', 'DC_E_TEST:((101))', 1, 1, 'KEY', null );
insert into Measurementcolumn ( MTABLEID, DATANAME, COLNUMBER, DATATYPE, DATASIZE, DATASCALE, UNIQUEVALUE, NULLABLE, INDEXES, DESCRIPTION, DATAID, RELEASEID, UNIQUEKEY, INCLUDESQL, COLTYPE, FOLLOWJOHN ) values ( 'DC_E_TEST:((202)):DC_E_TEST_ETHERNETLINK:COUNT', 'SN', 2, 'varchar', 255, 0, 255, 1, '', 'Sendername', 'SN', 'DC_E_TEST:((101))', 0, 1, 'KEY', null );
insert into Measurementcolumn ( MTABLEID, DATANAME, COLNUMBER, DATATYPE, DATASIZE, DATASCALE, UNIQUEVALUE, NULLABLE, INDEXES, DESCRIPTION, DATAID, RELEASEID, UNIQUEKEY, INCLUDESQL, COLTYPE, FOLLOWJOHN ) values ( 'DC_E_TEST:((202)):DC_E_TEST_ETHERNETLINK:COUNT', 'NEUN', 3, 'varchar', 64, 0, 255, 1, '', 'Network element user name', 'neun', 'DC_E_TEST:((101))', 0, 1, 'KEY', null );
insert into Measurementcolumn ( MTABLEID, DATANAME, COLNUMBER, DATATYPE, DATASIZE, DATASCALE, UNIQUEVALUE, NULLABLE, INDEXES, DESCRIPTION, DATAID, RELEASEID, UNIQUEKEY, INCLUDESQL, COLTYPE, FOLLOWJOHN ) values ( 'DC_E_TEST:((202)):DC_E_TEST_ETHERNETLINK:COUNT', 'NEDN', 4, 'varchar', 255, 0, 255, 1, '', 'Network element distinguished name', 'nedn', 'DC_E_TEST:((101))', 0, 1, 'KEY', null );
insert into Measurementcolumn ( MTABLEID, DATANAME, COLNUMBER, DATATYPE, DATASIZE, DATASCALE, UNIQUEVALUE, NULLABLE, INDEXES, DESCRIPTION, DATAID, RELEASEID, UNIQUEKEY, INCLUDESQL, COLTYPE, FOLLOWJOHN ) values ( 'DC_E_TEST:((202)):DC_E_TEST_ETHERNETLINK:COUNT', 'NESW', 5, 'varchar', 35, 0, 255, 1, '', 'Network element software version', 'nesw', 'DC_E_TEST:((101))', 0, 1, 'KEY', null );
insert into Measurementcolumn ( MTABLEID, DATANAME, COLNUMBER, DATATYPE, DATASIZE, DATASCALE, UNIQUEVALUE, NULLABLE, INDEXES, DESCRIPTION, DATAID, RELEASEID, UNIQUEKEY, INCLUDESQL, COLTYPE, FOLLOWJOHN ) values ( 'DC_E_TEST:((202)):DC_E_TEST_ETHERNETLINK:COUNT', 'TEST', 6, 'varchar', 64, 0, 255, 0, 'HG', 'Object parent ID', 'NEName', 'DC_E_TEST:((101))', 1, 1, 'KEY', null );
insert into Measurementcolumn ( MTABLEID, DATANAME, COLNUMBER, DATATYPE, DATASIZE, DATASCALE, UNIQUEVALUE, NULLABLE, INDEXES, DESCRIPTION, DATAID, RELEASEID, UNIQUEKEY, INCLUDESQL, COLTYPE, FOLLOWJOHN ) values ( 'DC_E_TEST:((202)):DC_E_TEST_ETHERNETLINK:COUNT', 'MOID', 7, 'varchar', 255, 0, 255, 0, 'HG', 'Measured Object Id', 'MOID', 'DC_E_TEST:((101))', 1, 1, 'KEY', null );
insert into Measurementcolumn ( MTABLEID, DATANAME, COLNUMBER, DATATYPE, DATASIZE, DATASCALE, UNIQUEVALUE, NULLABLE, INDEXES, DESCRIPTION, DATAID, RELEASEID, UNIQUEKEY, INCLUDESQL, COLTYPE, FOLLOWJOHN ) values ( 'DC_E_TEST:((202)):DC_E_TEST_ETHERNETLINK:COUNT', 'IpSystem', 8, 'varchar', 35, 0, 255, 1, 'HG', 'The IP System MO constitutes the top structure level for IP related MOs in a Cello node.', 'MOID.IpSystem', 'DC_E_TEST:((101))', 0, 1, 'KEY', null );
insert into Measurementcolumn ( MTABLEID, DATANAME, COLNUMBER, DATATYPE, DATASIZE, DATASCALE, UNIQUEVALUE, NULLABLE, INDEXES, DESCRIPTION, DATAID, RELEASEID, UNIQUEKEY, INCLUDESQL, COLTYPE, FOLLOWJOHN ) values ( 'DC_E_TEST:((202)):DC_E_TEST_ETHERNETLINK:COUNT', 'Ip', 9, 'varchar', 35, 0, 255, 1, 'HG', 'Internet Protocol id', 'MOID.Ip', 'DC_E_TEST:((101))', 0, 1, 'KEY', null );
insert into Measurementcolumn ( MTABLEID, DATANAME, COLNUMBER, DATATYPE, DATASIZE, DATASCALE, UNIQUEVALUE, NULLABLE, INDEXES, DESCRIPTION, DATAID, RELEASEID, UNIQUEKEY, INCLUDESQL, COLTYPE, FOLLOWJOHN ) values ( 'DC_E_TEST:((202)):DC_E_TEST_ETHERNETLINK:COUNT', 'EthernetLink', 10, 'varchar', 35, 0, 255, 1, 'HG', 'Ethernet link id', 'MOID.EthernetLink', 'DC_E_TEST:((101))', 0, 1, 'KEY', null );
insert into Measurementcolumn ( MTABLEID, DATANAME, COLNUMBER, DATATYPE, DATASIZE, DATASCALE, UNIQUEVALUE, NULLABLE, INDEXES, DESCRIPTION, DATAID, RELEASEID, UNIQUEKEY, INCLUDESQL, COLTYPE, FOLLOWJOHN ) values ( 'DC_E_TEST:((202)):DC_E_TEST_ETHERNETLINK:COUNT', 'userLabel', 11, 'varchar', 128, 0, 255, 1, 'HG', 'Label for free use', 'userLabel', 'DC_E_TEST:((101))', 0, 1, 'KEY', null );
insert into Measurementcolumn ( MTABLEID, DATANAME, COLNUMBER, DATATYPE, DATASIZE, DATASCALE, UNIQUEVALUE, NULLABLE, INDEXES, DESCRIPTION, DATAID, RELEASEID, UNIQUEKEY, INCLUDESQL, COLTYPE, FOLLOWJOHN ) values ( 'DC_E_TEST:((202)):DC_E_TEST_ETHERNETLINK:COUNT', 'DATE_ID', 12, 'date', 0, 0, 255, 1, 'LF', '', 'DATE_ID', 'BASE_TP_090421', 0, 0, 'PUBLICKEY', null );
insert into Measurementcolumn ( MTABLEID, DATANAME, COLNUMBER, DATATYPE, DATASIZE, DATASCALE, UNIQUEVALUE, NULLABLE, INDEXES, DESCRIPTION, DATAID, RELEASEID, UNIQUEKEY, INCLUDESQL, COLTYPE, FOLLOWJOHN ) values ( 'DC_E_TEST:((202)):DC_E_TEST_ETHERNETLINK:COUNT', 'YEAR_ID', 13, 'smallint', 0, 0, 20, 1, 'LF', '', 'YEAR_ID', 'BASE_TP_090421', 0, 0, 'PUBLICKEY', null );
insert into Measurementcolumn ( MTABLEID, DATANAME, COLNUMBER, DATATYPE, DATASIZE, DATASCALE, UNIQUEVALUE, NULLABLE, INDEXES, DESCRIPTION, DATAID, RELEASEID, UNIQUEKEY, INCLUDESQL, COLTYPE, FOLLOWJOHN ) values ( 'DC_E_TEST:((202)):DC_E_TEST_ETHERNETLINK:COUNT', 'MONTH_ID', 14, 'tinyint', 0, 0, 12, 1, 'LF', '', 'MONTH_ID', 'BASE_TP_090421', 0, 0, 'PUBLICKEY', null );
insert into Measurementcolumn ( MTABLEID, DATANAME, COLNUMBER, DATATYPE, DATASIZE, DATASCALE, UNIQUEVALUE, NULLABLE, INDEXES, DESCRIPTION, DATAID, RELEASEID, UNIQUEKEY, INCLUDESQL, COLTYPE, FOLLOWJOHN ) values ( 'DC_E_TEST:((202)):DC_E_TEST_ETHERNETLINK:COUNT', 'DAY_ID', 15, 'tinyint', 0, 0, 31, 1, 'LF', '', 'DAY_ID', 'BASE_TP_090421', 0, 0, 'PUBLICKEY', null );
insert into Measurementcolumn ( MTABLEID, DATANAME, COLNUMBER, DATATYPE, DATASIZE, DATASCALE, UNIQUEVALUE, NULLABLE, INDEXES, DESCRIPTION, DATAID, RELEASEID, UNIQUEKEY, INCLUDESQL, COLTYPE, FOLLOWJOHN ) values ( 'DC_E_TEST:((202)):DC_E_TEST_ETHERNETLINK:COUNT', 'HOUR_ID', 16, 'tinyint', 0, 0, 24, 1, 'LF', '', 'HOUR_ID', 'BASE_TP_090421', 0, 0, 'PUBLICKEY', null );
insert into Measurementcolumn ( MTABLEID, DATANAME, COLNUMBER, DATATYPE, DATASIZE, DATASCALE, UNIQUEVALUE, NULLABLE, INDEXES, DESCRIPTION, DATAID, RELEASEID, UNIQUEKEY, INCLUDESQL, COLTYPE, FOLLOWJOHN ) values ( 'DC_E_TEST:((202)):DC_E_TEST_ETHERNETLINK:COUNT', 'DATETIME_ID', 17, 'datetime', 0, 0, 255, 1, 'HG', '', 'DATETIME_ID', 'BASE_TP_090421', 1, 1, 'PUBLICKEY', null );
insert into Measurementcolumn ( MTABLEID, DATANAME, COLNUMBER, DATATYPE, DATASIZE, DATASCALE, UNIQUEVALUE, NULLABLE, INDEXES, DESCRIPTION, DATAID, RELEASEID, UNIQUEKEY, INCLUDESQL, COLTYPE, FOLLOWJOHN ) values ( 'DC_E_TEST:((202)):DC_E_TEST_ETHERNETLINK:COUNT', 'MIN_ID', 18, 'tinyint', 0, 0, 60, 1, 'LF', '', 'MIN_ID', 'BASE_TP_090421', 0, 0, 'PUBLICKEY', null );
insert into Measurementcolumn ( MTABLEID, DATANAME, COLNUMBER, DATATYPE, DATASIZE, DATASCALE, UNIQUEVALUE, NULLABLE, INDEXES, DESCRIPTION, DATAID, RELEASEID, UNIQUEKEY, INCLUDESQL, COLTYPE, FOLLOWJOHN ) values ( 'DC_E_TEST:((202)):DC_E_TEST_ETHERNETLINK:COUNT', 'TIMELEVEL', 19, 'varchar', 10, 0, 10, 1, 'LF', '', 'TIMELEVEL', 'BASE_TP_090421', 0, 0, 'PUBLICKEY', null );
insert into Measurementcolumn ( MTABLEID, DATANAME, COLNUMBER, DATATYPE, DATASIZE, DATASCALE, UNIQUEVALUE, NULLABLE, INDEXES, DESCRIPTION, DATAID, RELEASEID, UNIQUEKEY, INCLUDESQL, COLTYPE, FOLLOWJOHN ) values ( 'DC_E_TEST:((202)):DC_E_TEST_ETHERNETLINK:COUNT', 'SESSION_ID', 20, 'unsigned int', 0, 0, 255, 1, '', '', 'SESSION_ID', 'BASE_TP_090421', 0, 0, 'PUBLICKEY', null );
insert into Measurementcolumn ( MTABLEID, DATANAME, COLNUMBER, DATATYPE, DATASIZE, DATASCALE, UNIQUEVALUE, NULLABLE, INDEXES, DESCRIPTION, DATAID, RELEASEID, UNIQUEKEY, INCLUDESQL, COLTYPE, FOLLOWJOHN ) values ( 'DC_E_TEST:((202)):DC_E_TEST_ETHERNETLINK:COUNT', 'BATCH_ID', 21, 'smallint', 0, 0, 255, 1, '', '', 'BATCH_ID', 'BASE_TP_090421', 0, 0, 'PUBLICKEY', null );
insert into Measurementcolumn ( MTABLEID, DATANAME, COLNUMBER, DATATYPE, DATASIZE, DATASCALE, UNIQUEVALUE, NULLABLE, INDEXES, DESCRIPTION, DATAID, RELEASEID, UNIQUEKEY, INCLUDESQL, COLTYPE, FOLLOWJOHN ) values ( 'DC_E_TEST:((202)):DC_E_TEST_ETHERNETLINK:COUNT', 'PERIOD_DURATION', 22, 'unsigned int', 0, 0, 10, 1, '', '', 'PERIOD_DURATION', 'BASE_TP_090421', 0, 1, 'PUBLICKEY', null );
insert into Measurementcolumn ( MTABLEID, DATANAME, COLNUMBER, DATATYPE, DATASIZE, DATASCALE, UNIQUEVALUE, NULLABLE, INDEXES, DESCRIPTION, DATAID, RELEASEID, UNIQUEKEY, INCLUDESQL, COLTYPE, FOLLOWJOHN ) values ( 'DC_E_TEST:((202)):DC_E_TEST_ETHERNETLINK:COUNT', 'ROWSTATUS', 23, 'varchar', 16, 0, 10, 1, '', '', 'ROWSTATUS', 'BASE_TP_090421', 0, 1, 'PUBLICKEY', null );
insert into Measurementcolumn ( MTABLEID, DATANAME, COLNUMBER, DATATYPE, DATASIZE, DATASCALE, UNIQUEVALUE, NULLABLE, INDEXES, DESCRIPTION, DATAID, RELEASEID, UNIQUEKEY, INCLUDESQL, COLTYPE, FOLLOWJOHN ) values ( 'DC_E_TEST:((202)):DC_E_TEST_ETHERNETLINK:COUNT', 'DC_RELEASE', 24, 'varchar', 16, 0, 2, 1, 'LF', '', 'DC_RELEASE', 'BASE_TP_090421', 0, 1, 'PUBLICKEY', null );
insert into Measurementcolumn ( MTABLEID, DATANAME, COLNUMBER, DATATYPE, DATASIZE, DATASCALE, UNIQUEVALUE, NULLABLE, INDEXES, DESCRIPTION, DATAID, RELEASEID, UNIQUEKEY, INCLUDESQL, COLTYPE, FOLLOWJOHN ) values ( 'DC_E_TEST:((202)):DC_E_TEST_ETHERNETLINK:COUNT', 'DC_SOURCE', 25, 'varchar', 16, 0, 2, 1, 'LF', '', 'DC_SOURCE', 'BASE_TP_090421', 0, 1, 'PUBLICKEY', null );
insert into Measurementcolumn ( MTABLEID, DATANAME, COLNUMBER, DATATYPE, DATASIZE, DATASCALE, UNIQUEVALUE, NULLABLE, INDEXES, DESCRIPTION, DATAID, RELEASEID, UNIQUEKEY, INCLUDESQL, COLTYPE, FOLLOWJOHN ) values ( 'DC_E_TEST:((202)):DC_E_TEST_ETHERNETLINK:COUNT', 'DC_TIMEZONE', 26, 'varchar', 16, 0, 2, 1, 'LF', '', 'DC_TIMEZONE', 'BASE_TP_090421', 0, 1, 'PUBLICKEY', null );
insert into Measurementcolumn ( MTABLEID, DATANAME, COLNUMBER, DATATYPE, DATASIZE, DATASCALE, UNIQUEVALUE, NULLABLE, INDEXES, DESCRIPTION, DATAID, RELEASEID, UNIQUEKEY, INCLUDESQL, COLTYPE, FOLLOWJOHN ) values ( 'DC_E_TEST:((202)):DC_E_TEST_ETHERNETLINK:COUNT', 'DC_SUSPECTFLAG', 27, 'int', 0, 0, 2, 1, 'LF', '', 'DC_SUSPECTFLAG', 'BASE_TP_090421', 0, 1, 'PUBLICKEY', null );
insert into Measurementcolumn ( MTABLEID, DATANAME, COLNUMBER, DATATYPE, DATASIZE, DATASCALE, UNIQUEVALUE, NULLABLE, INDEXES, DESCRIPTION, DATAID, RELEASEID, UNIQUEKEY, INCLUDESQL, COLTYPE, FOLLOWJOHN ) values ( 'DC_E_TEST:((202)):DC_E_TEST_ETHERNETLINK:COUNT', 'UTC_DATETIME_ID', 28, 'datetime', 0, 0, 255, 1, 'HG', '', 'UTC_DATETIME_ID', 'BASE_TP_090421', 1, 1, 'PUBLICKEY', null );
insert into Measurementcolumn ( MTABLEID, DATANAME, COLNUMBER, DATATYPE, DATASIZE, DATASCALE, UNIQUEVALUE, NULLABLE, INDEXES, DESCRIPTION, DATAID, RELEASEID, UNIQUEKEY, INCLUDESQL, COLTYPE, FOLLOWJOHN ) values ( 'DC_E_TEST:((202)):DC_E_TEST_ETHERNETLINK:COUNT', 'pmNoOfIfInUcastPkts', 29, 'numeric', 18, 0, 255, 1, '', 'pmNoOfIfInUcastPkts: The number of input unicast packets delivered to higher layer. Condition: A unicast IP packet is received. Counter is reset after measurement period: No Counter type: PEG Unit: Number of IP packets', 'pmNoOfIfInUcastPkts', 'DC_E_TEST:((101))', 0, 1, 'COUNTER', null );
insert into Measurementcolumn ( MTABLEID, DATANAME, COLNUMBER, DATATYPE, DATASIZE, DATASCALE, UNIQUEVALUE, NULLABLE, INDEXES, DESCRIPTION, DATAID, RELEASEID, UNIQUEKEY, INCLUDESQL, COLTYPE, FOLLOWJOHN ) values ( 'DC_E_TEST:((202)):DC_E_TEST_ETHERNETLINK:COUNT', 'pmNoOfIfInNUcastPkts', 30, 'numeric', 18, 0, 255, 1, '', 'pmNoOfIfInNUcastPkts: The number of input broadcast or multicast packets delivered to higher layer. Condition: A broadcast or multicast IP packet is received. Counter is reset after measurement period: No Counter type: PEG Unit: Number of IP packets', 'pmNoOfIfInNUcastPkts', 'DC_E_TEST:((101))', 0, 1, 'COUNTER', null );
insert into Measurementcolumn ( MTABLEID, DATANAME, COLNUMBER, DATATYPE, DATASIZE, DATASCALE, UNIQUEVALUE, NULLABLE, INDEXES, DESCRIPTION, DATAID, RELEASEID, UNIQUEKEY, INCLUDESQL, COLTYPE, FOLLOWJOHN ) values ( 'DC_E_TEST:((202)):DC_E_TEST_ETHERNETLINK:COUNT', 'pmNoOfIfOutUcastPkts', 31, 'numeric', 18, 0, 255, 1, '', 'pmNoOfIfOutUcastPkts: The number of packets that higher-level protocols requested to be transmitted to a subnetwork-unicast address. Condition: A unicast IP packet is sent. Counter is reset after measurement period: No Counter type: PEG Unit: Number of IP packets', 'pmNoOfIfOutUcastPkts', 'DC_E_TEST:((101))', 0, 1, 'COUNTER', null );
insert into Measurementcolumn ( MTABLEID, DATANAME, COLNUMBER, DATATYPE, DATASIZE, DATASCALE, UNIQUEVALUE, NULLABLE, INDEXES, DESCRIPTION, DATAID, RELEASEID, UNIQUEKEY, INCLUDESQL, COLTYPE, FOLLOWJOHN ) values ( 'DC_E_TEST:((202)):DC_E_TEST_ETHERNETLINK:COUNT', 'pmNoOfIfInErrors', 32, 'numeric', 18, 0, 255, 1, '', 'pmNoOfIfInErrors: The number of input packets discarded due to any error. Condition: An erroneous IP packet is received Counter is reset after measurement period: No Counter type: PEG Unit: Number of IP packets', 'pmNoOfIfInErrors', 'DC_E_TEST:((101))', 0, 1, 'COUNTER', null );
insert into Measurementcolumn ( MTABLEID, DATANAME, COLNUMBER, DATATYPE, DATASIZE, DATASCALE, UNIQUEVALUE, NULLABLE, INDEXES, DESCRIPTION, DATAID, RELEASEID, UNIQUEKEY, INCLUDESQL, COLTYPE, FOLLOWJOHN ) values ( 'DC_E_TEST:((202)):DC_E_TEST_ETHERNETLINK:COUNT', 'pmNoOfIfInDiscards', 33, 'numeric', 18, 0, 255, 1, '', 'pmNoOfIfInDiscards: The number of input packets discarded due to resource limitations. Condition: A lot of packets received at high rate. Counter is reset after measurement period: No Counter type: PEG Unit: Number of IP packets', 'pmNoOfIfInDiscards', 'DC_E_TEST:((101))', 0, 1, 'COUNTER', null );
insert into Measurementcolumn ( MTABLEID, DATANAME, COLNUMBER, DATATYPE, DATASIZE, DATASCALE, UNIQUEVALUE, NULLABLE, INDEXES, DESCRIPTION, DATAID, RELEASEID, UNIQUEKEY, INCLUDESQL, COLTYPE, FOLLOWJOHN ) values ( 'DC_E_TEST:((202)):DC_E_TEST_ETHERNETLINK:COUNT', 'pmNoOfIfOutNUcastPkts', 34, 'numeric', 18, 0, 255, 1, '', 'pmNoOfIfOutNUcastPkts: The number of transmitted outgoing broadcast or multicast packets. Condition: A broadcast or multicast IP packet is sent. Counter is reset after measurement period: No Counter type: PEG Unit: Number of IP packets', 'pmNoOfIfOutNUcastPkts', 'DC_E_TEST:((101))', 0, 1, 'COUNTER', null );
insert into Measurementcolumn ( MTABLEID, DATANAME, COLNUMBER, DATATYPE, DATASIZE, DATASCALE, UNIQUEVALUE, NULLABLE, INDEXES, DESCRIPTION, DATAID, RELEASEID, UNIQUEKEY, INCLUDESQL, COLTYPE, FOLLOWJOHN ) values ( 'DC_E_TEST:((202)):DC_E_TEST_ETHERNETLINK:COUNT', 'pmNoOfIfOutDiscards', 35, 'numeric', 18, 0, 255, 1, '', 'pmNoOfIfOutDiscards: The number of outbound packets discarded due to resource limitations. Condition: A lot of packets sent at high rate. Counter is reset after measurement period: No Counter type: PEG Unit: Number of IP packets', 'pmNoOfIfOutDiscards', 'DC_E_TEST:((101))', 0, 1, 'COUNTER', null );
insert into Measurementtable ( MTABLEID, TABLELEVEL, TYPEID, BASETABLENAME, DEFAULT_TEMPLATE, PARTITIONPLAN ) values ( 'DC_E_TEST:((202)):DC_E_TEST_ETHERNETLINK:RAW', 'RAW', 'DC_E_TEST:((202)):DC_E_TEST_ETHERNETLINK', 'DC_E_TEST_ETHERNETLINK_RAW', null, 'extrasmall_raw' );
insert into Measurementcolumn ( MTABLEID, DATANAME, COLNUMBER, DATATYPE, DATASIZE, DATASCALE, UNIQUEVALUE, NULLABLE, INDEXES, DESCRIPTION, DATAID, RELEASEID, UNIQUEKEY, INCLUDESQL, COLTYPE, FOLLOWJOHN ) values ( 'DC_E_TEST:((202)):DC_E_TEST_ETHERNETLINK:RAW', 'OSS_ID', 1, 'varchar', 50, 0, 255, 0, 'HG', 'OSS Id', 'OSS_ID', 'DC_E_TEST:((101))', 1, 1, 'KEY', null );
insert into Measurementcolumn ( MTABLEID, DATANAME, COLNUMBER, DATATYPE, DATASIZE, DATASCALE, UNIQUEVALUE, NULLABLE, INDEXES, DESCRIPTION, DATAID, RELEASEID, UNIQUEKEY, INCLUDESQL, COLTYPE, FOLLOWJOHN ) values ( 'DC_E_TEST:((202)):DC_E_TEST_ETHERNETLINK:RAW', 'SN', 2, 'varchar', 255, 0, 255, 1, '', 'Sendername', 'SN', 'DC_E_TEST:((101))', 0, 1, 'KEY', null );
insert into Measurementcolumn ( MTABLEID, DATANAME, COLNUMBER, DATATYPE, DATASIZE, DATASCALE, UNIQUEVALUE, NULLABLE, INDEXES, DESCRIPTION, DATAID, RELEASEID, UNIQUEKEY, INCLUDESQL, COLTYPE, FOLLOWJOHN ) values ( 'DC_E_TEST:((202)):DC_E_TEST_ETHERNETLINK:RAW', 'NEUN', 3, 'varchar', 64, 0, 255, 1, '', 'Network element user name', 'neun', 'DC_E_TEST:((101))', 0, 1, 'KEY', null );
insert into Measurementcolumn ( MTABLEID, DATANAME, COLNUMBER, DATATYPE, DATASIZE, DATASCALE, UNIQUEVALUE, NULLABLE, INDEXES, DESCRIPTION, DATAID, RELEASEID, UNIQUEKEY, INCLUDESQL, COLTYPE, FOLLOWJOHN ) values ( 'DC_E_TEST:((202)):DC_E_TEST_ETHERNETLINK:RAW', 'NEDN', 4, 'varchar', 255, 0, 255, 1, '', 'Network element distinguished name', 'nedn', 'DC_E_TEST:((101))', 0, 1, 'KEY', null );
insert into Measurementcolumn ( MTABLEID, DATANAME, COLNUMBER, DATATYPE, DATASIZE, DATASCALE, UNIQUEVALUE, NULLABLE, INDEXES, DESCRIPTION, DATAID, RELEASEID, UNIQUEKEY, INCLUDESQL, COLTYPE, FOLLOWJOHN ) values ( 'DC_E_TEST:((202)):DC_E_TEST_ETHERNETLINK:RAW', 'NESW', 5, 'varchar', 35, 0, 255, 1, '', 'Network element software version', 'nesw', 'DC_E_TEST:((101))', 0, 1, 'KEY', null );
insert into Measurementcolumn ( MTABLEID, DATANAME, COLNUMBER, DATATYPE, DATASIZE, DATASCALE, UNIQUEVALUE, NULLABLE, INDEXES, DESCRIPTION, DATAID, RELEASEID, UNIQUEKEY, INCLUDESQL, COLTYPE, FOLLOWJOHN ) values ( 'DC_E_TEST:((202)):DC_E_TEST_ETHERNETLINK:RAW', 'TEST', 6, 'varchar', 64, 0, 255, 0, 'HG', 'Object parent ID', 'NEName', 'DC_E_TEST:((101))', 1, 1, 'KEY', null );
insert into Measurementcolumn ( MTABLEID, DATANAME, COLNUMBER, DATATYPE, DATASIZE, DATASCALE, UNIQUEVALUE, NULLABLE, INDEXES, DESCRIPTION, DATAID, RELEASEID, UNIQUEKEY, INCLUDESQL, COLTYPE, FOLLOWJOHN ) values ( 'DC_E_TEST:((202)):DC_E_TEST_ETHERNETLINK:RAW', 'MOID', 7, 'varchar', 255, 0, 255, 0, 'HG', 'Measured Object Id', 'MOID', 'DC_E_TEST:((101))', 1, 1, 'KEY', null );
insert into Measurementcolumn ( MTABLEID, DATANAME, COLNUMBER, DATATYPE, DATASIZE, DATASCALE, UNIQUEVALUE, NULLABLE, INDEXES, DESCRIPTION, DATAID, RELEASEID, UNIQUEKEY, INCLUDESQL, COLTYPE, FOLLOWJOHN ) values ( 'DC_E_TEST:((202)):DC_E_TEST_ETHERNETLINK:RAW', 'IpSystem', 8, 'varchar', 35, 0, 255, 1, 'HG', 'The IP System MO constitutes the top structure level for IP related MOs in a Cello node.', 'MOID.IpSystem', 'DC_E_TEST:((101))', 0, 1, 'KEY', null );
insert into Measurementcolumn ( MTABLEID, DATANAME, COLNUMBER, DATATYPE, DATASIZE, DATASCALE, UNIQUEVALUE, NULLABLE, INDEXES, DESCRIPTION, DATAID, RELEASEID, UNIQUEKEY, INCLUDESQL, COLTYPE, FOLLOWJOHN ) values ( 'DC_E_TEST:((202)):DC_E_TEST_ETHERNETLINK:RAW', 'Ip', 9, 'varchar', 35, 0, 255, 1, 'HG', 'Internet Protocol id', 'MOID.Ip', 'DC_E_TEST:((101))', 0, 1, 'KEY', null );
insert into Measurementcolumn ( MTABLEID, DATANAME, COLNUMBER, DATATYPE, DATASIZE, DATASCALE, UNIQUEVALUE, NULLABLE, INDEXES, DESCRIPTION, DATAID, RELEASEID, UNIQUEKEY, INCLUDESQL, COLTYPE, FOLLOWJOHN ) values ( 'DC_E_TEST:((202)):DC_E_TEST_ETHERNETLINK:RAW', 'EthernetLink', 10, 'varchar', 35, 0, 255, 1, 'HG', 'Ethernet link id', 'MOID.EthernetLink', 'DC_E_TEST:((101))', 0, 1, 'KEY', null );
insert into Measurementcolumn ( MTABLEID, DATANAME, COLNUMBER, DATATYPE, DATASIZE, DATASCALE, UNIQUEVALUE, NULLABLE, INDEXES, DESCRIPTION, DATAID, RELEASEID, UNIQUEKEY, INCLUDESQL, COLTYPE, FOLLOWJOHN ) values ( 'DC_E_TEST:((202)):DC_E_TEST_ETHERNETLINK:RAW', 'userLabel', 11, 'varchar', 128, 0, 255, 1, 'HG', 'Label for free use', 'userLabel', 'DC_E_TEST:((101))', 0, 1, 'KEY', null );
insert into Measurementcolumn ( MTABLEID, DATANAME, COLNUMBER, DATATYPE, DATASIZE, DATASCALE, UNIQUEVALUE, NULLABLE, INDEXES, DESCRIPTION, DATAID, RELEASEID, UNIQUEKEY, INCLUDESQL, COLTYPE, FOLLOWJOHN ) values ( 'DC_E_TEST:((202)):DC_E_TEST_ETHERNETLINK:RAW', 'DATE_ID', 12, 'date', 0, 0, 255, 1, 'LF', '', 'DATE_ID', 'BASE_TP_090421', 0, 0, 'PUBLICKEY', null );
insert into Measurementcolumn ( MTABLEID, DATANAME, COLNUMBER, DATATYPE, DATASIZE, DATASCALE, UNIQUEVALUE, NULLABLE, INDEXES, DESCRIPTION, DATAID, RELEASEID, UNIQUEKEY, INCLUDESQL, COLTYPE, FOLLOWJOHN ) values ( 'DC_E_TEST:((202)):DC_E_TEST_ETHERNETLINK:RAW', 'YEAR_ID', 13, 'smallint', 0, 0, 20, 1, 'LF', '', 'YEAR_ID', 'BASE_TP_090421', 0, 0, 'PUBLICKEY', null );
insert into Measurementcolumn ( MTABLEID, DATANAME, COLNUMBER, DATATYPE, DATASIZE, DATASCALE, UNIQUEVALUE, NULLABLE, INDEXES, DESCRIPTION, DATAID, RELEASEID, UNIQUEKEY, INCLUDESQL, COLTYPE, FOLLOWJOHN ) values ( 'DC_E_TEST:((202)):DC_E_TEST_ETHERNETLINK:RAW', 'MONTH_ID', 14, 'tinyint', 0, 0, 12, 1, 'LF', '', 'MONTH_ID', 'BASE_TP_090421', 0, 0, 'PUBLICKEY', null );
insert into Measurementcolumn ( MTABLEID, DATANAME, COLNUMBER, DATATYPE, DATASIZE, DATASCALE, UNIQUEVALUE, NULLABLE, INDEXES, DESCRIPTION, DATAID, RELEASEID, UNIQUEKEY, INCLUDESQL, COLTYPE, FOLLOWJOHN ) values ( 'DC_E_TEST:((202)):DC_E_TEST_ETHERNETLINK:RAW', 'DAY_ID', 15, 'tinyint', 0, 0, 31, 1, 'LF', '', 'DAY_ID', 'BASE_TP_090421', 0, 0, 'PUBLICKEY', null );
insert into Measurementcolumn ( MTABLEID, DATANAME, COLNUMBER, DATATYPE, DATASIZE, DATASCALE, UNIQUEVALUE, NULLABLE, INDEXES, DESCRIPTION, DATAID, RELEASEID, UNIQUEKEY, INCLUDESQL, COLTYPE, FOLLOWJOHN ) values ( 'DC_E_TEST:((202)):DC_E_TEST_ETHERNETLINK:RAW', 'HOUR_ID', 16, 'tinyint', 0, 0, 24, 1, 'LF', '', 'HOUR_ID', 'BASE_TP_090421', 0, 0, 'PUBLICKEY', null );
insert into Measurementcolumn ( MTABLEID, DATANAME, COLNUMBER, DATATYPE, DATASIZE, DATASCALE, UNIQUEVALUE, NULLABLE, INDEXES, DESCRIPTION, DATAID, RELEASEID, UNIQUEKEY, INCLUDESQL, COLTYPE, FOLLOWJOHN ) values ( 'DC_E_TEST:((202)):DC_E_TEST_ETHERNETLINK:RAW', 'DATETIME_ID', 17, 'datetime', 0, 0, 255, 1, 'HG', '', 'DATETIME_ID', 'BASE_TP_090421', 1, 1, 'PUBLICKEY', null );
insert into Measurementcolumn ( MTABLEID, DATANAME, COLNUMBER, DATATYPE, DATASIZE, DATASCALE, UNIQUEVALUE, NULLABLE, INDEXES, DESCRIPTION, DATAID, RELEASEID, UNIQUEKEY, INCLUDESQL, COLTYPE, FOLLOWJOHN ) values ( 'DC_E_TEST:((202)):DC_E_TEST_ETHERNETLINK:RAW', 'MIN_ID', 18, 'tinyint', 0, 0, 60, 1, 'LF', '', 'MIN_ID', 'BASE_TP_090421', 0, 0, 'PUBLICKEY', null );
insert into Measurementcolumn ( MTABLEID, DATANAME, COLNUMBER, DATATYPE, DATASIZE, DATASCALE, UNIQUEVALUE, NULLABLE, INDEXES, DESCRIPTION, DATAID, RELEASEID, UNIQUEKEY, INCLUDESQL, COLTYPE, FOLLOWJOHN ) values ( 'DC_E_TEST:((202)):DC_E_TEST_ETHERNETLINK:RAW', 'TIMELEVEL', 19, 'varchar', 10, 0, 10, 1, 'LF', '', 'TIMELEVEL', 'BASE_TP_090421', 0, 0, 'PUBLICKEY', null );
insert into Measurementcolumn ( MTABLEID, DATANAME, COLNUMBER, DATATYPE, DATASIZE, DATASCALE, UNIQUEVALUE, NULLABLE, INDEXES, DESCRIPTION, DATAID, RELEASEID, UNIQUEKEY, INCLUDESQL, COLTYPE, FOLLOWJOHN ) values ( 'DC_E_TEST:((202)):DC_E_TEST_ETHERNETLINK:RAW', 'SESSION_ID', 20, 'unsigned int', 0, 0, 255, 1, '', '', 'SESSION_ID', 'BASE_TP_090421', 0, 0, 'PUBLICKEY', null );
insert into Measurementcolumn ( MTABLEID, DATANAME, COLNUMBER, DATATYPE, DATASIZE, DATASCALE, UNIQUEVALUE, NULLABLE, INDEXES, DESCRIPTION, DATAID, RELEASEID, UNIQUEKEY, INCLUDESQL, COLTYPE, FOLLOWJOHN ) values ( 'DC_E_TEST:((202)):DC_E_TEST_ETHERNETLINK:RAW', 'BATCH_ID', 21, 'smallint', 0, 0, 255, 1, '', '', 'BATCH_ID', 'BASE_TP_090421', 0, 0, 'PUBLICKEY', null );
insert into Measurementcolumn ( MTABLEID, DATANAME, COLNUMBER, DATATYPE, DATASIZE, DATASCALE, UNIQUEVALUE, NULLABLE, INDEXES, DESCRIPTION, DATAID, RELEASEID, UNIQUEKEY, INCLUDESQL, COLTYPE, FOLLOWJOHN ) values ( 'DC_E_TEST:((202)):DC_E_TEST_ETHERNETLINK:RAW', 'PERIOD_DURATION', 22, 'unsigned int', 0, 0, 10, 1, '', '', 'PERIOD_DURATION', 'BASE_TP_090421', 0, 1, 'PUBLICKEY', null );
insert into Measurementcolumn ( MTABLEID, DATANAME, COLNUMBER, DATATYPE, DATASIZE, DATASCALE, UNIQUEVALUE, NULLABLE, INDEXES, DESCRIPTION, DATAID, RELEASEID, UNIQUEKEY, INCLUDESQL, COLTYPE, FOLLOWJOHN ) values ( 'DC_E_TEST:((202)):DC_E_TEST_ETHERNETLINK:RAW', 'ROWSTATUS', 23, 'varchar', 16, 0, 10, 1, '', '', 'ROWSTATUS', 'BASE_TP_090421', 0, 1, 'PUBLICKEY', null );
insert into Measurementcolumn ( MTABLEID, DATANAME, COLNUMBER, DATATYPE, DATASIZE, DATASCALE, UNIQUEVALUE, NULLABLE, INDEXES, DESCRIPTION, DATAID, RELEASEID, UNIQUEKEY, INCLUDESQL, COLTYPE, FOLLOWJOHN ) values ( 'DC_E_TEST:((202)):DC_E_TEST_ETHERNETLINK:RAW', 'DC_RELEASE', 24, 'varchar', 16, 0, 2, 1, 'LF', '', 'DC_RELEASE', 'BASE_TP_090421', 0, 1, 'PUBLICKEY', null );
insert into Measurementcolumn ( MTABLEID, DATANAME, COLNUMBER, DATATYPE, DATASIZE, DATASCALE, UNIQUEVALUE, NULLABLE, INDEXES, DESCRIPTION, DATAID, RELEASEID, UNIQUEKEY, INCLUDESQL, COLTYPE, FOLLOWJOHN ) values ( 'DC_E_TEST:((202)):DC_E_TEST_ETHERNETLINK:RAW', 'DC_SOURCE', 25, 'varchar', 16, 0, 2, 1, 'LF', '', 'DC_SOURCE', 'BASE_TP_090421', 0, 1, 'PUBLICKEY', null );
insert into Measurementcolumn ( MTABLEID, DATANAME, COLNUMBER, DATATYPE, DATASIZE, DATASCALE, UNIQUEVALUE, NULLABLE, INDEXES, DESCRIPTION, DATAID, RELEASEID, UNIQUEKEY, INCLUDESQL, COLTYPE, FOLLOWJOHN ) values ( 'DC_E_TEST:((202)):DC_E_TEST_ETHERNETLINK:RAW', 'DC_TIMEZONE', 26, 'varchar', 16, 0, 2, 1, 'LF', '', 'DC_TIMEZONE', 'BASE_TP_090421', 0, 1, 'PUBLICKEY', null );
insert into Measurementcolumn ( MTABLEID, DATANAME, COLNUMBER, DATATYPE, DATASIZE, DATASCALE, UNIQUEVALUE, NULLABLE, INDEXES, DESCRIPTION, DATAID, RELEASEID, UNIQUEKEY, INCLUDESQL, COLTYPE, FOLLOWJOHN ) values ( 'DC_E_TEST:((202)):DC_E_TEST_ETHERNETLINK:RAW', 'DC_SUSPECTFLAG', 27, 'int', 0, 0, 2, 1, 'LF', '', 'DC_SUSPECTFLAG', 'BASE_TP_090421', 0, 1, 'PUBLICKEY', null );
insert into Measurementcolumn ( MTABLEID, DATANAME, COLNUMBER, DATATYPE, DATASIZE, DATASCALE, UNIQUEVALUE, NULLABLE, INDEXES, DESCRIPTION, DATAID, RELEASEID, UNIQUEKEY, INCLUDESQL, COLTYPE, FOLLOWJOHN ) values ( 'DC_E_TEST:((202)):DC_E_TEST_ETHERNETLINK:RAW', 'UTC_DATETIME_ID', 28, 'datetime', 0, 0, 255, 1, 'HG', '', 'UTC_DATETIME_ID', 'BASE_TP_090421', 1, 1, 'PUBLICKEY', null );
insert into Measurementcolumn ( MTABLEID, DATANAME, COLNUMBER, DATATYPE, DATASIZE, DATASCALE, UNIQUEVALUE, NULLABLE, INDEXES, DESCRIPTION, DATAID, RELEASEID, UNIQUEKEY, INCLUDESQL, COLTYPE, FOLLOWJOHN ) values ( 'DC_E_TEST:((202)):DC_E_TEST_ETHERNETLINK:RAW', 'pmNoOfIfInUcastPkts', 29, 'numeric', 18, 0, 255, 1, '', 'pmNoOfIfInUcastPkts: The number of input unicast packets delivered to higher layer. Condition: A unicast IP packet is received. Counter is reset after measurement period: No Counter type: PEG Unit: Number of IP packets', 'pmNoOfIfInUcastPkts', 'DC_E_TEST:((101))', 0, 1, 'COUNTER', null );
insert into Measurementcolumn ( MTABLEID, DATANAME, COLNUMBER, DATATYPE, DATASIZE, DATASCALE, UNIQUEVALUE, NULLABLE, INDEXES, DESCRIPTION, DATAID, RELEASEID, UNIQUEKEY, INCLUDESQL, COLTYPE, FOLLOWJOHN ) values ( 'DC_E_TEST:((202)):DC_E_TEST_ETHERNETLINK:RAW', 'pmNoOfIfInNUcastPkts', 30, 'numeric', 18, 0, 255, 1, '', 'pmNoOfIfInNUcastPkts: The number of input broadcast or multicast packets delivered to higher layer. Condition: A broadcast or multicast IP packet is received. Counter is reset after measurement period: No Counter type: PEG Unit: Number of IP packets', 'pmNoOfIfInNUcastPkts', 'DC_E_TEST:((101))', 0, 1, 'COUNTER', null );
insert into Measurementcolumn ( MTABLEID, DATANAME, COLNUMBER, DATATYPE, DATASIZE, DATASCALE, UNIQUEVALUE, NULLABLE, INDEXES, DESCRIPTION, DATAID, RELEASEID, UNIQUEKEY, INCLUDESQL, COLTYPE, FOLLOWJOHN ) values ( 'DC_E_TEST:((202)):DC_E_TEST_ETHERNETLINK:RAW', 'pmNoOfIfOutUcastPkts', 31, 'numeric', 18, 0, 255, 1, '', 'pmNoOfIfOutUcastPkts: The number of packets that higher-level protocols requested to be transmitted to a subnetwork-unicast address. Condition: A unicast IP packet is sent. Counter is reset after measurement period: No Counter type: PEG Unit: Number of IP packets', 'pmNoOfIfOutUcastPkts', 'DC_E_TEST:((101))', 0, 1, 'COUNTER', null );
insert into Measurementcolumn ( MTABLEID, DATANAME, COLNUMBER, DATATYPE, DATASIZE, DATASCALE, UNIQUEVALUE, NULLABLE, INDEXES, DESCRIPTION, DATAID, RELEASEID, UNIQUEKEY, INCLUDESQL, COLTYPE, FOLLOWJOHN ) values ( 'DC_E_TEST:((202)):DC_E_TEST_ETHERNETLINK:RAW', 'pmNoOfIfInErrors', 32, 'numeric', 18, 0, 255, 1, '', 'pmNoOfIfInErrors: The number of input packets discarded due to any error. Condition: An erroneous IP packet is received Counter is reset after measurement period: No Counter type: PEG Unit: Number of IP packets', 'pmNoOfIfInErrors', 'DC_E_TEST:((101))', 0, 1, 'COUNTER', null );
insert into Measurementcolumn ( MTABLEID, DATANAME, COLNUMBER, DATATYPE, DATASIZE, DATASCALE, UNIQUEVALUE, NULLABLE, INDEXES, DESCRIPTION, DATAID, RELEASEID, UNIQUEKEY, INCLUDESQL, COLTYPE, FOLLOWJOHN ) values ( 'DC_E_TEST:((202)):DC_E_TEST_ETHERNETLINK:RAW', 'pmNoOfIfInDiscards', 33, 'numeric', 18, 0, 255, 1, '', 'pmNoOfIfInDiscards: The number of input packets discarded due to resource limitations. Condition: A lot of packets received at high rate. Counter is reset after measurement period: No Counter type: PEG Unit: Number of IP packets', 'pmNoOfIfInDiscards', 'DC_E_TEST:((101))', 0, 1, 'COUNTER', null );
insert into Measurementcolumn ( MTABLEID, DATANAME, COLNUMBER, DATATYPE, DATASIZE, DATASCALE, UNIQUEVALUE, NULLABLE, INDEXES, DESCRIPTION, DATAID, RELEASEID, UNIQUEKEY, INCLUDESQL, COLTYPE, FOLLOWJOHN ) values ( 'DC_E_TEST:((202)):DC_E_TEST_ETHERNETLINK:RAW', 'pmNoOfIfOutNUcastPkts', 34, 'numeric', 18, 0, 255, 1, '', 'pmNoOfIfOutNUcastPkts: The number of transmitted outgoing broadcast or multicast packets. Condition: A broadcast or multicast IP packet is sent. Counter is reset after measurement period: No Counter type: PEG Unit: Number of IP packets', 'pmNoOfIfOutNUcastPkts', 'DC_E_TEST:((101))', 0, 1, 'COUNTER', null );
insert into Measurementcolumn ( MTABLEID, DATANAME, COLNUMBER, DATATYPE, DATASIZE, DATASCALE, UNIQUEVALUE, NULLABLE, INDEXES, DESCRIPTION, DATAID, RELEASEID, UNIQUEKEY, INCLUDESQL, COLTYPE, FOLLOWJOHN ) values ( 'DC_E_TEST:((202)):DC_E_TEST_ETHERNETLINK:RAW', 'pmNoOfIfOutDiscards', 35, 'numeric', 18, 0, 255, 1, '', 'pmNoOfIfOutDiscards: The number of outbound packets discarded due to resource limitations. Condition: A lot of packets sent at high rate. Counter is reset after measurement period: No Counter type: PEG Unit: Number of IP packets', 'pmNoOfIfOutDiscards', 'DC_E_TEST:((101))', 0, 1, 'COUNTER', null );
insert into Measurementtable ( MTABLEID, TABLELEVEL, TYPEID, BASETABLENAME, DEFAULT_TEMPLATE, PARTITIONPLAN ) values ( 'DC_E_TEST:((202)):DC_E_TEST_ETHERNETLINK:DAY', 'DAY', 'DC_E_TEST:((202)):DC_E_TEST_ETHERNETLINK', 'DC_E_TEST_ETHERNETLINK_DAY', null, 'extrasmall_day' );
insert into Measurementcolumn ( MTABLEID, DATANAME, COLNUMBER, DATATYPE, DATASIZE, DATASCALE, UNIQUEVALUE, NULLABLE, INDEXES, DESCRIPTION, DATAID, RELEASEID, UNIQUEKEY, INCLUDESQL, COLTYPE, FOLLOWJOHN ) values ( 'DC_E_TEST:((202)):DC_E_TEST_ETHERNETLINK:DAY', 'DAY_ID', 15, 'tinyint', 0, 0, 31, 1, 'LF', '', 'DAY_ID', 'BASE_TP_090421', 0, 0, 'PUBLICKEY', null );
insert into Measurementcolumn ( MTABLEID, DATANAME, COLNUMBER, DATATYPE, DATASIZE, DATASCALE, UNIQUEVALUE, NULLABLE, INDEXES, DESCRIPTION, DATAID, RELEASEID, UNIQUEKEY, INCLUDESQL, COLTYPE, FOLLOWJOHN ) values ( 'DC_E_TEST:((202)):DC_E_TEST_ETHERNETLINK:DAY', 'WEEK_ID', 16, 'tinyint', 0, 0, 53, 1, 'LF', '', 'WEEK_ID', 'BASE_TP_090421', 0, 0, 'PUBLICKEY', null );
insert into Measurementcolumn ( MTABLEID, DATANAME, COLNUMBER, DATATYPE, DATASIZE, DATASCALE, UNIQUEVALUE, NULLABLE, INDEXES, DESCRIPTION, DATAID, RELEASEID, UNIQUEKEY, INCLUDESQL, COLTYPE, FOLLOWJOHN ) values ( 'DC_E_TEST:((202)):DC_E_TEST_ETHERNETLINK:DAY', 'DATACOVERAGE', 17, 'unsigned int', 0, 0, 255, 1, '', '', 'DATACOVERAGE', 'BASE_TP_090421', 0, 1, 'PUBLICKEY', null );
insert into Measurementcolumn ( MTABLEID, DATANAME, COLNUMBER, DATATYPE, DATASIZE, DATASCALE, UNIQUEVALUE, NULLABLE, INDEXES, DESCRIPTION, DATAID, RELEASEID, UNIQUEKEY, INCLUDESQL, COLTYPE, FOLLOWJOHN ) values ( 'DC_E_TEST:((202)):DC_E_TEST_ETHERNETLINK:DAY', 'AGG_COUNT', 18, 'smallint', 0, 0, 255, 1, '', '', 'AGG_COUNT', 'BASE_TP_090421', 0, 0, 'PUBLICKEY', null );
insert into Measurementcolumn ( MTABLEID, DATANAME, COLNUMBER, DATATYPE, DATASIZE, DATASCALE, UNIQUEVALUE, NULLABLE, INDEXES, DESCRIPTION, DATAID, RELEASEID, UNIQUEKEY, INCLUDESQL, COLTYPE, FOLLOWJOHN ) values ( 'DC_E_TEST:((202)):DC_E_TEST_ETHERNETLINK:DAY', 'TIMELEVEL', 19, 'varchar', 10, 0, 10, 1, 'LF', '', 'TIMELEVEL', 'BASE_TP_090421', 0, 0, 'PUBLICKEY', null );
insert into Measurementcolumn ( MTABLEID, DATANAME, COLNUMBER, DATATYPE, DATASIZE, DATASCALE, UNIQUEVALUE, NULLABLE, INDEXES, DESCRIPTION, DATAID, RELEASEID, UNIQUEKEY, INCLUDESQL, COLTYPE, FOLLOWJOHN ) values ( 'DC_E_TEST:((202)):DC_E_TEST_ETHERNETLINK:DAY', 'SESSION_ID', 20, 'unsigned int', 0, 0, 255, 1, '', '', 'SESSION_ID', 'BASE_TP_090421', 0, 0, 'PUBLICKEY', null );
insert into Measurementcolumn ( MTABLEID, DATANAME, COLNUMBER, DATATYPE, DATASIZE, DATASCALE, UNIQUEVALUE, NULLABLE, INDEXES, DESCRIPTION, DATAID, RELEASEID, UNIQUEKEY, INCLUDESQL, COLTYPE, FOLLOWJOHN ) values ( 'DC_E_TEST:((202)):DC_E_TEST_ETHERNETLINK:DAY', 'BATCH_ID', 21, 'smallint', 0, 0, 255, 1, '', '', 'BATCH_ID', 'BASE_TP_090421', 0, 0, 'PUBLICKEY', null );
insert into Measurementcolumn ( MTABLEID, DATANAME, COLNUMBER, DATATYPE, DATASIZE, DATASCALE, UNIQUEVALUE, NULLABLE, INDEXES, DESCRIPTION, DATAID, RELEASEID, UNIQUEKEY, INCLUDESQL, COLTYPE, FOLLOWJOHN ) values ( 'DC_E_TEST:((202)):DC_E_TEST_ETHERNETLINK:DAY', 'PERIOD_DURATION', 22, 'unsigned int', 0, 0, 10, 1, '', '', 'PERIOD_DURATION', 'BASE_TP_090421', 0, 1, 'PUBLICKEY', null );
insert into Measurementcolumn ( MTABLEID, DATANAME, COLNUMBER, DATATYPE, DATASIZE, DATASCALE, UNIQUEVALUE, NULLABLE, INDEXES, DESCRIPTION, DATAID, RELEASEID, UNIQUEKEY, INCLUDESQL, COLTYPE, FOLLOWJOHN ) values ( 'DC_E_TEST:((202)):DC_E_TEST_ETHERNETLINK:DAY', 'ROWSTATUS', 23, 'varchar', 16, 0, 10, 1, '', '', 'ROWSTATUS', 'BASE_TP_090421', 0, 1, 'PUBLICKEY', null );
insert into Measurementcolumn ( MTABLEID, DATANAME, COLNUMBER, DATATYPE, DATASIZE, DATASCALE, UNIQUEVALUE, NULLABLE, INDEXES, DESCRIPTION, DATAID, RELEASEID, UNIQUEKEY, INCLUDESQL, COLTYPE, FOLLOWJOHN ) values ( 'DC_E_TEST:((202)):DC_E_TEST_ETHERNETLINK:DAY', 'DC_RELEASE', 24, 'varchar', 16, 0, 2, 1, 'LF', '', 'DC_RELEASE', 'BASE_TP_090421', 1, 1, 'PUBLICKEY', null );
insert into Measurementcolumn ( MTABLEID, DATANAME, COLNUMBER, DATATYPE, DATASIZE, DATASCALE, UNIQUEVALUE, NULLABLE, INDEXES, DESCRIPTION, DATAID, RELEASEID, UNIQUEKEY, INCLUDESQL, COLTYPE, FOLLOWJOHN ) values ( 'DC_E_TEST:((202)):DC_E_TEST_ETHERNETLINK:DAY', 'DC_SOURCE', 25, 'varchar', 16, 0, 2, 1, 'LF', '', 'DC_SOURCE', 'BASE_TP_090421', 0, 1, 'PUBLICKEY', null );
insert into Measurementcolumn ( MTABLEID, DATANAME, COLNUMBER, DATATYPE, DATASIZE, DATASCALE, UNIQUEVALUE, NULLABLE, INDEXES, DESCRIPTION, DATAID, RELEASEID, UNIQUEKEY, INCLUDESQL, COLTYPE, FOLLOWJOHN ) values ( 'DC_E_TEST:((202)):DC_E_TEST_ETHERNETLINK:DAY', 'DC_TIMEZONE', 26, 'varchar', 16, 0, 2, 1, 'LF', '', 'DC_TIMEZONE', 'BASE_TP_090421', 0, 1, 'PUBLICKEY', null );
insert into Measurementcolumn ( MTABLEID, DATANAME, COLNUMBER, DATATYPE, DATASIZE, DATASCALE, UNIQUEVALUE, NULLABLE, INDEXES, DESCRIPTION, DATAID, RELEASEID, UNIQUEKEY, INCLUDESQL, COLTYPE, FOLLOWJOHN ) values ( 'DC_E_TEST:((202)):DC_E_TEST_ETHERNETLINK:DAY', 'DC_SUSPECTFLAG', 27, 'int', 0, 0, 2, 1, 'LF', '', 'DC_SUSPECTFLAG', 'BASE_TP_090421', 0, 1, 'PUBLICKEY', null );
insert into Measurementcolumn ( MTABLEID, DATANAME, COLNUMBER, DATATYPE, DATASIZE, DATASCALE, UNIQUEVALUE, NULLABLE, INDEXES, DESCRIPTION, DATAID, RELEASEID, UNIQUEKEY, INCLUDESQL, COLTYPE, FOLLOWJOHN ) values ( 'DC_E_TEST:((202)):DC_E_TEST_ETHERNETLINK:DAY', 'pmNoOfIfInUcastPkts', 28, 'numeric', 18, 0, 255, 1, '', 'pmNoOfIfInUcastPkts: The number of input unicast packets delivered to higher layer. Condition: A unicast IP packet is received. Counter is reset after measurement period: No Counter type: PEG Unit: Number of IP packets', 'pmNoOfIfInUcastPkts', 'DC_E_TEST:((101))', 0, 1, 'COUNTER', null );
insert into Measurementcolumn ( MTABLEID, DATANAME, COLNUMBER, DATATYPE, DATASIZE, DATASCALE, UNIQUEVALUE, NULLABLE, INDEXES, DESCRIPTION, DATAID, RELEASEID, UNIQUEKEY, INCLUDESQL, COLTYPE, FOLLOWJOHN ) values ( 'DC_E_TEST:((202)):DC_E_TEST_ETHERNETLINK:DAY', 'pmNoOfIfInNUcastPkts', 29, 'numeric', 18, 0, 255, 1, '', 'pmNoOfIfInNUcastPkts: The number of input broadcast or multicast packets delivered to higher layer. Condition: A broadcast or multicast IP packet is received. Counter is reset after measurement period: No Counter type: PEG Unit: Number of IP packets', 'pmNoOfIfInNUcastPkts', 'DC_E_TEST:((101))', 0, 1, 'COUNTER', null );
insert into Measurementcolumn ( MTABLEID, DATANAME, COLNUMBER, DATATYPE, DATASIZE, DATASCALE, UNIQUEVALUE, NULLABLE, INDEXES, DESCRIPTION, DATAID, RELEASEID, UNIQUEKEY, INCLUDESQL, COLTYPE, FOLLOWJOHN ) values ( 'DC_E_TEST:((202)):DC_E_TEST_ETHERNETLINK:DAY', 'pmNoOfIfOutUcastPkts', 30, 'numeric', 18, 0, 255, 1, '', 'pmNoOfIfOutUcastPkts: The number of packets that higher-level protocols requested to be transmitted to a subnetwork-unicast address. Condition: A unicast IP packet is sent. Counter is reset after measurement period: No Counter type: PEG Unit: Number of IP packets', 'pmNoOfIfOutUcastPkts', 'DC_E_TEST:((101))', 0, 1, 'COUNTER', null );
insert into Measurementcolumn ( MTABLEID, DATANAME, COLNUMBER, DATATYPE, DATASIZE, DATASCALE, UNIQUEVALUE, NULLABLE, INDEXES, DESCRIPTION, DATAID, RELEASEID, UNIQUEKEY, INCLUDESQL, COLTYPE, FOLLOWJOHN ) values ( 'DC_E_TEST:((202)):DC_E_TEST_ETHERNETLINK:DAY', 'pmNoOfIfInErrors', 31, 'numeric', 18, 0, 255, 1, '', 'pmNoOfIfInErrors: The number of input packets discarded due to any error. Condition: An erroneous IP packet is received Counter is reset after measurement period: No Counter type: PEG Unit: Number of IP packets', 'pmNoOfIfInErrors', 'DC_E_TEST:((101))', 0, 1, 'COUNTER', null );
insert into Measurementcolumn ( MTABLEID, DATANAME, COLNUMBER, DATATYPE, DATASIZE, DATASCALE, UNIQUEVALUE, NULLABLE, INDEXES, DESCRIPTION, DATAID, RELEASEID, UNIQUEKEY, INCLUDESQL, COLTYPE, FOLLOWJOHN ) values ( 'DC_E_TEST:((202)):DC_E_TEST_ETHERNETLINK:DAY', 'pmNoOfIfInDiscards', 32, 'numeric', 18, 0, 255, 1, '', 'pmNoOfIfInDiscards: The number of input packets discarded due to resource limitations. Condition: A lot of packets received at high rate. Counter is reset after measurement period: No Counter type: PEG Unit: Number of IP packets', 'pmNoOfIfInDiscards', 'DC_E_TEST:((101))', 0, 1, 'COUNTER', null );
insert into Measurementcolumn ( MTABLEID, DATANAME, COLNUMBER, DATATYPE, DATASIZE, DATASCALE, UNIQUEVALUE, NULLABLE, INDEXES, DESCRIPTION, DATAID, RELEASEID, UNIQUEKEY, INCLUDESQL, COLTYPE, FOLLOWJOHN ) values ( 'DC_E_TEST:((202)):DC_E_TEST_ETHERNETLINK:DAY', 'pmNoOfIfOutNUcastPkts', 33, 'numeric', 18, 0, 255, 1, '', 'pmNoOfIfOutNUcastPkts: The number of transmitted outgoing broadcast or multicast packets. Condition: A broadcast or multicast IP packet is sent. Counter is reset after measurement period: No Counter type: PEG Unit: Number of IP packets', 'pmNoOfIfOutNUcastPkts', 'DC_E_TEST:((101))', 0, 1, 'COUNTER', null );
insert into Measurementcolumn ( MTABLEID, DATANAME, COLNUMBER, DATATYPE, DATASIZE, DATASCALE, UNIQUEVALUE, NULLABLE, INDEXES, DESCRIPTION, DATAID, RELEASEID, UNIQUEKEY, INCLUDESQL, COLTYPE, FOLLOWJOHN ) values ( 'DC_E_TEST:((202)):DC_E_TEST_ETHERNETLINK:DAY', 'pmNoOfIfOutDiscards', 34, 'numeric', 18, 0, 255, 1, '', 'pmNoOfIfOutDiscards: The number of outbound packets discarded due to resource limitations. Condition: A lot of packets sent at high rate. Counter is reset after measurement period: No Counter type: PEG Unit: Number of IP packets', 'pmNoOfIfOutDiscards', 'DC_E_TEST:((101))', 0, 1, 'COUNTER', null );
insert into Measurementcolumn ( MTABLEID, DATANAME, COLNUMBER, DATATYPE, DATASIZE, DATASCALE, UNIQUEVALUE, NULLABLE, INDEXES, DESCRIPTION, DATAID, RELEASEID, UNIQUEKEY, INCLUDESQL, COLTYPE, FOLLOWJOHN ) values ( 'DC_E_TEST:((202)):DC_E_TEST_ETHERNETLINK:DAY', 'OSS_ID', 1, 'varchar', 50, 0, 255, 0, 'HG', 'OSS Id', 'OSS_ID', 'DC_E_TEST:((101))', 1, 1, 'KEY', null );
insert into Measurementcolumn ( MTABLEID, DATANAME, COLNUMBER, DATATYPE, DATASIZE, DATASCALE, UNIQUEVALUE, NULLABLE, INDEXES, DESCRIPTION, DATAID, RELEASEID, UNIQUEKEY, INCLUDESQL, COLTYPE, FOLLOWJOHN ) values ( 'DC_E_TEST:((202)):DC_E_TEST_ETHERNETLINK:DAY', 'SN', 2, 'varchar', 255, 0, 255, 1, '', 'Sendername', 'SN', 'DC_E_TEST:((101))', 0, 1, 'KEY', null );
insert into Measurementcolumn ( MTABLEID, DATANAME, COLNUMBER, DATATYPE, DATASIZE, DATASCALE, UNIQUEVALUE, NULLABLE, INDEXES, DESCRIPTION, DATAID, RELEASEID, UNIQUEKEY, INCLUDESQL, COLTYPE, FOLLOWJOHN ) values ( 'DC_E_TEST:((202)):DC_E_TEST_ETHERNETLINK:DAY', 'NEUN', 3, 'varchar', 64, 0, 255, 1, '', 'Network element user name', 'neun', 'DC_E_TEST:((101))', 0, 1, 'KEY', null );
insert into Measurementcolumn ( MTABLEID, DATANAME, COLNUMBER, DATATYPE, DATASIZE, DATASCALE, UNIQUEVALUE, NULLABLE, INDEXES, DESCRIPTION, DATAID, RELEASEID, UNIQUEKEY, INCLUDESQL, COLTYPE, FOLLOWJOHN ) values ( 'DC_E_TEST:((202)):DC_E_TEST_ETHERNETLINK:DAY', 'NEDN', 4, 'varchar', 255, 0, 255, 1, '', 'Network element distinguished name', 'nedn', 'DC_E_TEST:((101))', 0, 1, 'KEY', null );
insert into Measurementcolumn ( MTABLEID, DATANAME, COLNUMBER, DATATYPE, DATASIZE, DATASCALE, UNIQUEVALUE, NULLABLE, INDEXES, DESCRIPTION, DATAID, RELEASEID, UNIQUEKEY, INCLUDESQL, COLTYPE, FOLLOWJOHN ) values ( 'DC_E_TEST:((202)):DC_E_TEST_ETHERNETLINK:DAY', 'NESW', 5, 'varchar', 35, 0, 255, 1, '', 'Network element software version', 'nesw', 'DC_E_TEST:((101))', 0, 1, 'KEY', null );
insert into Measurementcolumn ( MTABLEID, DATANAME, COLNUMBER, DATATYPE, DATASIZE, DATASCALE, UNIQUEVALUE, NULLABLE, INDEXES, DESCRIPTION, DATAID, RELEASEID, UNIQUEKEY, INCLUDESQL, COLTYPE, FOLLOWJOHN ) values ( 'DC_E_TEST:((202)):DC_E_TEST_ETHERNETLINK:DAY', 'TEST', 6, 'varchar', 64, 0, 255, 0, 'HG', 'Object parent ID', 'NEName', 'DC_E_TEST:((101))', 1, 1, 'KEY', null );
insert into Measurementcolumn ( MTABLEID, DATANAME, COLNUMBER, DATATYPE, DATASIZE, DATASCALE, UNIQUEVALUE, NULLABLE, INDEXES, DESCRIPTION, DATAID, RELEASEID, UNIQUEKEY, INCLUDESQL, COLTYPE, FOLLOWJOHN ) values ( 'DC_E_TEST:((202)):DC_E_TEST_ETHERNETLINK:DAY', 'MOID', 7, 'varchar', 255, 0, 255, 0, 'HG', 'Measured Object Id', 'MOID', 'DC_E_TEST:((101))', 1, 1, 'KEY', null );
insert into Measurementcolumn ( MTABLEID, DATANAME, COLNUMBER, DATATYPE, DATASIZE, DATASCALE, UNIQUEVALUE, NULLABLE, INDEXES, DESCRIPTION, DATAID, RELEASEID, UNIQUEKEY, INCLUDESQL, COLTYPE, FOLLOWJOHN ) values ( 'DC_E_TEST:((202)):DC_E_TEST_ETHERNETLINK:DAY', 'IpSystem', 8, 'varchar', 35, 0, 255, 1, 'HG', 'The IP System MO constitutes the top structure level for IP related MOs in a Cello node.', 'MOID.IpSystem', 'DC_E_TEST:((101))', 0, 1, 'KEY', null );
insert into Measurementcolumn ( MTABLEID, DATANAME, COLNUMBER, DATATYPE, DATASIZE, DATASCALE, UNIQUEVALUE, NULLABLE, INDEXES, DESCRIPTION, DATAID, RELEASEID, UNIQUEKEY, INCLUDESQL, COLTYPE, FOLLOWJOHN ) values ( 'DC_E_TEST:((202)):DC_E_TEST_ETHERNETLINK:DAY', 'Ip', 9, 'varchar', 35, 0, 255, 1, 'HG', 'Internet Protocol id', 'MOID.Ip', 'DC_E_TEST:((101))', 0, 1, 'KEY', null );
insert into Measurementcolumn ( MTABLEID, DATANAME, COLNUMBER, DATATYPE, DATASIZE, DATASCALE, UNIQUEVALUE, NULLABLE, INDEXES, DESCRIPTION, DATAID, RELEASEID, UNIQUEKEY, INCLUDESQL, COLTYPE, FOLLOWJOHN ) values ( 'DC_E_TEST:((202)):DC_E_TEST_ETHERNETLINK:DAY', 'EthernetLink', 10, 'varchar', 35, 0, 255, 1, 'HG', 'Ethernet link id', 'MOID.EthernetLink', 'DC_E_TEST:((101))', 0, 1, 'KEY', null );
insert into Measurementcolumn ( MTABLEID, DATANAME, COLNUMBER, DATATYPE, DATASIZE, DATASCALE, UNIQUEVALUE, NULLABLE, INDEXES, DESCRIPTION, DATAID, RELEASEID, UNIQUEKEY, INCLUDESQL, COLTYPE, FOLLOWJOHN ) values ( 'DC_E_TEST:((202)):DC_E_TEST_ETHERNETLINK:DAY', 'userLabel', 11, 'varchar', 128, 0, 255, 1, 'HG', 'Label for free use', 'userLabel', 'DC_E_TEST:((101))', 0, 1, 'KEY', null );
insert into Measurementcolumn ( MTABLEID, DATANAME, COLNUMBER, DATATYPE, DATASIZE, DATASCALE, UNIQUEVALUE, NULLABLE, INDEXES, DESCRIPTION, DATAID, RELEASEID, UNIQUEKEY, INCLUDESQL, COLTYPE, FOLLOWJOHN ) values ( 'DC_E_TEST:((202)):DC_E_TEST_ETHERNETLINK:DAY', 'DATE_ID', 12, 'date', 0, 0, 255, 1, 'LF', '', 'DATE_ID', 'BASE_TP_090421', 1, 1, 'PUBLICKEY', null );
insert into Measurementcolumn ( MTABLEID, DATANAME, COLNUMBER, DATATYPE, DATASIZE, DATASCALE, UNIQUEVALUE, NULLABLE, INDEXES, DESCRIPTION, DATAID, RELEASEID, UNIQUEKEY, INCLUDESQL, COLTYPE, FOLLOWJOHN ) values ( 'DC_E_TEST:((202)):DC_E_TEST_ETHERNETLINK:DAY', 'YEAR_ID', 13, 'smallint', 0, 0, 20, 1, 'LF', '', 'YEAR_ID', 'BASE_TP_090421', 0, 0, 'PUBLICKEY', null );
insert into Measurementcolumn ( MTABLEID, DATANAME, COLNUMBER, DATATYPE, DATASIZE, DATASCALE, UNIQUEVALUE, NULLABLE, INDEXES, DESCRIPTION, DATAID, RELEASEID, UNIQUEKEY, INCLUDESQL, COLTYPE, FOLLOWJOHN ) values ( 'DC_E_TEST:((202)):DC_E_TEST_ETHERNETLINK:DAY', 'MONTH_ID', 14, 'tinyint', 0, 0, 12, 1, 'LF', '', 'MONTH_ID', 'BASE_TP_090421', 0, 0, 'PUBLICKEY', null );
insert into Measurementtypeclass ( TYPECLASSID, VERSIONID, DESCRIPTION ) values ( 'DC_E_TEST:((202)):DC_E_TEST_IMA', 'DC_E_TEST:((202))', 'IMA' );
insert into Measurementtypeclass ( TYPECLASSID, VERSIONID, DESCRIPTION ) values ( 'DC_E_TEST:((202)):DC_E_TEST_VirtualTerminatio', 'DC_E_TEST:((202))', 'VirtualTermination' );
insert into Measurementtypeclass ( TYPECLASSID, VERSIONID, DESCRIPTION ) values ( 'DC_E_TEST:((202)):DC_E_TEST_SignalingSystem7', 'DC_E_TEST:((202))', 'SignalingSystem7' );
insert into Measurementtypeclass ( TYPECLASSID, VERSIONID, DESCRIPTION ) values ( 'DC_E_TEST:((202)):DC_E_TEST_M3UA', 'DC_E_TEST:((202))', 'M3UA' );
insert into Measurementtypeclass ( TYPECLASSID, VERSIONID, DESCRIPTION ) values ( 'DC_E_TEST:((202)):DC_E_TEST_OSPF', 'DC_E_TEST:((202))', 'OSPF' );
insert into Measurementtypeclass ( TYPECLASSID, VERSIONID, DESCRIPTION ) values ( 'DC_E_TEST:((202)):DC_E_TEST_ServiceBH', 'DC_E_TEST:((202))', 'ServiceBH' );
insert into Measurementtypeclass ( TYPECLASSID, VERSIONID, DESCRIPTION ) values ( 'DC_E_TEST:((202)):DC_E_TEST_VirtualContainer', 'DC_E_TEST:((202))', 'VirtualContainer' );
insert into Measurementtypeclass ( TYPECLASSID, VERSIONID, DESCRIPTION ) values ( 'DC_E_TEST:((202)):DC_E_TEST_Service', 'DC_E_TEST:((202))', 'Service' );
insert into Measurementtype ( TYPEID, TYPECLASSID, TYPENAME, VENDORID, FOLDERNAME, DESCRIPTION, STATUS, VERSIONID, OBJECTID, OBJECTNAME, OBJECTVERSION, OBJECTTYPE, JOINABLE, SIZING, TOTALAGG, ELEMENTBHSUPPORT, RANKINGTABLE, DELTACALCSUPPORT, PLAINTABLE, UNIVERSEEXTENSION, VECTORSUPPORT, DATAFORMATSUPPORT, FOLLOWJOHN, ONEMINAGG, FIFTEENMINAGG, EVENTSCALCTABLE, MIXEDPARTITIONSTABLE, LOADFILE_DUP_CHECK ) values ( 'DC_E_TEST:((202)):DC_E_TEST_SERVICE', 'DC_E_TEST:((202)):DC_E_TEST_Service', 'DC_E_TEST_SERVICE', 'DC_E_TEST', 'DC_E_TEST_SERVICE', 'Service measurements', null, 'DC_E_TEST:((202))', 'DC_E_TEST:((202)):DC_E_TEST_SERVICE', 'DC_E_TEST_SERVICE', null, null, '', 'extrasmall', 1, 1, 0, 1, 0, 'b', 0, 1, null, null, null, null, null, null );
insert into Measurementkey ( TYPEID, DATANAME, DESCRIPTION, ISELEMENT, UNIQUEKEY, COLNUMBER, DATATYPE, DATASIZE, DATASCALE, UNIQUEVALUE, NULLABLE, INDEXES, INCLUDESQL, UNIVOBJECT, JOINABLE, DATAID ) values ( 'DC_E_TEST:((202)):DC_E_TEST_SERVICE', 'MOID', 'Measured Object Id', 0, 1, 7, 'varchar', 255, 0, 255, 0, 'HG', 1, 'MOID', null, 'MOID' );
insert into Measurementkey ( TYPEID, DATANAME, DESCRIPTION, ISELEMENT, UNIQUEKEY, COLNUMBER, DATATYPE, DATASIZE, DATASCALE, UNIQUEVALUE, NULLABLE, INDEXES, INCLUDESQL, UNIVOBJECT, JOINABLE, DATAID ) values ( 'DC_E_TEST:((202)):DC_E_TEST_SERVICE', 'MsProcessing', 'MsProsessing Id', 0, 0, 8, 'varchar', 35, 0, 255, 1, 'HG', 1, 'MsProcessing', null, 'MOID.MsProcessing' );
insert into Measurementkey ( TYPEID, DATANAME, DESCRIPTION, ISELEMENT, UNIQUEKEY, COLNUMBER, DATATYPE, DATASIZE, DATASCALE, UNIQUEVALUE, NULLABLE, INDEXES, INCLUDESQL, UNIVOBJECT, JOINABLE, DATAID ) values ( 'DC_E_TEST:((202)):DC_E_TEST_SERVICE', 'NEDN', 'Network element distinguished name', 0, 0, 4, 'varchar', 255, 0, 255, 1, '', 1, '', null, 'nedn' );
insert into Measurementkey ( TYPEID, DATANAME, DESCRIPTION, ISELEMENT, UNIQUEKEY, COLNUMBER, DATATYPE, DATASIZE, DATASCALE, UNIQUEVALUE, NULLABLE, INDEXES, INCLUDESQL, UNIVOBJECT, JOINABLE, DATAID ) values ( 'DC_E_TEST:((202)):DC_E_TEST_SERVICE', 'NESW', 'Network element software version', 0, 0, 5, 'varchar', 35, 0, 255, 1, '', 1, 'NESW', null, 'nesw' );
insert into Measurementkey ( TYPEID, DATANAME, DESCRIPTION, ISELEMENT, UNIQUEKEY, COLNUMBER, DATATYPE, DATASIZE, DATASCALE, UNIQUEVALUE, NULLABLE, INDEXES, INCLUDESQL, UNIVOBJECT, JOINABLE, DATAID ) values ( 'DC_E_TEST:((202)):DC_E_TEST_SERVICE', 'NEUN', 'Network element user name', 0, 0, 3, 'varchar', 64, 0, 255, 1, '', 1, 'NEUN', null, 'neun' );
insert into Measurementkey ( TYPEID, DATANAME, DESCRIPTION, ISELEMENT, UNIQUEKEY, COLNUMBER, DATATYPE, DATASIZE, DATASCALE, UNIQUEVALUE, NULLABLE, INDEXES, INCLUDESQL, UNIVOBJECT, JOINABLE, DATAID ) values ( 'DC_E_TEST:((202)):DC_E_TEST_SERVICE', 'OSS_ID', 'OSS Id', 0, 1, 1, 'varchar', 50, 0, 255, 0, 'HG', 1, 'OSS Id', null, 'OSS_ID' );
insert into Measurementkey ( TYPEID, DATANAME, DESCRIPTION, ISELEMENT, UNIQUEKEY, COLNUMBER, DATATYPE, DATASIZE, DATASCALE, UNIQUEVALUE, NULLABLE, INDEXES, INCLUDESQL, UNIVOBJECT, JOINABLE, DATAID ) values ( 'DC_E_TEST:((202)):DC_E_TEST_SERVICE', 'ServiceId', 'Id of service', 0, 0, 10, 'varchar', 35, 0, 255, 1, 'HG', 1, 'ServiceId', null, 'ServiceId' );
insert into Measurementkey ( TYPEID, DATANAME, DESCRIPTION, ISELEMENT, UNIQUEKEY, COLNUMBER, DATATYPE, DATASIZE, DATASCALE, UNIQUEVALUE, NULLABLE, INDEXES, INCLUDESQL, UNIVOBJECT, JOINABLE, DATAID ) values ( 'DC_E_TEST:((202)):DC_E_TEST_SERVICE', 'ServiceType', 'Type of service', 0, 0, 9, 'varchar', 35, 0, 255, 1, 'HG', 1, 'ServiceType', null, 'ServiceType' );
insert into Measurementkey ( TYPEID, DATANAME, DESCRIPTION, ISELEMENT, UNIQUEKEY, COLNUMBER, DATATYPE, DATASIZE, DATASCALE, UNIQUEVALUE, NULLABLE, INDEXES, INCLUDESQL, UNIVOBJECT, JOINABLE, DATAID ) values ( 'DC_E_TEST:((202)):DC_E_TEST_SERVICE', 'SN', 'Sendername', 0, 0, 2, 'varchar', 255, 0, 255, 1, '', 1, '', null, 'SN' );
insert into Measurementkey ( TYPEID, DATANAME, DESCRIPTION, ISELEMENT, UNIQUEKEY, COLNUMBER, DATATYPE, DATASIZE, DATASCALE, UNIQUEVALUE, NULLABLE, INDEXES, INCLUDESQL, UNIVOBJECT, JOINABLE, DATAID ) values ( 'DC_E_TEST:((202)):DC_E_TEST_SERVICE', 'TEST', 'Object parent ID', 1, 1, 6, 'varchar', 64, 0, 255, 0, 'HG', 1, 'TEST', null, 'NEName' );
insert into Measurementkey ( TYPEID, DATANAME, DESCRIPTION, ISELEMENT, UNIQUEKEY, COLNUMBER, DATATYPE, DATASIZE, DATASCALE, UNIQUEVALUE, NULLABLE, INDEXES, INCLUDESQL, UNIVOBJECT, JOINABLE, DATAID ) values ( 'DC_E_TEST:((202)):DC_E_TEST_SERVICE', 'userLabel', 'Label for free use', 0, 0, 11, 'varchar', 128, 0, 255, 1, 'HG', 1, 'userLabel', 0, 'userLabel' );
insert into Measurementcounter ( TYPEID, DATANAME, DESCRIPTION, TIMEAGGREGATION, GROUPAGGREGATION, COUNTAGGREGATION, COLNUMBER, DATATYPE, DATASIZE, DATASCALE, INCLUDESQL, UNIVOBJECT, UNIVCLASS, COUNTERTYPE, COUNTERPROCESS, DATAID, FOLLOWJOHN ) values ( 'DC_E_TEST:((202)):DC_E_TEST_SERVICE', 'pmForcedRelease', 'pmForcedRelease:The number of devices (instances) that have been seized for this user plane service but were abnormally released. Condition: The counter is incremented when a forced device release occurs, that is, when the Digital Signal Processor (DSP) fails or the Media Stream Board (MSB) is locked or fails. Counter type: Peg Counter is reset after measurement interval: No', 'SUM', 'SUM', 'PEG', 102, 'numeric', 18, 0, 1, 'pmForcedRelease', '', 'PEG', 'PEG', 'pmForcedRelease', null );
insert into Measurementcounter ( TYPEID, DATANAME, DESCRIPTION, TIMEAGGREGATION, GROUPAGGREGATION, COUNTAGGREGATION, COLNUMBER, DATATYPE, DATASIZE, DATASCALE, INCLUDESQL, UNIVOBJECT, UNIVCLASS, COUNTERTYPE, COUNTERPROCESS, DATAID, FOLLOWJOHN ) values ( 'DC_E_TEST:((202)):DC_E_TEST_SERVICE', 'pmNormalRelease', 'pmNormalRelease:The number of devices (instances) that have been seized for this user plane service and were normally released. Condition: The counter is incremented when a device is released normally on a request to release a resource. Counter type: Peg Counter is reset after measurement interval: No', 'SUM', 'MAX', 'PEG', 103, 'smallint', 0, 0, 1, 'pmNormalRelease', '', 'PEG', 'PEG', 'pmNormalRelease', null );
insert into Measurementobjbhsupport ( TYPEID, OBJBHSUPPORT ) values ( 'DC_E_TEST:((202)):DC_E_TEST_SERVICE', 'SERVICE' );
insert into Measurementtable ( MTABLEID, TABLELEVEL, TYPEID, BASETABLENAME, DEFAULT_TEMPLATE, PARTITIONPLAN ) values ( 'DC_E_TEST:((202)):DC_E_TEST_SERVICE:RAW', 'RAW', 'DC_E_TEST:((202)):DC_E_TEST_SERVICE', 'DC_E_TEST_SERVICE_RAW', null, 'extrasmall_raw' );
insert into Measurementcolumn ( MTABLEID, DATANAME, COLNUMBER, DATATYPE, DATASIZE, DATASCALE, UNIQUEVALUE, NULLABLE, INDEXES, DESCRIPTION, DATAID, RELEASEID, UNIQUEKEY, INCLUDESQL, COLTYPE, FOLLOWJOHN ) values ( 'DC_E_TEST:((202)):DC_E_TEST_SERVICE:RAW', 'OSS_ID', 1, 'varchar', 50, 0, 255, 0, 'HG', 'OSS Id', 'OSS_ID', 'DC_E_TEST:((202))', 1, 1, 'KEY', null );
insert into Measurementcolumn ( MTABLEID, DATANAME, COLNUMBER, DATATYPE, DATASIZE, DATASCALE, UNIQUEVALUE, NULLABLE, INDEXES, DESCRIPTION, DATAID, RELEASEID, UNIQUEKEY, INCLUDESQL, COLTYPE, FOLLOWJOHN ) values ( 'DC_E_TEST:((202)):DC_E_TEST_SERVICE:RAW', 'SN', 2, 'varchar', 255, 0, 255, 1, '', 'Sendername', 'SN', 'DC_E_TEST:((202))', 0, 1, 'KEY', null );
insert into Measurementcolumn ( MTABLEID, DATANAME, COLNUMBER, DATATYPE, DATASIZE, DATASCALE, UNIQUEVALUE, NULLABLE, INDEXES, DESCRIPTION, DATAID, RELEASEID, UNIQUEKEY, INCLUDESQL, COLTYPE, FOLLOWJOHN ) values ( 'DC_E_TEST:((202)):DC_E_TEST_SERVICE:RAW', 'NEUN', 3, 'varchar', 64, 0, 255, 1, '', 'Network element user name', 'neun', 'DC_E_TEST:((202))', 0, 1, 'KEY', null );
insert into Measurementcolumn ( MTABLEID, DATANAME, COLNUMBER, DATATYPE, DATASIZE, DATASCALE, UNIQUEVALUE, NULLABLE, INDEXES, DESCRIPTION, DATAID, RELEASEID, UNIQUEKEY, INCLUDESQL, COLTYPE, FOLLOWJOHN ) values ( 'DC_E_TEST:((202)):DC_E_TEST_SERVICE:RAW', 'NEDN', 4, 'varchar', 255, 0, 255, 1, '', 'Network element distinguished name', 'nedn', 'DC_E_TEST:((202))', 0, 1, 'KEY', null );
insert into Measurementcolumn ( MTABLEID, DATANAME, COLNUMBER, DATATYPE, DATASIZE, DATASCALE, UNIQUEVALUE, NULLABLE, INDEXES, DESCRIPTION, DATAID, RELEASEID, UNIQUEKEY, INCLUDESQL, COLTYPE, FOLLOWJOHN ) values ( 'DC_E_TEST:((202)):DC_E_TEST_SERVICE:RAW', 'NESW', 5, 'varchar', 35, 0, 255, 1, '', 'Network element software version', 'nesw', 'DC_E_TEST:((202))', 0, 1, 'KEY', null );
insert into Measurementcolumn ( MTABLEID, DATANAME, COLNUMBER, DATATYPE, DATASIZE, DATASCALE, UNIQUEVALUE, NULLABLE, INDEXES, DESCRIPTION, DATAID, RELEASEID, UNIQUEKEY, INCLUDESQL, COLTYPE, FOLLOWJOHN ) values ( 'DC_E_TEST:((202)):DC_E_TEST_SERVICE:RAW', 'TEST', 6, 'varchar', 64, 0, 255, 0, 'HG', 'Object parent ID', 'NEName', 'DC_E_TEST:((202))', 1, 1, 'KEY', null );
insert into Measurementcolumn ( MTABLEID, DATANAME, COLNUMBER, DATATYPE, DATASIZE, DATASCALE, UNIQUEVALUE, NULLABLE, INDEXES, DESCRIPTION, DATAID, RELEASEID, UNIQUEKEY, INCLUDESQL, COLTYPE, FOLLOWJOHN ) values ( 'DC_E_TEST:((202)):DC_E_TEST_SERVICE:RAW', 'MOID', 7, 'varchar', 255, 0, 255, 0, 'HG', 'Measured Object Id', 'MOID', 'DC_E_TEST:((202))', 1, 1, 'KEY', null );
insert into Measurementcolumn ( MTABLEID, DATANAME, COLNUMBER, DATATYPE, DATASIZE, DATASCALE, UNIQUEVALUE, NULLABLE, INDEXES, DESCRIPTION, DATAID, RELEASEID, UNIQUEKEY, INCLUDESQL, COLTYPE, FOLLOWJOHN ) values ( 'DC_E_TEST:((202)):DC_E_TEST_SERVICE:RAW', 'MsProcessing', 8, 'varchar', 35, 0, 255, 1, 'HG', 'MsProsessing Id', 'MOID.MsProcessing', 'DC_E_TEST:((202))', 0, 1, 'KEY', null );
insert into Measurementcolumn ( MTABLEID, DATANAME, COLNUMBER, DATATYPE, DATASIZE, DATASCALE, UNIQUEVALUE, NULLABLE, INDEXES, DESCRIPTION, DATAID, RELEASEID, UNIQUEKEY, INCLUDESQL, COLTYPE, FOLLOWJOHN ) values ( 'DC_E_TEST:((202)):DC_E_TEST_SERVICE:RAW', 'ServiceType', 9, 'varchar', 35, 0, 255, 1, 'HG', 'Type of service', 'ServiceType', 'DC_E_TEST:((202))', 0, 1, 'KEY', null );
insert into Measurementcolumn ( MTABLEID, DATANAME, COLNUMBER, DATATYPE, DATASIZE, DATASCALE, UNIQUEVALUE, NULLABLE, INDEXES, DESCRIPTION, DATAID, RELEASEID, UNIQUEKEY, INCLUDESQL, COLTYPE, FOLLOWJOHN ) values ( 'DC_E_TEST:((202)):DC_E_TEST_SERVICE:RAW', 'ServiceId', 10, 'varchar', 35, 0, 255, 1, 'HG', 'Id of service', 'ServiceId', 'DC_E_TEST:((202))', 0, 1, 'KEY', null );
insert into Measurementcolumn ( MTABLEID, DATANAME, COLNUMBER, DATATYPE, DATASIZE, DATASCALE, UNIQUEVALUE, NULLABLE, INDEXES, DESCRIPTION, DATAID, RELEASEID, UNIQUEKEY, INCLUDESQL, COLTYPE, FOLLOWJOHN ) values ( 'DC_E_TEST:((202)):DC_E_TEST_SERVICE:RAW', 'userLabel', 11, 'varchar', 128, 0, 255, 1, 'HG', 'Label for free use', 'userLabel', 'DC_E_TEST:((202))', 0, 1, 'KEY', null );
insert into Measurementcolumn ( MTABLEID, DATANAME, COLNUMBER, DATATYPE, DATASIZE, DATASCALE, UNIQUEVALUE, NULLABLE, INDEXES, DESCRIPTION, DATAID, RELEASEID, UNIQUEKEY, INCLUDESQL, COLTYPE, FOLLOWJOHN ) values ( 'DC_E_TEST:((202)):DC_E_TEST_SERVICE:RAW', 'DATE_ID', 12, 'date', 0, 0, 255, 1, 'LF', '', 'DATE_ID', 'BASE_TP_090421', 0, 0, 'PUBLICKEY', null );
insert into Measurementcolumn ( MTABLEID, DATANAME, COLNUMBER, DATATYPE, DATASIZE, DATASCALE, UNIQUEVALUE, NULLABLE, INDEXES, DESCRIPTION, DATAID, RELEASEID, UNIQUEKEY, INCLUDESQL, COLTYPE, FOLLOWJOHN ) values ( 'DC_E_TEST:((202)):DC_E_TEST_SERVICE:RAW', 'YEAR_ID', 13, 'smallint', 0, 0, 20, 1, 'LF', '', 'YEAR_ID', 'BASE_TP_090421', 0, 0, 'PUBLICKEY', null );
insert into Measurementcolumn ( MTABLEID, DATANAME, COLNUMBER, DATATYPE, DATASIZE, DATASCALE, UNIQUEVALUE, NULLABLE, INDEXES, DESCRIPTION, DATAID, RELEASEID, UNIQUEKEY, INCLUDESQL, COLTYPE, FOLLOWJOHN ) values ( 'DC_E_TEST:((202)):DC_E_TEST_SERVICE:RAW', 'MONTH_ID', 14, 'tinyint', 0, 0, 12, 1, 'LF', '', 'MONTH_ID', 'BASE_TP_090421', 0, 0, 'PUBLICKEY', null );
insert into Measurementcolumn ( MTABLEID, DATANAME, COLNUMBER, DATATYPE, DATASIZE, DATASCALE, UNIQUEVALUE, NULLABLE, INDEXES, DESCRIPTION, DATAID, RELEASEID, UNIQUEKEY, INCLUDESQL, COLTYPE, FOLLOWJOHN ) values ( 'DC_E_TEST:((202)):DC_E_TEST_SERVICE:RAW', 'DAY_ID', 15, 'tinyint', 0, 0, 31, 1, 'LF', '', 'DAY_ID', 'BASE_TP_090421', 0, 0, 'PUBLICKEY', null );
insert into Measurementcolumn ( MTABLEID, DATANAME, COLNUMBER, DATATYPE, DATASIZE, DATASCALE, UNIQUEVALUE, NULLABLE, INDEXES, DESCRIPTION, DATAID, RELEASEID, UNIQUEKEY, INCLUDESQL, COLTYPE, FOLLOWJOHN ) values ( 'DC_E_TEST:((202)):DC_E_TEST_SERVICE:RAW', 'HOUR_ID', 16, 'tinyint', 0, 0, 24, 1, 'LF', '', 'HOUR_ID', 'BASE_TP_090421', 0, 0, 'PUBLICKEY', null );
insert into Measurementcolumn ( MTABLEID, DATANAME, COLNUMBER, DATATYPE, DATASIZE, DATASCALE, UNIQUEVALUE, NULLABLE, INDEXES, DESCRIPTION, DATAID, RELEASEID, UNIQUEKEY, INCLUDESQL, COLTYPE, FOLLOWJOHN ) values ( 'DC_E_TEST:((202)):DC_E_TEST_SERVICE:RAW', 'DATETIME_ID', 17, 'datetime', 0, 0, 255, 1, 'HG', '', 'DATETIME_ID', 'BASE_TP_090421', 1, 1, 'PUBLICKEY', null );
insert into Measurementcolumn ( MTABLEID, DATANAME, COLNUMBER, DATATYPE, DATASIZE, DATASCALE, UNIQUEVALUE, NULLABLE, INDEXES, DESCRIPTION, DATAID, RELEASEID, UNIQUEKEY, INCLUDESQL, COLTYPE, FOLLOWJOHN ) values ( 'DC_E_TEST:((202)):DC_E_TEST_SERVICE:RAW', 'MIN_ID', 18, 'tinyint', 0, 0, 60, 1, 'LF', '', 'MIN_ID', 'BASE_TP_090421', 0, 0, 'PUBLICKEY', null );
insert into Measurementcolumn ( MTABLEID, DATANAME, COLNUMBER, DATATYPE, DATASIZE, DATASCALE, UNIQUEVALUE, NULLABLE, INDEXES, DESCRIPTION, DATAID, RELEASEID, UNIQUEKEY, INCLUDESQL, COLTYPE, FOLLOWJOHN ) values ( 'DC_E_TEST:((202)):DC_E_TEST_SERVICE:RAW', 'TIMELEVEL', 19, 'varchar', 10, 0, 10, 1, 'LF', '', 'TIMELEVEL', 'BASE_TP_090421', 0, 0, 'PUBLICKEY', null );
insert into Measurementcolumn ( MTABLEID, DATANAME, COLNUMBER, DATATYPE, DATASIZE, DATASCALE, UNIQUEVALUE, NULLABLE, INDEXES, DESCRIPTION, DATAID, RELEASEID, UNIQUEKEY, INCLUDESQL, COLTYPE, FOLLOWJOHN ) values ( 'DC_E_TEST:((202)):DC_E_TEST_SERVICE:RAW', 'SESSION_ID', 20, 'unsigned int', 0, 0, 255, 1, '', '', 'SESSION_ID', 'BASE_TP_090421', 0, 0, 'PUBLICKEY', null );
insert into Measurementcolumn ( MTABLEID, DATANAME, COLNUMBER, DATATYPE, DATASIZE, DATASCALE, UNIQUEVALUE, NULLABLE, INDEXES, DESCRIPTION, DATAID, RELEASEID, UNIQUEKEY, INCLUDESQL, COLTYPE, FOLLOWJOHN ) values ( 'DC_E_TEST:((202)):DC_E_TEST_SERVICE:RAW', 'BATCH_ID', 21, 'smallint', 0, 0, 255, 1, '', '', 'BATCH_ID', 'BASE_TP_090421', 0, 0, 'PUBLICKEY', null );
insert into Measurementcolumn ( MTABLEID, DATANAME, COLNUMBER, DATATYPE, DATASIZE, DATASCALE, UNIQUEVALUE, NULLABLE, INDEXES, DESCRIPTION, DATAID, RELEASEID, UNIQUEKEY, INCLUDESQL, COLTYPE, FOLLOWJOHN ) values ( 'DC_E_TEST:((202)):DC_E_TEST_SERVICE:RAW', 'PERIOD_DURATION', 22, 'unsigned int', 0, 0, 10, 1, '', '', 'PERIOD_DURATION', 'BASE_TP_090421', 0, 1, 'PUBLICKEY', null );
insert into Measurementcolumn ( MTABLEID, DATANAME, COLNUMBER, DATATYPE, DATASIZE, DATASCALE, UNIQUEVALUE, NULLABLE, INDEXES, DESCRIPTION, DATAID, RELEASEID, UNIQUEKEY, INCLUDESQL, COLTYPE, FOLLOWJOHN ) values ( 'DC_E_TEST:((202)):DC_E_TEST_SERVICE:RAW', 'ROWSTATUS', 23, 'varchar', 16, 0, 10, 1, '', '', 'ROWSTATUS', 'BASE_TP_090421', 0, 1, 'PUBLICKEY', null );
insert into Measurementcolumn ( MTABLEID, DATANAME, COLNUMBER, DATATYPE, DATASIZE, DATASCALE, UNIQUEVALUE, NULLABLE, INDEXES, DESCRIPTION, DATAID, RELEASEID, UNIQUEKEY, INCLUDESQL, COLTYPE, FOLLOWJOHN ) values ( 'DC_E_TEST:((202)):DC_E_TEST_SERVICE:RAW', 'DC_RELEASE', 24, 'varchar', 16, 0, 2, 1, 'LF', '', 'DC_RELEASE', 'BASE_TP_090421', 0, 1, 'PUBLICKEY', null );
insert into Measurementcolumn ( MTABLEID, DATANAME, COLNUMBER, DATATYPE, DATASIZE, DATASCALE, UNIQUEVALUE, NULLABLE, INDEXES, DESCRIPTION, DATAID, RELEASEID, UNIQUEKEY, INCLUDESQL, COLTYPE, FOLLOWJOHN ) values ( 'DC_E_TEST:((202)):DC_E_TEST_SERVICE:RAW', 'DC_SOURCE', 25, 'varchar', 16, 0, 2, 1, 'LF', '', 'DC_SOURCE', 'BASE_TP_090421', 0, 1, 'PUBLICKEY', null );
insert into Measurementcolumn ( MTABLEID, DATANAME, COLNUMBER, DATATYPE, DATASIZE, DATASCALE, UNIQUEVALUE, NULLABLE, INDEXES, DESCRIPTION, DATAID, RELEASEID, UNIQUEKEY, INCLUDESQL, COLTYPE, FOLLOWJOHN ) values ( 'DC_E_TEST:((202)):DC_E_TEST_SERVICE:RAW', 'DC_TIMEZONE', 26, 'varchar', 16, 0, 2, 1, 'LF', '', 'DC_TIMEZONE', 'BASE_TP_090421', 0, 1, 'PUBLICKEY', null );
insert into Measurementcolumn ( MTABLEID, DATANAME, COLNUMBER, DATATYPE, DATASIZE, DATASCALE, UNIQUEVALUE, NULLABLE, INDEXES, DESCRIPTION, DATAID, RELEASEID, UNIQUEKEY, INCLUDESQL, COLTYPE, FOLLOWJOHN ) values ( 'DC_E_TEST:((202)):DC_E_TEST_SERVICE:RAW', 'DC_SUSPECTFLAG', 27, 'int', 0, 0, 2, 1, 'LF', '', 'DC_SUSPECTFLAG', 'BASE_TP_090421', 0, 1, 'PUBLICKEY', null );
insert into Measurementcolumn ( MTABLEID, DATANAME, COLNUMBER, DATATYPE, DATASIZE, DATASCALE, UNIQUEVALUE, NULLABLE, INDEXES, DESCRIPTION, DATAID, RELEASEID, UNIQUEKEY, INCLUDESQL, COLTYPE, FOLLOWJOHN ) values ( 'DC_E_TEST:((202)):DC_E_TEST_SERVICE:RAW', 'UTC_DATETIME_ID', 28, 'datetime', 0, 0, 255, 1, 'HG', '', 'UTC_DATETIME_ID', 'BASE_TP_090421', 1, 1, 'PUBLICKEY', null );
insert into Measurementcolumn ( MTABLEID, DATANAME, COLNUMBER, DATATYPE, DATASIZE, DATASCALE, UNIQUEVALUE, NULLABLE, INDEXES, DESCRIPTION, DATAID, RELEASEID, UNIQUEKEY, INCLUDESQL, COLTYPE, FOLLOWJOHN ) values ( 'DC_E_TEST:((202)):DC_E_TEST_SERVICE:RAW', 'pmForcedRelease', 29, 'numeric', 18, 0, 255, 1, '', 'pmForcedRelease:The number of devices (instances) that have been seized for this user plane service but were abnormally released. Condition: The counter is incremented when a forced device release occurs, that is, when the Digital Signal Processor (DSP) fails or the Media Stream Board (MSB) is locked or fails. Counter type: Peg Counter is reset after measurement interval: No', 'pmForcedRelease', 'DC_E_TEST:((202))', 0, 1, 'COUNTER', null );
insert into Measurementcolumn ( MTABLEID, DATANAME, COLNUMBER, DATATYPE, DATASIZE, DATASCALE, UNIQUEVALUE, NULLABLE, INDEXES, DESCRIPTION, DATAID, RELEASEID, UNIQUEKEY, INCLUDESQL, COLTYPE, FOLLOWJOHN ) values ( 'DC_E_TEST:((202)):DC_E_TEST_SERVICE:RAW', 'pmNormalRelease', 30, 'smallint', 0, 0, 255, 1, '', 'pmNormalRelease:The number of devices (instances) that have been seized for this user plane service and were normally released. Condition: The counter is incremented when a device is released normally on a request to release a resource. Counter type: Peg Counter is reset after measurement interval: No', 'pmNormalRelease', 'DC_E_TEST:((202))', 0, 1, 'COUNTER', null );
insert into Measurementtable ( MTABLEID, TABLELEVEL, TYPEID, BASETABLENAME, DEFAULT_TEMPLATE, PARTITIONPLAN ) values ( 'DC_E_TEST:((202)):DC_E_TEST_SERVICE:DAY', 'DAY', 'DC_E_TEST:((202)):DC_E_TEST_SERVICE', 'DC_E_TEST_SERVICE_DAY', null, 'extrasmall_day' );
insert into Measurementcolumn ( MTABLEID, DATANAME, COLNUMBER, DATATYPE, DATASIZE, DATASCALE, UNIQUEVALUE, NULLABLE, INDEXES, DESCRIPTION, DATAID, RELEASEID, UNIQUEKEY, INCLUDESQL, COLTYPE, FOLLOWJOHN ) values ( 'DC_E_TEST:((202)):DC_E_TEST_SERVICE:DAY', 'OSS_ID', 1, 'varchar', 50, 0, 255, 0, 'HG', 'OSS Id', 'OSS_ID', 'DC_E_TEST:((202))', 1, 1, 'KEY', null );
insert into Measurementcolumn ( MTABLEID, DATANAME, COLNUMBER, DATATYPE, DATASIZE, DATASCALE, UNIQUEVALUE, NULLABLE, INDEXES, DESCRIPTION, DATAID, RELEASEID, UNIQUEKEY, INCLUDESQL, COLTYPE, FOLLOWJOHN ) values ( 'DC_E_TEST:((202)):DC_E_TEST_SERVICE:DAY', 'SN', 2, 'varchar', 255, 0, 255, 1, '', 'Sendername', 'SN', 'DC_E_TEST:((202))', 0, 1, 'KEY', null );
insert into Measurementcolumn ( MTABLEID, DATANAME, COLNUMBER, DATATYPE, DATASIZE, DATASCALE, UNIQUEVALUE, NULLABLE, INDEXES, DESCRIPTION, DATAID, RELEASEID, UNIQUEKEY, INCLUDESQL, COLTYPE, FOLLOWJOHN ) values ( 'DC_E_TEST:((202)):DC_E_TEST_SERVICE:DAY', 'NEUN', 3, 'varchar', 64, 0, 255, 1, '', 'Network element user name', 'neun', 'DC_E_TEST:((202))', 0, 1, 'KEY', null );
insert into Measurementcolumn ( MTABLEID, DATANAME, COLNUMBER, DATATYPE, DATASIZE, DATASCALE, UNIQUEVALUE, NULLABLE, INDEXES, DESCRIPTION, DATAID, RELEASEID, UNIQUEKEY, INCLUDESQL, COLTYPE, FOLLOWJOHN ) values ( 'DC_E_TEST:((202)):DC_E_TEST_SERVICE:DAY', 'NEDN', 4, 'varchar', 255, 0, 255, 1, '', 'Network element distinguished name', 'nedn', 'DC_E_TEST:((202))', 0, 1, 'KEY', null );
insert into Measurementcolumn ( MTABLEID, DATANAME, COLNUMBER, DATATYPE, DATASIZE, DATASCALE, UNIQUEVALUE, NULLABLE, INDEXES, DESCRIPTION, DATAID, RELEASEID, UNIQUEKEY, INCLUDESQL, COLTYPE, FOLLOWJOHN ) values ( 'DC_E_TEST:((202)):DC_E_TEST_SERVICE:DAY', 'NESW', 5, 'varchar', 35, 0, 255, 1, '', 'Network element software version', 'nesw', 'DC_E_TEST:((202))', 0, 1, 'KEY', null );
insert into Measurementcolumn ( MTABLEID, DATANAME, COLNUMBER, DATATYPE, DATASIZE, DATASCALE, UNIQUEVALUE, NULLABLE, INDEXES, DESCRIPTION, DATAID, RELEASEID, UNIQUEKEY, INCLUDESQL, COLTYPE, FOLLOWJOHN ) values ( 'DC_E_TEST:((202)):DC_E_TEST_SERVICE:DAY', 'TEST', 6, 'varchar', 64, 0, 255, 0, 'HG', 'Object parent ID', 'NEName', 'DC_E_TEST:((202))', 1, 1, 'KEY', null );
insert into Measurementcolumn ( MTABLEID, DATANAME, COLNUMBER, DATATYPE, DATASIZE, DATASCALE, UNIQUEVALUE, NULLABLE, INDEXES, DESCRIPTION, DATAID, RELEASEID, UNIQUEKEY, INCLUDESQL, COLTYPE, FOLLOWJOHN ) values ( 'DC_E_TEST:((202)):DC_E_TEST_SERVICE:DAY', 'MOID', 7, 'varchar', 255, 0, 255, 0, 'HG', 'Measured Object Id', 'MOID', 'DC_E_TEST:((202))', 1, 1, 'KEY', null );
insert into Measurementcolumn ( MTABLEID, DATANAME, COLNUMBER, DATATYPE, DATASIZE, DATASCALE, UNIQUEVALUE, NULLABLE, INDEXES, DESCRIPTION, DATAID, RELEASEID, UNIQUEKEY, INCLUDESQL, COLTYPE, FOLLOWJOHN ) values ( 'DC_E_TEST:((202)):DC_E_TEST_SERVICE:DAY', 'MsProcessing', 8, 'varchar', 35, 0, 255, 1, 'HG', 'MsProsessing Id', 'MOID.MsProcessing', 'DC_E_TEST:((202))', 0, 1, 'KEY', null );
insert into Measurementcolumn ( MTABLEID, DATANAME, COLNUMBER, DATATYPE, DATASIZE, DATASCALE, UNIQUEVALUE, NULLABLE, INDEXES, DESCRIPTION, DATAID, RELEASEID, UNIQUEKEY, INCLUDESQL, COLTYPE, FOLLOWJOHN ) values ( 'DC_E_TEST:((202)):DC_E_TEST_SERVICE:DAY', 'ServiceType', 9, 'varchar', 35, 0, 255, 1, 'HG', 'Type of service', 'ServiceType', 'DC_E_TEST:((202))', 0, 1, 'KEY', null );
insert into Measurementcolumn ( MTABLEID, DATANAME, COLNUMBER, DATATYPE, DATASIZE, DATASCALE, UNIQUEVALUE, NULLABLE, INDEXES, DESCRIPTION, DATAID, RELEASEID, UNIQUEKEY, INCLUDESQL, COLTYPE, FOLLOWJOHN ) values ( 'DC_E_TEST:((202)):DC_E_TEST_SERVICE:DAY', 'ServiceId', 10, 'varchar', 35, 0, 255, 1, 'HG', 'Id of service', 'ServiceId', 'DC_E_TEST:((202))', 0, 1, 'KEY', null );
insert into Measurementcolumn ( MTABLEID, DATANAME, COLNUMBER, DATATYPE, DATASIZE, DATASCALE, UNIQUEVALUE, NULLABLE, INDEXES, DESCRIPTION, DATAID, RELEASEID, UNIQUEKEY, INCLUDESQL, COLTYPE, FOLLOWJOHN ) values ( 'DC_E_TEST:((202)):DC_E_TEST_SERVICE:DAY', 'userLabel', 11, 'varchar', 128, 0, 255, 1, 'HG', 'Label for free use', 'userLabel', 'DC_E_TEST:((202))', 0, 1, 'KEY', null );
insert into Measurementcolumn ( MTABLEID, DATANAME, COLNUMBER, DATATYPE, DATASIZE, DATASCALE, UNIQUEVALUE, NULLABLE, INDEXES, DESCRIPTION, DATAID, RELEASEID, UNIQUEKEY, INCLUDESQL, COLTYPE, FOLLOWJOHN ) values ( 'DC_E_TEST:((202)):DC_E_TEST_SERVICE:DAY', 'DATE_ID', 12, 'date', 0, 0, 255, 1, 'LF', '', 'DATE_ID', 'BASE_TP_090421', 1, 1, 'PUBLICKEY', null );
insert into Measurementcolumn ( MTABLEID, DATANAME, COLNUMBER, DATATYPE, DATASIZE, DATASCALE, UNIQUEVALUE, NULLABLE, INDEXES, DESCRIPTION, DATAID, RELEASEID, UNIQUEKEY, INCLUDESQL, COLTYPE, FOLLOWJOHN ) values ( 'DC_E_TEST:((202)):DC_E_TEST_SERVICE:DAY', 'YEAR_ID', 13, 'smallint', 0, 0, 20, 1, 'LF', '', 'YEAR_ID', 'BASE_TP_090421', 0, 0, 'PUBLICKEY', null );
insert into Measurementcolumn ( MTABLEID, DATANAME, COLNUMBER, DATATYPE, DATASIZE, DATASCALE, UNIQUEVALUE, NULLABLE, INDEXES, DESCRIPTION, DATAID, RELEASEID, UNIQUEKEY, INCLUDESQL, COLTYPE, FOLLOWJOHN ) values ( 'DC_E_TEST:((202)):DC_E_TEST_SERVICE:DAY', 'MONTH_ID', 14, 'tinyint', 0, 0, 12, 1, 'LF', '', 'MONTH_ID', 'BASE_TP_090421', 0, 0, 'PUBLICKEY', null );
insert into Measurementcolumn ( MTABLEID, DATANAME, COLNUMBER, DATATYPE, DATASIZE, DATASCALE, UNIQUEVALUE, NULLABLE, INDEXES, DESCRIPTION, DATAID, RELEASEID, UNIQUEKEY, INCLUDESQL, COLTYPE, FOLLOWJOHN ) values ( 'DC_E_TEST:((202)):DC_E_TEST_SERVICE:DAY', 'DAY_ID', 15, 'tinyint', 0, 0, 31, 1, 'LF', '', 'DAY_ID', 'BASE_TP_090421', 0, 0, 'PUBLICKEY', null );
insert into Measurementcolumn ( MTABLEID, DATANAME, COLNUMBER, DATATYPE, DATASIZE, DATASCALE, UNIQUEVALUE, NULLABLE, INDEXES, DESCRIPTION, DATAID, RELEASEID, UNIQUEKEY, INCLUDESQL, COLTYPE, FOLLOWJOHN ) values ( 'DC_E_TEST:((202)):DC_E_TEST_SERVICE:DAY', 'WEEK_ID', 16, 'tinyint', 0, 0, 53, 1, 'LF', '', 'WEEK_ID', 'BASE_TP_090421', 0, 0, 'PUBLICKEY', null );
insert into Measurementcolumn ( MTABLEID, DATANAME, COLNUMBER, DATATYPE, DATASIZE, DATASCALE, UNIQUEVALUE, NULLABLE, INDEXES, DESCRIPTION, DATAID, RELEASEID, UNIQUEKEY, INCLUDESQL, COLTYPE, FOLLOWJOHN ) values ( 'DC_E_TEST:((202)):DC_E_TEST_SERVICE:DAY', 'DATACOVERAGE', 17, 'unsigned int', 0, 0, 255, 1, '', '', 'DATACOVERAGE', 'BASE_TP_090421', 0, 1, 'PUBLICKEY', null );
insert into Measurementcolumn ( MTABLEID, DATANAME, COLNUMBER, DATATYPE, DATASIZE, DATASCALE, UNIQUEVALUE, NULLABLE, INDEXES, DESCRIPTION, DATAID, RELEASEID, UNIQUEKEY, INCLUDESQL, COLTYPE, FOLLOWJOHN ) values ( 'DC_E_TEST:((202)):DC_E_TEST_SERVICE:DAY', 'AGG_COUNT', 18, 'smallint', 0, 0, 255, 1, '', '', 'AGG_COUNT', 'BASE_TP_090421', 0, 0, 'PUBLICKEY', null );
insert into Measurementcolumn ( MTABLEID, DATANAME, COLNUMBER, DATATYPE, DATASIZE, DATASCALE, UNIQUEVALUE, NULLABLE, INDEXES, DESCRIPTION, DATAID, RELEASEID, UNIQUEKEY, INCLUDESQL, COLTYPE, FOLLOWJOHN ) values ( 'DC_E_TEST:((202)):DC_E_TEST_SERVICE:DAY', 'TIMELEVEL', 19, 'varchar', 10, 0, 10, 1, 'LF', '', 'TIMELEVEL', 'BASE_TP_090421', 0, 0, 'PUBLICKEY', null );
insert into Measurementcolumn ( MTABLEID, DATANAME, COLNUMBER, DATATYPE, DATASIZE, DATASCALE, UNIQUEVALUE, NULLABLE, INDEXES, DESCRIPTION, DATAID, RELEASEID, UNIQUEKEY, INCLUDESQL, COLTYPE, FOLLOWJOHN ) values ( 'DC_E_TEST:((202)):DC_E_TEST_SERVICE:DAY', 'SESSION_ID', 20, 'unsigned int', 0, 0, 255, 1, '', '', 'SESSION_ID', 'BASE_TP_090421', 0, 0, 'PUBLICKEY', null );
insert into Measurementcolumn ( MTABLEID, DATANAME, COLNUMBER, DATATYPE, DATASIZE, DATASCALE, UNIQUEVALUE, NULLABLE, INDEXES, DESCRIPTION, DATAID, RELEASEID, UNIQUEKEY, INCLUDESQL, COLTYPE, FOLLOWJOHN ) values ( 'DC_E_TEST:((202)):DC_E_TEST_SERVICE:DAY', 'BATCH_ID', 21, 'smallint', 0, 0, 255, 1, '', '', 'BATCH_ID', 'BASE_TP_090421', 0, 0, 'PUBLICKEY', null );
insert into Measurementcolumn ( MTABLEID, DATANAME, COLNUMBER, DATATYPE, DATASIZE, DATASCALE, UNIQUEVALUE, NULLABLE, INDEXES, DESCRIPTION, DATAID, RELEASEID, UNIQUEKEY, INCLUDESQL, COLTYPE, FOLLOWJOHN ) values ( 'DC_E_TEST:((202)):DC_E_TEST_SERVICE:DAY', 'PERIOD_DURATION', 22, 'unsigned int', 0, 0, 10, 1, '', '', 'PERIOD_DURATION', 'BASE_TP_090421', 0, 1, 'PUBLICKEY', null );
insert into Measurementcolumn ( MTABLEID, DATANAME, COLNUMBER, DATATYPE, DATASIZE, DATASCALE, UNIQUEVALUE, NULLABLE, INDEXES, DESCRIPTION, DATAID, RELEASEID, UNIQUEKEY, INCLUDESQL, COLTYPE, FOLLOWJOHN ) values ( 'DC_E_TEST:((202)):DC_E_TEST_SERVICE:DAY', 'ROWSTATUS', 23, 'varchar', 16, 0, 10, 1, '', '', 'ROWSTATUS', 'BASE_TP_090421', 0, 1, 'PUBLICKEY', null );
insert into Measurementcolumn ( MTABLEID, DATANAME, COLNUMBER, DATATYPE, DATASIZE, DATASCALE, UNIQUEVALUE, NULLABLE, INDEXES, DESCRIPTION, DATAID, RELEASEID, UNIQUEKEY, INCLUDESQL, COLTYPE, FOLLOWJOHN ) values ( 'DC_E_TEST:((202)):DC_E_TEST_SERVICE:DAY', 'DC_RELEASE', 24, 'varchar', 16, 0, 2, 1, 'LF', '', 'DC_RELEASE', 'BASE_TP_090421', 1, 1, 'PUBLICKEY', null );
insert into Measurementcolumn ( MTABLEID, DATANAME, COLNUMBER, DATATYPE, DATASIZE, DATASCALE, UNIQUEVALUE, NULLABLE, INDEXES, DESCRIPTION, DATAID, RELEASEID, UNIQUEKEY, INCLUDESQL, COLTYPE, FOLLOWJOHN ) values ( 'DC_E_TEST:((202)):DC_E_TEST_SERVICE:DAY', 'DC_SOURCE', 25, 'varchar', 16, 0, 2, 1, 'LF', '', 'DC_SOURCE', 'BASE_TP_090421', 0, 1, 'PUBLICKEY', null );
insert into Measurementcolumn ( MTABLEID, DATANAME, COLNUMBER, DATATYPE, DATASIZE, DATASCALE, UNIQUEVALUE, NULLABLE, INDEXES, DESCRIPTION, DATAID, RELEASEID, UNIQUEKEY, INCLUDESQL, COLTYPE, FOLLOWJOHN ) values ( 'DC_E_TEST:((202)):DC_E_TEST_SERVICE:DAY', 'DC_TIMEZONE', 26, 'varchar', 16, 0, 2, 1, 'LF', '', 'DC_TIMEZONE', 'BASE_TP_090421', 0, 1, 'PUBLICKEY', null );
insert into Measurementcolumn ( MTABLEID, DATANAME, COLNUMBER, DATATYPE, DATASIZE, DATASCALE, UNIQUEVALUE, NULLABLE, INDEXES, DESCRIPTION, DATAID, RELEASEID, UNIQUEKEY, INCLUDESQL, COLTYPE, FOLLOWJOHN ) values ( 'DC_E_TEST:((202)):DC_E_TEST_SERVICE:DAY', 'DC_SUSPECTFLAG', 27, 'int', 0, 0, 2, 1, 'LF', '', 'DC_SUSPECTFLAG', 'BASE_TP_090421', 0, 1, 'PUBLICKEY', null );
insert into Measurementcolumn ( MTABLEID, DATANAME, COLNUMBER, DATATYPE, DATASIZE, DATASCALE, UNIQUEVALUE, NULLABLE, INDEXES, DESCRIPTION, DATAID, RELEASEID, UNIQUEKEY, INCLUDESQL, COLTYPE, FOLLOWJOHN ) values ( 'DC_E_TEST:((202)):DC_E_TEST_SERVICE:DAY', 'pmForcedRelease', 28, 'numeric', 18, 0, 255, 1, '', 'pmForcedRelease:The number of devices (instances) that have been seized for this user plane service but were abnormally released. Condition: The counter is incremented when a forced device release occurs, that is, when the Digital Signal Processor (DSP) fails or the Media Stream Board (MSB) is locked or fails. Counter type: Peg Counter is reset after measurement interval: No', 'pmForcedRelease', 'DC_E_TEST:((202))', 0, 1, 'COUNTER', null );
insert into Measurementcolumn ( MTABLEID, DATANAME, COLNUMBER, DATATYPE, DATASIZE, DATASCALE, UNIQUEVALUE, NULLABLE, INDEXES, DESCRIPTION, DATAID, RELEASEID, UNIQUEKEY, INCLUDESQL, COLTYPE, FOLLOWJOHN ) values ( 'DC_E_TEST:((202)):DC_E_TEST_SERVICE:DAY', 'pmNormalRelease', 29, 'smallint', 0, 0, 255, 1, '', 'pmNormalRelease:The number of devices (instances) that have been seized for this user plane service and were normally released. Condition: The counter is incremented when a device is released normally on a request to release a resource. Counter type: Peg Counter is reset after measurement interval: No', 'pmNormalRelease', 'DC_E_TEST:((202))', 0, 1, 'COUNTER', null );
insert into Measurementtable ( MTABLEID, TABLELEVEL, TYPEID, BASETABLENAME, DEFAULT_TEMPLATE, PARTITIONPLAN ) values ( 'DC_E_TEST:((202)):DC_E_TEST_SERVICE:DAYBH', 'DAYBH', 'DC_E_TEST:((202)):DC_E_TEST_SERVICE', 'DC_E_TEST_SERVICE_DAYBH', null, 'extrasmall_daybh' );
insert into Measurementcolumn ( MTABLEID, DATANAME, COLNUMBER, DATATYPE, DATASIZE, DATASCALE, UNIQUEVALUE, NULLABLE, INDEXES, DESCRIPTION, DATAID, RELEASEID, UNIQUEKEY, INCLUDESQL, COLTYPE, FOLLOWJOHN ) values ( 'DC_E_TEST:((202)):DC_E_TEST_SERVICE:DAYBH', 'OSS_ID', 1, 'varchar', 50, 0, 255, 0, 'HG', 'OSS Id', 'OSS_ID', 'DC_E_TEST:((202))', 1, 1, 'KEY', null );
insert into Measurementcolumn ( MTABLEID, DATANAME, COLNUMBER, DATATYPE, DATASIZE, DATASCALE, UNIQUEVALUE, NULLABLE, INDEXES, DESCRIPTION, DATAID, RELEASEID, UNIQUEKEY, INCLUDESQL, COLTYPE, FOLLOWJOHN ) values ( 'DC_E_TEST:((202)):DC_E_TEST_SERVICE:DAYBH', 'SN', 2, 'varchar', 255, 0, 255, 1, '', 'Sendername', 'SN', 'DC_E_TEST:((202))', 0, 1, 'KEY', null );
insert into Measurementcolumn ( MTABLEID, DATANAME, COLNUMBER, DATATYPE, DATASIZE, DATASCALE, UNIQUEVALUE, NULLABLE, INDEXES, DESCRIPTION, DATAID, RELEASEID, UNIQUEKEY, INCLUDESQL, COLTYPE, FOLLOWJOHN ) values ( 'DC_E_TEST:((202)):DC_E_TEST_SERVICE:DAYBH', 'NEUN', 3, 'varchar', 64, 0, 255, 1, '', 'Network element user name', 'neun', 'DC_E_TEST:((202))', 0, 1, 'KEY', null );
insert into Measurementcolumn ( MTABLEID, DATANAME, COLNUMBER, DATATYPE, DATASIZE, DATASCALE, UNIQUEVALUE, NULLABLE, INDEXES, DESCRIPTION, DATAID, RELEASEID, UNIQUEKEY, INCLUDESQL, COLTYPE, FOLLOWJOHN ) values ( 'DC_E_TEST:((202)):DC_E_TEST_SERVICE:DAYBH', 'NEDN', 4, 'varchar', 255, 0, 255, 1, '', 'Network element distinguished name', 'nedn', 'DC_E_TEST:((202))', 0, 1, 'KEY', null );
insert into Measurementcolumn ( MTABLEID, DATANAME, COLNUMBER, DATATYPE, DATASIZE, DATASCALE, UNIQUEVALUE, NULLABLE, INDEXES, DESCRIPTION, DATAID, RELEASEID, UNIQUEKEY, INCLUDESQL, COLTYPE, FOLLOWJOHN ) values ( 'DC_E_TEST:((202)):DC_E_TEST_SERVICE:DAYBH', 'NESW', 5, 'varchar', 35, 0, 255, 1, '', 'Network element software version', 'nesw', 'DC_E_TEST:((202))', 0, 1, 'KEY', null );
insert into Measurementcolumn ( MTABLEID, DATANAME, COLNUMBER, DATATYPE, DATASIZE, DATASCALE, UNIQUEVALUE, NULLABLE, INDEXES, DESCRIPTION, DATAID, RELEASEID, UNIQUEKEY, INCLUDESQL, COLTYPE, FOLLOWJOHN ) values ( 'DC_E_TEST:((202)):DC_E_TEST_SERVICE:DAYBH', 'TEST', 6, 'varchar', 64, 0, 255, 0, 'HG', 'Object parent ID', 'NEName', 'DC_E_TEST:((202))', 1, 1, 'KEY', null );
insert into Measurementcolumn ( MTABLEID, DATANAME, COLNUMBER, DATATYPE, DATASIZE, DATASCALE, UNIQUEVALUE, NULLABLE, INDEXES, DESCRIPTION, DATAID, RELEASEID, UNIQUEKEY, INCLUDESQL, COLTYPE, FOLLOWJOHN ) values ( 'DC_E_TEST:((202)):DC_E_TEST_SERVICE:DAYBH', 'MOID', 7, 'varchar', 255, 0, 255, 0, 'HG', 'Measured Object Id', 'MOID', 'DC_E_TEST:((202))', 1, 1, 'KEY', null );
insert into Measurementcolumn ( MTABLEID, DATANAME, COLNUMBER, DATATYPE, DATASIZE, DATASCALE, UNIQUEVALUE, NULLABLE, INDEXES, DESCRIPTION, DATAID, RELEASEID, UNIQUEKEY, INCLUDESQL, COLTYPE, FOLLOWJOHN ) values ( 'DC_E_TEST:((202)):DC_E_TEST_SERVICE:DAYBH', 'MsProcessing', 8, 'varchar', 35, 0, 255, 1, 'HG', 'MsProsessing Id', 'MOID.MsProcessing', 'DC_E_TEST:((202))', 0, 1, 'KEY', null );
insert into Measurementcolumn ( MTABLEID, DATANAME, COLNUMBER, DATATYPE, DATASIZE, DATASCALE, UNIQUEVALUE, NULLABLE, INDEXES, DESCRIPTION, DATAID, RELEASEID, UNIQUEKEY, INCLUDESQL, COLTYPE, FOLLOWJOHN ) values ( 'DC_E_TEST:((202)):DC_E_TEST_SERVICE:DAYBH', 'ServiceType', 9, 'varchar', 35, 0, 255, 1, 'HG', 'Type of service', 'ServiceType', 'DC_E_TEST:((202))', 0, 1, 'KEY', null );
insert into Measurementcolumn ( MTABLEID, DATANAME, COLNUMBER, DATATYPE, DATASIZE, DATASCALE, UNIQUEVALUE, NULLABLE, INDEXES, DESCRIPTION, DATAID, RELEASEID, UNIQUEKEY, INCLUDESQL, COLTYPE, FOLLOWJOHN ) values ( 'DC_E_TEST:((202)):DC_E_TEST_SERVICE:DAYBH', 'ServiceId', 10, 'varchar', 35, 0, 255, 1, 'HG', 'Id of service', 'ServiceId', 'DC_E_TEST:((202))', 0, 1, 'KEY', null );
insert into Measurementcolumn ( MTABLEID, DATANAME, COLNUMBER, DATATYPE, DATASIZE, DATASCALE, UNIQUEVALUE, NULLABLE, INDEXES, DESCRIPTION, DATAID, RELEASEID, UNIQUEKEY, INCLUDESQL, COLTYPE, FOLLOWJOHN ) values ( 'DC_E_TEST:((202)):DC_E_TEST_SERVICE:DAYBH', 'userLabel', 11, 'varchar', 128, 0, 255, 1, 'HG', 'Label for free use', 'userLabel', 'DC_E_TEST:((202))', 0, 1, 'KEY', null );
insert into Measurementcolumn ( MTABLEID, DATANAME, COLNUMBER, DATATYPE, DATASIZE, DATASCALE, UNIQUEVALUE, NULLABLE, INDEXES, DESCRIPTION, DATAID, RELEASEID, UNIQUEKEY, INCLUDESQL, COLTYPE, FOLLOWJOHN ) values ( 'DC_E_TEST:((202)):DC_E_TEST_SERVICE:DAYBH', 'DATE_ID', 12, 'date', 0, 0, 255, 1, 'LF', '', 'DATE_ID', 'BASE_TP_090421', 1, 1, 'PUBLICKEY', null );
insert into Measurementcolumn ( MTABLEID, DATANAME, COLNUMBER, DATATYPE, DATASIZE, DATASCALE, UNIQUEVALUE, NULLABLE, INDEXES, DESCRIPTION, DATAID, RELEASEID, UNIQUEKEY, INCLUDESQL, COLTYPE, FOLLOWJOHN ) values ( 'DC_E_TEST:((202)):DC_E_TEST_SERVICE:DAYBH', 'YEAR_ID', 13, 'smallint', 0, 0, 20, 1, 'LF', '', 'YEAR_ID', 'BASE_TP_090421', 0, 0, 'PUBLICKEY', null );
insert into Measurementcolumn ( MTABLEID, DATANAME, COLNUMBER, DATATYPE, DATASIZE, DATASCALE, UNIQUEVALUE, NULLABLE, INDEXES, DESCRIPTION, DATAID, RELEASEID, UNIQUEKEY, INCLUDESQL, COLTYPE, FOLLOWJOHN ) values ( 'DC_E_TEST:((202)):DC_E_TEST_SERVICE:DAYBH', 'MONTH_ID', 14, 'tinyint', 0, 0, 12, 1, 'LF', '', 'MONTH_ID', 'BASE_TP_090421', 0, 0, 'PUBLICKEY', null );
insert into Measurementcolumn ( MTABLEID, DATANAME, COLNUMBER, DATATYPE, DATASIZE, DATASCALE, UNIQUEVALUE, NULLABLE, INDEXES, DESCRIPTION, DATAID, RELEASEID, UNIQUEKEY, INCLUDESQL, COLTYPE, FOLLOWJOHN ) values ( 'DC_E_TEST:((202)):DC_E_TEST_SERVICE:DAYBH', 'DAY_ID', 15, 'tinyint', 0, 0, 31, 1, 'LF', '', 'DAY_ID', 'BASE_TP_090421', 0, 0, 'PUBLICKEY', null );
insert into Measurementcolumn ( MTABLEID, DATANAME, COLNUMBER, DATATYPE, DATASIZE, DATASCALE, UNIQUEVALUE, NULLABLE, INDEXES, DESCRIPTION, DATAID, RELEASEID, UNIQUEKEY, INCLUDESQL, COLTYPE, FOLLOWJOHN ) values ( 'DC_E_TEST:((202)):DC_E_TEST_SERVICE:DAYBH', 'MIN_ID', 16, 'tinyint', 0, 0, 60, 1, 'LF', '', 'MIN_ID', 'BASE_TP_090421', 1, 1, 'PUBLICKEY', null );
insert into Measurementcolumn ( MTABLEID, DATANAME, COLNUMBER, DATATYPE, DATASIZE, DATASCALE, UNIQUEVALUE, NULLABLE, INDEXES, DESCRIPTION, DATAID, RELEASEID, UNIQUEKEY, INCLUDESQL, COLTYPE, FOLLOWJOHN ) values ( 'DC_E_TEST:((202)):DC_E_TEST_SERVICE:DAYBH', 'BHTYPE', 17, 'varchar', 50, 0, 20, 1, 'LF', '', 'BHTYPE', 'BASE_TP_090421', 1, 1, 'PUBLICKEY', null );
insert into Measurementcolumn ( MTABLEID, DATANAME, COLNUMBER, DATATYPE, DATASIZE, DATASCALE, UNIQUEVALUE, NULLABLE, INDEXES, DESCRIPTION, DATAID, RELEASEID, UNIQUEKEY, INCLUDESQL, COLTYPE, FOLLOWJOHN ) values ( 'DC_E_TEST:((202)):DC_E_TEST_SERVICE:DAYBH', 'BUSYHOUR', 18, 'tinyint', 0, 0, 24, 1, 'LF', '', 'BUSYHOUR', 'BASE_TP_090421', 0, 1, 'PUBLICKEY', null );
insert into Measurementcolumn ( MTABLEID, DATANAME, COLNUMBER, DATATYPE, DATASIZE, DATASCALE, UNIQUEVALUE, NULLABLE, INDEXES, DESCRIPTION, DATAID, RELEASEID, UNIQUEKEY, INCLUDESQL, COLTYPE, FOLLOWJOHN ) values ( 'DC_E_TEST:((202)):DC_E_TEST_SERVICE:DAYBH', 'BHCLASS', 19, 'smallint', 0, 0, 10, 1, 'LF', '', 'BHCLASS', 'BASE_TP_090421', 0, 1, 'PUBLICKEY', null );
insert into Measurementcolumn ( MTABLEID, DATANAME, COLNUMBER, DATATYPE, DATASIZE, DATASCALE, UNIQUEVALUE, NULLABLE, INDEXES, DESCRIPTION, DATAID, RELEASEID, UNIQUEKEY, INCLUDESQL, COLTYPE, FOLLOWJOHN ) values ( 'DC_E_TEST:((202)):DC_E_TEST_SERVICE:DAYBH', 'TIMELEVEL', 20, 'varchar', 10, 0, 10, 1, 'LF', '', 'TIMELEVEL', 'BASE_TP_090421', 0, 0, 'PUBLICKEY', null );
insert into Measurementcolumn ( MTABLEID, DATANAME, COLNUMBER, DATATYPE, DATASIZE, DATASCALE, UNIQUEVALUE, NULLABLE, INDEXES, DESCRIPTION, DATAID, RELEASEID, UNIQUEKEY, INCLUDESQL, COLTYPE, FOLLOWJOHN ) values ( 'DC_E_TEST:((202)):DC_E_TEST_SERVICE:DAYBH', 'SESSION_ID', 21, 'unsigned int', 0, 0, 255, 1, '', '', 'SESSION_ID', 'BASE_TP_090421', 0, 0, 'PUBLICKEY', null );
insert into Measurementcolumn ( MTABLEID, DATANAME, COLNUMBER, DATATYPE, DATASIZE, DATASCALE, UNIQUEVALUE, NULLABLE, INDEXES, DESCRIPTION, DATAID, RELEASEID, UNIQUEKEY, INCLUDESQL, COLTYPE, FOLLOWJOHN ) values ( 'DC_E_TEST:((202)):DC_E_TEST_SERVICE:DAYBH', 'BATCH_ID', 22, 'smallint', 0, 0, 255, 1, '', '', 'BATCH_ID', 'BASE_TP_090421', 0, 0, 'PUBLICKEY', null );
insert into Measurementcolumn ( MTABLEID, DATANAME, COLNUMBER, DATATYPE, DATASIZE, DATASCALE, UNIQUEVALUE, NULLABLE, INDEXES, DESCRIPTION, DATAID, RELEASEID, UNIQUEKEY, INCLUDESQL, COLTYPE, FOLLOWJOHN ) values ( 'DC_E_TEST:((202)):DC_E_TEST_SERVICE:DAYBH', 'PERIOD_DURATION', 23, 'unsigned int', 0, 0, 10, 1, '', '', 'PERIOD_DURATION', 'BASE_TP_090421', 0, 1, 'PUBLICKEY', null );
insert into Measurementcolumn ( MTABLEID, DATANAME, COLNUMBER, DATATYPE, DATASIZE, DATASCALE, UNIQUEVALUE, NULLABLE, INDEXES, DESCRIPTION, DATAID, RELEASEID, UNIQUEKEY, INCLUDESQL, COLTYPE, FOLLOWJOHN ) values ( 'DC_E_TEST:((202)):DC_E_TEST_SERVICE:DAYBH', 'ROWSTATUS', 24, 'varchar', 16, 0, 10, 1, '', '', 'ROWSTATUS', 'BASE_TP_090421', 0, 1, 'PUBLICKEY', null );
insert into Measurementcolumn ( MTABLEID, DATANAME, COLNUMBER, DATATYPE, DATASIZE, DATASCALE, UNIQUEVALUE, NULLABLE, INDEXES, DESCRIPTION, DATAID, RELEASEID, UNIQUEKEY, INCLUDESQL, COLTYPE, FOLLOWJOHN ) values ( 'DC_E_TEST:((202)):DC_E_TEST_SERVICE:DAYBH', 'DC_RELEASE', 25, 'varchar', 16, 0, 2, 1, 'LF', '', 'DC_RELEASE', 'BASE_TP_090421', 0, 1, 'PUBLICKEY', null );
insert into Measurementcolumn ( MTABLEID, DATANAME, COLNUMBER, DATATYPE, DATASIZE, DATASCALE, UNIQUEVALUE, NULLABLE, INDEXES, DESCRIPTION, DATAID, RELEASEID, UNIQUEKEY, INCLUDESQL, COLTYPE, FOLLOWJOHN ) values ( 'DC_E_TEST:((202)):DC_E_TEST_SERVICE:DAYBH', 'DC_SOURCE', 26, 'varchar', 16, 0, 2, 1, 'LF', '', 'DC_SOURCE', 'BASE_TP_090421', 0, 1, 'PUBLICKEY', null );
insert into Measurementcolumn ( MTABLEID, DATANAME, COLNUMBER, DATATYPE, DATASIZE, DATASCALE, UNIQUEVALUE, NULLABLE, INDEXES, DESCRIPTION, DATAID, RELEASEID, UNIQUEKEY, INCLUDESQL, COLTYPE, FOLLOWJOHN ) values ( 'DC_E_TEST:((202)):DC_E_TEST_SERVICE:DAYBH', 'DC_TIMEZONE', 27, 'varchar', 16, 0, 2, 1, 'LF', '', 'DC_TIMEZONE', 'BASE_TP_090421', 0, 1, 'PUBLICKEY', null );
insert into Measurementcolumn ( MTABLEID, DATANAME, COLNUMBER, DATATYPE, DATASIZE, DATASCALE, UNIQUEVALUE, NULLABLE, INDEXES, DESCRIPTION, DATAID, RELEASEID, UNIQUEKEY, INCLUDESQL, COLTYPE, FOLLOWJOHN ) values ( 'DC_E_TEST:((202)):DC_E_TEST_SERVICE:DAYBH', 'DC_SUSPECTFLAG', 28, 'int', 0, 0, 2, 1, 'LF', '', 'DC_SUSPECTFLAG', 'BASE_TP_090421', 0, 1, 'PUBLICKEY', null );
insert into Measurementcolumn ( MTABLEID, DATANAME, COLNUMBER, DATATYPE, DATASIZE, DATASCALE, UNIQUEVALUE, NULLABLE, INDEXES, DESCRIPTION, DATAID, RELEASEID, UNIQUEKEY, INCLUDESQL, COLTYPE, FOLLOWJOHN ) values ( 'DC_E_TEST:((202)):DC_E_TEST_SERVICE:DAYBH', 'BH_ID', 29, 'unsigned int', 0, 0, 255, 1, '', '', 'BH_ID', 'BASE_TP_20100318', 0, 0, 'PUBLICKEY', null );
insert into Measurementcolumn ( MTABLEID, DATANAME, COLNUMBER, DATATYPE, DATASIZE, DATASCALE, UNIQUEVALUE, NULLABLE, INDEXES, DESCRIPTION, DATAID, RELEASEID, UNIQUEKEY, INCLUDESQL, COLTYPE, FOLLOWJOHN ) values ( 'DC_E_TEST:((202)):DC_E_TEST_SERVICE:DAYBH', 'OFFSET', 30, 'unsigned int', 0, 0, 255, 1, '', '', 'OFFSET', 'BASE_TP_20100318', 0, 0, 'PUBLICKEY', null );
insert into Measurementcolumn ( MTABLEID, DATANAME, COLNUMBER, DATATYPE, DATASIZE, DATASCALE, UNIQUEVALUE, NULLABLE, INDEXES, DESCRIPTION, DATAID, RELEASEID, UNIQUEKEY, INCLUDESQL, COLTYPE, FOLLOWJOHN ) values ( 'DC_E_TEST:((202)):DC_E_TEST_SERVICE:DAYBH', 'pmForcedRelease', 31, 'numeric', 18, 0, 255, 1, '', 'pmForcedRelease:The number of devices (instances) that have been seized for this user plane service but were abnormally released. Condition: The counter is incremented when a forced device release occurs, that is, when the Digital Signal Processor (DSP) fails or the Media Stream Board (MSB) is locked or fails. Counter type: Peg Counter is reset after measurement interval: No', 'pmForcedRelease', 'DC_E_TEST:((202))', 0, 1, 'COUNTER', null );
insert into Measurementcolumn ( MTABLEID, DATANAME, COLNUMBER, DATATYPE, DATASIZE, DATASCALE, UNIQUEVALUE, NULLABLE, INDEXES, DESCRIPTION, DATAID, RELEASEID, UNIQUEKEY, INCLUDESQL, COLTYPE, FOLLOWJOHN ) values ( 'DC_E_TEST:((202)):DC_E_TEST_SERVICE:DAYBH', 'pmNormalRelease', 32, 'smallint', 0, 0, 255, 1, '', 'pmNormalRelease:The number of devices (instances) that have been seized for this user plane service and were normally released. Condition: The counter is incremented when a device is released normally on a request to release a resource. Counter type: Peg Counter is reset after measurement interval: No', 'pmNormalRelease', 'DC_E_TEST:((202))', 0, 1, 'COUNTER', null );
insert into Measurementtable ( MTABLEID, TABLELEVEL, TYPEID, BASETABLENAME, DEFAULT_TEMPLATE, PARTITIONPLAN ) values ( 'DC_E_TEST:((202)):DC_E_TEST_SERVICE:COUNT', 'COUNT', 'DC_E_TEST:((202)):DC_E_TEST_SERVICE', 'DC_E_TEST_SERVICE_COUNT', null, 'extrasmall_count' );
insert into Measurementcolumn ( MTABLEID, DATANAME, COLNUMBER, DATATYPE, DATASIZE, DATASCALE, UNIQUEVALUE, NULLABLE, INDEXES, DESCRIPTION, DATAID, RELEASEID, UNIQUEKEY, INCLUDESQL, COLTYPE, FOLLOWJOHN ) values ( 'DC_E_TEST:((202)):DC_E_TEST_SERVICE:COUNT', 'OSS_ID', 1, 'varchar', 50, 0, 255, 0, 'HG', 'OSS Id', 'OSS_ID', 'DC_E_TEST:((202))', 1, 1, 'KEY', null );
insert into Measurementcolumn ( MTABLEID, DATANAME, COLNUMBER, DATATYPE, DATASIZE, DATASCALE, UNIQUEVALUE, NULLABLE, INDEXES, DESCRIPTION, DATAID, RELEASEID, UNIQUEKEY, INCLUDESQL, COLTYPE, FOLLOWJOHN ) values ( 'DC_E_TEST:((202)):DC_E_TEST_SERVICE:COUNT', 'SN', 2, 'varchar', 255, 0, 255, 1, '', 'Sendername', 'SN', 'DC_E_TEST:((202))', 0, 1, 'KEY', null );
insert into Measurementcolumn ( MTABLEID, DATANAME, COLNUMBER, DATATYPE, DATASIZE, DATASCALE, UNIQUEVALUE, NULLABLE, INDEXES, DESCRIPTION, DATAID, RELEASEID, UNIQUEKEY, INCLUDESQL, COLTYPE, FOLLOWJOHN ) values ( 'DC_E_TEST:((202)):DC_E_TEST_SERVICE:COUNT', 'NEUN', 3, 'varchar', 64, 0, 255, 1, '', 'Network element user name', 'neun', 'DC_E_TEST:((202))', 0, 1, 'KEY', null );
insert into Measurementcolumn ( MTABLEID, DATANAME, COLNUMBER, DATATYPE, DATASIZE, DATASCALE, UNIQUEVALUE, NULLABLE, INDEXES, DESCRIPTION, DATAID, RELEASEID, UNIQUEKEY, INCLUDESQL, COLTYPE, FOLLOWJOHN ) values ( 'DC_E_TEST:((202)):DC_E_TEST_SERVICE:COUNT', 'NEDN', 4, 'varchar', 255, 0, 255, 1, '', 'Network element distinguished name', 'nedn', 'DC_E_TEST:((202))', 0, 1, 'KEY', null );
insert into Measurementcolumn ( MTABLEID, DATANAME, COLNUMBER, DATATYPE, DATASIZE, DATASCALE, UNIQUEVALUE, NULLABLE, INDEXES, DESCRIPTION, DATAID, RELEASEID, UNIQUEKEY, INCLUDESQL, COLTYPE, FOLLOWJOHN ) values ( 'DC_E_TEST:((202)):DC_E_TEST_SERVICE:COUNT', 'NESW', 5, 'varchar', 35, 0, 255, 1, '', 'Network element software version', 'nesw', 'DC_E_TEST:((202))', 0, 1, 'KEY', null );
insert into Measurementcolumn ( MTABLEID, DATANAME, COLNUMBER, DATATYPE, DATASIZE, DATASCALE, UNIQUEVALUE, NULLABLE, INDEXES, DESCRIPTION, DATAID, RELEASEID, UNIQUEKEY, INCLUDESQL, COLTYPE, FOLLOWJOHN ) values ( 'DC_E_TEST:((202)):DC_E_TEST_SERVICE:COUNT', 'TEST', 6, 'varchar', 64, 0, 255, 0, 'HG', 'Object parent ID', 'NEName', 'DC_E_TEST:((202))', 1, 1, 'KEY', null );
insert into Measurementcolumn ( MTABLEID, DATANAME, COLNUMBER, DATATYPE, DATASIZE, DATASCALE, UNIQUEVALUE, NULLABLE, INDEXES, DESCRIPTION, DATAID, RELEASEID, UNIQUEKEY, INCLUDESQL, COLTYPE, FOLLOWJOHN ) values ( 'DC_E_TEST:((202)):DC_E_TEST_SERVICE:COUNT', 'MOID', 7, 'varchar', 255, 0, 255, 0, 'HG', 'Measured Object Id', 'MOID', 'DC_E_TEST:((202))', 1, 1, 'KEY', null );
insert into Measurementcolumn ( MTABLEID, DATANAME, COLNUMBER, DATATYPE, DATASIZE, DATASCALE, UNIQUEVALUE, NULLABLE, INDEXES, DESCRIPTION, DATAID, RELEASEID, UNIQUEKEY, INCLUDESQL, COLTYPE, FOLLOWJOHN ) values ( 'DC_E_TEST:((202)):DC_E_TEST_SERVICE:COUNT', 'MsProcessing', 8, 'varchar', 35, 0, 255, 1, 'HG', 'MsProsessing Id', 'MOID.MsProcessing', 'DC_E_TEST:((202))', 0, 1, 'KEY', null );
insert into Measurementcolumn ( MTABLEID, DATANAME, COLNUMBER, DATATYPE, DATASIZE, DATASCALE, UNIQUEVALUE, NULLABLE, INDEXES, DESCRIPTION, DATAID, RELEASEID, UNIQUEKEY, INCLUDESQL, COLTYPE, FOLLOWJOHN ) values ( 'DC_E_TEST:((202)):DC_E_TEST_SERVICE:COUNT', 'ServiceType', 9, 'varchar', 35, 0, 255, 1, 'HG', 'Type of service', 'ServiceType', 'DC_E_TEST:((202))', 0, 1, 'KEY', null );
insert into Measurementcolumn ( MTABLEID, DATANAME, COLNUMBER, DATATYPE, DATASIZE, DATASCALE, UNIQUEVALUE, NULLABLE, INDEXES, DESCRIPTION, DATAID, RELEASEID, UNIQUEKEY, INCLUDESQL, COLTYPE, FOLLOWJOHN ) values ( 'DC_E_TEST:((202)):DC_E_TEST_SERVICE:COUNT', 'ServiceId', 10, 'varchar', 35, 0, 255, 1, 'HG', 'Id of service', 'ServiceId', 'DC_E_TEST:((202))', 0, 1, 'KEY', null );
insert into Measurementcolumn ( MTABLEID, DATANAME, COLNUMBER, DATATYPE, DATASIZE, DATASCALE, UNIQUEVALUE, NULLABLE, INDEXES, DESCRIPTION, DATAID, RELEASEID, UNIQUEKEY, INCLUDESQL, COLTYPE, FOLLOWJOHN ) values ( 'DC_E_TEST:((202)):DC_E_TEST_SERVICE:COUNT', 'userLabel', 11, 'varchar', 128, 0, 255, 1, 'HG', 'Label for free use', 'userLabel', 'DC_E_TEST:((202))', 0, 1, 'KEY', null );
insert into Measurementcolumn ( MTABLEID, DATANAME, COLNUMBER, DATATYPE, DATASIZE, DATASCALE, UNIQUEVALUE, NULLABLE, INDEXES, DESCRIPTION, DATAID, RELEASEID, UNIQUEKEY, INCLUDESQL, COLTYPE, FOLLOWJOHN ) values ( 'DC_E_TEST:((202)):DC_E_TEST_SERVICE:COUNT', 'DATE_ID', 12, 'date', 0, 0, 255, 1, 'LF', '', 'DATE_ID', 'BASE_TP_090421', 0, 0, 'PUBLICKEY', null );
insert into Measurementcolumn ( MTABLEID, DATANAME, COLNUMBER, DATATYPE, DATASIZE, DATASCALE, UNIQUEVALUE, NULLABLE, INDEXES, DESCRIPTION, DATAID, RELEASEID, UNIQUEKEY, INCLUDESQL, COLTYPE, FOLLOWJOHN ) values ( 'DC_E_TEST:((202)):DC_E_TEST_SERVICE:COUNT', 'YEAR_ID', 13, 'smallint', 0, 0, 20, 1, 'LF', '', 'YEAR_ID', 'BASE_TP_090421', 0, 0, 'PUBLICKEY', null );
insert into Measurementcolumn ( MTABLEID, DATANAME, COLNUMBER, DATATYPE, DATASIZE, DATASCALE, UNIQUEVALUE, NULLABLE, INDEXES, DESCRIPTION, DATAID, RELEASEID, UNIQUEKEY, INCLUDESQL, COLTYPE, FOLLOWJOHN ) values ( 'DC_E_TEST:((202)):DC_E_TEST_SERVICE:COUNT', 'MONTH_ID', 14, 'tinyint', 0, 0, 12, 1, 'LF', '', 'MONTH_ID', 'BASE_TP_090421', 0, 0, 'PUBLICKEY', null );
insert into Measurementcolumn ( MTABLEID, DATANAME, COLNUMBER, DATATYPE, DATASIZE, DATASCALE, UNIQUEVALUE, NULLABLE, INDEXES, DESCRIPTION, DATAID, RELEASEID, UNIQUEKEY, INCLUDESQL, COLTYPE, FOLLOWJOHN ) values ( 'DC_E_TEST:((202)):DC_E_TEST_SERVICE:COUNT', 'DAY_ID', 15, 'tinyint', 0, 0, 31, 1, 'LF', '', 'DAY_ID', 'BASE_TP_090421', 0, 0, 'PUBLICKEY', null );
insert into Measurementcolumn ( MTABLEID, DATANAME, COLNUMBER, DATATYPE, DATASIZE, DATASCALE, UNIQUEVALUE, NULLABLE, INDEXES, DESCRIPTION, DATAID, RELEASEID, UNIQUEKEY, INCLUDESQL, COLTYPE, FOLLOWJOHN ) values ( 'DC_E_TEST:((202)):DC_E_TEST_SERVICE:COUNT', 'HOUR_ID', 16, 'tinyint', 0, 0, 24, 1, 'LF', '', 'HOUR_ID', 'BASE_TP_090421', 0, 0, 'PUBLICKEY', null );
insert into Measurementcolumn ( MTABLEID, DATANAME, COLNUMBER, DATATYPE, DATASIZE, DATASCALE, UNIQUEVALUE, NULLABLE, INDEXES, DESCRIPTION, DATAID, RELEASEID, UNIQUEKEY, INCLUDESQL, COLTYPE, FOLLOWJOHN ) values ( 'DC_E_TEST:((202)):DC_E_TEST_SERVICE:COUNT', 'DATETIME_ID', 17, 'datetime', 0, 0, 255, 1, 'HG', '', 'DATETIME_ID', 'BASE_TP_090421', 1, 1, 'PUBLICKEY', null );
insert into Measurementcolumn ( MTABLEID, DATANAME, COLNUMBER, DATATYPE, DATASIZE, DATASCALE, UNIQUEVALUE, NULLABLE, INDEXES, DESCRIPTION, DATAID, RELEASEID, UNIQUEKEY, INCLUDESQL, COLTYPE, FOLLOWJOHN ) values ( 'DC_E_TEST:((202)):DC_E_TEST_SERVICE:COUNT', 'MIN_ID', 18, 'tinyint', 0, 0, 60, 1, 'LF', '', 'MIN_ID', 'BASE_TP_090421', 0, 0, 'PUBLICKEY', null );
insert into Measurementcolumn ( MTABLEID, DATANAME, COLNUMBER, DATATYPE, DATASIZE, DATASCALE, UNIQUEVALUE, NULLABLE, INDEXES, DESCRIPTION, DATAID, RELEASEID, UNIQUEKEY, INCLUDESQL, COLTYPE, FOLLOWJOHN ) values ( 'DC_E_TEST:((202)):DC_E_TEST_SERVICE:COUNT', 'TIMELEVEL', 19, 'varchar', 10, 0, 10, 1, 'LF', '', 'TIMELEVEL', 'BASE_TP_090421', 0, 0, 'PUBLICKEY', null );
insert into Measurementcolumn ( MTABLEID, DATANAME, COLNUMBER, DATATYPE, DATASIZE, DATASCALE, UNIQUEVALUE, NULLABLE, INDEXES, DESCRIPTION, DATAID, RELEASEID, UNIQUEKEY, INCLUDESQL, COLTYPE, FOLLOWJOHN ) values ( 'DC_E_TEST:((202)):DC_E_TEST_SERVICE:COUNT', 'SESSION_ID', 20, 'unsigned int', 0, 0, 255, 1, '', '', 'SESSION_ID', 'BASE_TP_090421', 0, 0, 'PUBLICKEY', null );
insert into Measurementcolumn ( MTABLEID, DATANAME, COLNUMBER, DATATYPE, DATASIZE, DATASCALE, UNIQUEVALUE, NULLABLE, INDEXES, DESCRIPTION, DATAID, RELEASEID, UNIQUEKEY, INCLUDESQL, COLTYPE, FOLLOWJOHN ) values ( 'DC_E_TEST:((202)):DC_E_TEST_SERVICE:COUNT', 'BATCH_ID', 21, 'smallint', 0, 0, 255, 1, '', '', 'BATCH_ID', 'BASE_TP_090421', 0, 0, 'PUBLICKEY', null );
insert into Measurementcolumn ( MTABLEID, DATANAME, COLNUMBER, DATATYPE, DATASIZE, DATASCALE, UNIQUEVALUE, NULLABLE, INDEXES, DESCRIPTION, DATAID, RELEASEID, UNIQUEKEY, INCLUDESQL, COLTYPE, FOLLOWJOHN ) values ( 'DC_E_TEST:((202)):DC_E_TEST_SERVICE:COUNT', 'PERIOD_DURATION', 22, 'unsigned int', 0, 0, 10, 1, '', '', 'PERIOD_DURATION', 'BASE_TP_090421', 0, 1, 'PUBLICKEY', null );
insert into Measurementcolumn ( MTABLEID, DATANAME, COLNUMBER, DATATYPE, DATASIZE, DATASCALE, UNIQUEVALUE, NULLABLE, INDEXES, DESCRIPTION, DATAID, RELEASEID, UNIQUEKEY, INCLUDESQL, COLTYPE, FOLLOWJOHN ) values ( 'DC_E_TEST:((202)):DC_E_TEST_SERVICE:COUNT', 'ROWSTATUS', 23, 'varchar', 16, 0, 10, 1, '', '', 'ROWSTATUS', 'BASE_TP_090421', 0, 1, 'PUBLICKEY', null );
insert into Measurementcolumn ( MTABLEID, DATANAME, COLNUMBER, DATATYPE, DATASIZE, DATASCALE, UNIQUEVALUE, NULLABLE, INDEXES, DESCRIPTION, DATAID, RELEASEID, UNIQUEKEY, INCLUDESQL, COLTYPE, FOLLOWJOHN ) values ( 'DC_E_TEST:((202)):DC_E_TEST_SERVICE:COUNT', 'DC_RELEASE', 24, 'varchar', 16, 0, 2, 1, 'LF', '', 'DC_RELEASE', 'BASE_TP_090421', 0, 1, 'PUBLICKEY', null );
insert into Measurementcolumn ( MTABLEID, DATANAME, COLNUMBER, DATATYPE, DATASIZE, DATASCALE, UNIQUEVALUE, NULLABLE, INDEXES, DESCRIPTION, DATAID, RELEASEID, UNIQUEKEY, INCLUDESQL, COLTYPE, FOLLOWJOHN ) values ( 'DC_E_TEST:((202)):DC_E_TEST_SERVICE:COUNT', 'DC_SOURCE', 25, 'varchar', 16, 0, 2, 1, 'LF', '', 'DC_SOURCE', 'BASE_TP_090421', 0, 1, 'PUBLICKEY', null );
insert into Measurementcolumn ( MTABLEID, DATANAME, COLNUMBER, DATATYPE, DATASIZE, DATASCALE, UNIQUEVALUE, NULLABLE, INDEXES, DESCRIPTION, DATAID, RELEASEID, UNIQUEKEY, INCLUDESQL, COLTYPE, FOLLOWJOHN ) values ( 'DC_E_TEST:((202)):DC_E_TEST_SERVICE:COUNT', 'DC_TIMEZONE', 26, 'varchar', 16, 0, 2, 1, 'LF', '', 'DC_TIMEZONE', 'BASE_TP_090421', 0, 1, 'PUBLICKEY', null );
insert into Measurementcolumn ( MTABLEID, DATANAME, COLNUMBER, DATATYPE, DATASIZE, DATASCALE, UNIQUEVALUE, NULLABLE, INDEXES, DESCRIPTION, DATAID, RELEASEID, UNIQUEKEY, INCLUDESQL, COLTYPE, FOLLOWJOHN ) values ( 'DC_E_TEST:((202)):DC_E_TEST_SERVICE:COUNT', 'DC_SUSPECTFLAG', 27, 'int', 0, 0, 2, 1, 'LF', '', 'DC_SUSPECTFLAG', 'BASE_TP_090421', 0, 1, 'PUBLICKEY', null );
insert into Measurementcolumn ( MTABLEID, DATANAME, COLNUMBER, DATATYPE, DATASIZE, DATASCALE, UNIQUEVALUE, NULLABLE, INDEXES, DESCRIPTION, DATAID, RELEASEID, UNIQUEKEY, INCLUDESQL, COLTYPE, FOLLOWJOHN ) values ( 'DC_E_TEST:((202)):DC_E_TEST_SERVICE:COUNT', 'UTC_DATETIME_ID', 28, 'datetime', 0, 0, 255, 1, 'HG', '', 'UTC_DATETIME_ID', 'BASE_TP_090421', 1, 1, 'PUBLICKEY', null );
insert into Measurementcolumn ( MTABLEID, DATANAME, COLNUMBER, DATATYPE, DATASIZE, DATASCALE, UNIQUEVALUE, NULLABLE, INDEXES, DESCRIPTION, DATAID, RELEASEID, UNIQUEKEY, INCLUDESQL, COLTYPE, FOLLOWJOHN ) values ( 'DC_E_TEST:((202)):DC_E_TEST_SERVICE:COUNT', 'pmForcedRelease', 29, 'numeric', 18, 0, 255, 1, '', 'pmForcedRelease:The number of devices (instances) that have been seized for this user plane service but were abnormally released. Condition: The counter is incremented when a forced device release occurs, that is, when the Digital Signal Processor (DSP) fails or the Media Stream Board (MSB) is locked or fails. Counter type: Peg Counter is reset after measurement interval: No', 'pmForcedRelease', 'DC_E_TEST:((202))', 0, 1, 'COUNTER', null );
insert into Measurementcolumn ( MTABLEID, DATANAME, COLNUMBER, DATATYPE, DATASIZE, DATASCALE, UNIQUEVALUE, NULLABLE, INDEXES, DESCRIPTION, DATAID, RELEASEID, UNIQUEKEY, INCLUDESQL, COLTYPE, FOLLOWJOHN ) values ( 'DC_E_TEST:((202)):DC_E_TEST_SERVICE:COUNT', 'pmNormalRelease', 30, 'smallint', 0, 0, 255, 1, '', 'pmNormalRelease:The number of devices (instances) that have been seized for this user plane service and were normally released. Condition: The counter is incremented when a device is released normally on a request to release a resource. Counter type: Peg Counter is reset after measurement interval: No', 'pmNormalRelease', 'DC_E_TEST:((202))', 0, 1, 'COUNTER', null );
insert into Measurementtypeclass ( TYPECLASSID, VERSIONID, DESCRIPTION ) values ( 'DC_E_TEST:((202)):DC_E_TEST_MTP2', 'DC_E_TEST:((202))', 'MTP2' );
insert into Measurementtypeclass ( TYPECLASSID, VERSIONID, DESCRIPTION ) values ( 'DC_E_TEST:((202)):DC_E_TEST_SignallingProxy', 'DC_E_TEST:((202))', 'SignallingProxy' );
insert into Measurementtypeclass ( TYPECLASSID, VERSIONID, DESCRIPTION ) values ( 'DC_E_TEST:((202)):DC_E_TEST_STS', 'DC_E_TEST:((202))', 'STS' );
insert into Measurementtypeclass ( TYPECLASSID, VERSIONID, DESCRIPTION ) values ( 'DC_E_TEST:((202)):DC_E_TEST_T1', 'DC_E_TEST:((202))', 'T1' );
insert into Measurementtypeclass ( TYPECLASSID, VERSIONID, DESCRIPTION ) values ( 'DC_E_TEST:((202)):DC_E_TEST_VPLTPBH', 'DC_E_TEST:((202))', 'VPLTPBH' );
insert into Measurementtype ( TYPEID, TYPECLASSID, TYPENAME, VENDORID, FOLDERNAME, DESCRIPTION, STATUS, VERSIONID, OBJECTID, OBJECTNAME, OBJECTVERSION, OBJECTTYPE, JOINABLE, SIZING, TOTALAGG, ELEMENTBHSUPPORT, RANKINGTABLE, DELTACALCSUPPORT, PLAINTABLE, UNIVERSEEXTENSION, VECTORSUPPORT, DATAFORMATSUPPORT, FOLLOWJOHN, ONEMINAGG, FIFTEENMINAGG, EVENTSCALCTABLE, MIXEDPARTITIONSTABLE, LOADFILE_DUP_CHECK ) values ( 'DC_E_TEST:((202)):DC_E_TEST_VCLTPBH', 'DC_E_TEST:((202)):DC_E_TEST_VPLTPBH', 'DC_E_TEST_VCLTPBH', 'DC_E_TEST', 'DC_E_TEST_VCLTPBH', 'Termination of an external VC link counters', null, 'DC_E_TEST:((202))', 'DC_E_TEST:((202)):DC_E_TEST_VCLTPBH', 'DC_E_TEST_VCLTPBH', null, null, '', 'extrasmall', 0, 0, 1, 0, 0, 'a', 0, 0, null, null, null, null, null, null );
insert into Measurementkey ( TYPEID, DATANAME, DESCRIPTION, ISELEMENT, UNIQUEKEY, COLNUMBER, DATATYPE, DATASIZE, DATASCALE, UNIQUEVALUE, NULLABLE, INDEXES, INCLUDESQL, UNIVOBJECT, JOINABLE, DATAID ) values ( 'DC_E_TEST:((202)):DC_E_TEST_VCLTPBH', 'AtmPort', 'This MO configures a physical port for ATM traffic.', 0, 1, 4, 'varchar', 35, 0, 255, 0, 'HG', 1, 'AtmPort', null, null );
insert into Measurementkey ( TYPEID, DATANAME, DESCRIPTION, ISELEMENT, UNIQUEKEY, COLNUMBER, DATATYPE, DATASIZE, DATASCALE, UNIQUEVALUE, NULLABLE, INDEXES, INCLUDESQL, UNIVOBJECT, JOINABLE, DATAID ) values ( 'DC_E_TEST:((202)):DC_E_TEST_VCLTPBH', 'OSS_ID', 'OSS Id', 0, 1, 1, 'varchar', 50, 0, 255, 0, 'HG', 1, 'OSS Id', null, null );
insert into Measurementkey ( TYPEID, DATANAME, DESCRIPTION, ISELEMENT, UNIQUEKEY, COLNUMBER, DATATYPE, DATASIZE, DATASCALE, UNIQUEVALUE, NULLABLE, INDEXES, INCLUDESQL, UNIVOBJECT, JOINABLE, DATAID ) values ( 'DC_E_TEST:((202)):DC_E_TEST_VCLTPBH', 'TEST', 'Object parent ID', 1, 1, 2, 'varchar', 64, 0, 255, 0, 'HG', 1, 'TEST', null, null );
insert into Measurementkey ( TYPEID, DATANAME, DESCRIPTION, ISELEMENT, UNIQUEKEY, COLNUMBER, DATATYPE, DATASIZE, DATASCALE, UNIQUEVALUE, NULLABLE, INDEXES, INCLUDESQL, UNIVOBJECT, JOINABLE, DATAID ) values ( 'DC_E_TEST:((202)):DC_E_TEST_VCLTPBH', 'TransportNetwork', 'Transport Network', 0, 1, 3, 'varchar', 35, 0, 255, 0, 'HG', 1, 'TransportNetwork', null, null );
insert into Measurementkey ( TYPEID, DATANAME, DESCRIPTION, ISELEMENT, UNIQUEKEY, COLNUMBER, DATATYPE, DATASIZE, DATASCALE, UNIQUEVALUE, NULLABLE, INDEXES, INCLUDESQL, UNIVOBJECT, JOINABLE, DATAID ) values ( 'DC_E_TEST:((202)):DC_E_TEST_VCLTPBH', 'VclTp', 'This MO is used to represent the termination of an external VC link in the node.', 0, 1, 7, 'varchar', 35, 0, 255, 0, 'HG', 1, 'VclTp', null, null );
insert into Measurementkey ( TYPEID, DATANAME, DESCRIPTION, ISELEMENT, UNIQUEKEY, COLNUMBER, DATATYPE, DATASIZE, DATASCALE, UNIQUEVALUE, NULLABLE, INDEXES, INCLUDESQL, UNIVOBJECT, JOINABLE, DATAID ) values ( 'DC_E_TEST:((202)):DC_E_TEST_VCLTPBH', 'VpcTp', 'Virtual path connection termination point, VpcTp, is used to represent the point where the VPC and associated overhead (F4 OAM cells) are terminated/originated.', 0, 1, 6, 'varchar', 35, 0, 255, 0, 'HG', 1, 'VpcTp', null, null );
insert into Measurementkey ( TYPEID, DATANAME, DESCRIPTION, ISELEMENT, UNIQUEKEY, COLNUMBER, DATATYPE, DATASIZE, DATASCALE, UNIQUEVALUE, NULLABLE, INDEXES, INCLUDESQL, UNIVOBJECT, JOINABLE, DATAID ) values ( 'DC_E_TEST:((202)):DC_E_TEST_VCLTPBH', 'VplTp', 'This MO is used to represent the termination of a VP link.', 0, 1, 5, 'varchar', 35, 0, 255, 0, 'HG', 1, 'VplTp', null, null );
insert into Measurementobjbhsupport ( TYPEID, OBJBHSUPPORT ) values ( 'DC_E_TEST:((202)):DC_E_TEST_VCLTPBH', 'VCLTP' );
insert into Measurementtable ( MTABLEID, TABLELEVEL, TYPEID, BASETABLENAME, DEFAULT_TEMPLATE, PARTITIONPLAN ) values ( 'DC_E_TEST:((202)):DC_E_TEST_VCLTPBH:RANKBH', 'RANKBH', 'DC_E_TEST:((202)):DC_E_TEST_VCLTPBH', 'DC_E_TEST_VCLTPBH_RANKBH', null, 'extrasmall_rankbh' );
insert into Measurementcolumn ( MTABLEID, DATANAME, COLNUMBER, DATATYPE, DATASIZE, DATASCALE, UNIQUEVALUE, NULLABLE, INDEXES, DESCRIPTION, DATAID, RELEASEID, UNIQUEKEY, INCLUDESQL, COLTYPE, FOLLOWJOHN ) values ( 'DC_E_TEST:((202)):DC_E_TEST_VCLTPBH:RANKBH', 'OSS_ID', 1, 'varchar', 50, 0, 255, 0, 'HG', 'OSS Id', 'OSS_ID', 'DC_E_TEST:((202))', 1, 1, 'KEY', null );
insert into Measurementcolumn ( MTABLEID, DATANAME, COLNUMBER, DATATYPE, DATASIZE, DATASCALE, UNIQUEVALUE, NULLABLE, INDEXES, DESCRIPTION, DATAID, RELEASEID, UNIQUEKEY, INCLUDESQL, COLTYPE, FOLLOWJOHN ) values ( 'DC_E_TEST:((202)):DC_E_TEST_VCLTPBH:RANKBH', 'TEST', 2, 'varchar', 64, 0, 255, 0, 'HG', 'Object parent ID', 'TEST', 'DC_E_TEST:((202))', 1, 1, 'KEY', null );
insert into Measurementcolumn ( MTABLEID, DATANAME, COLNUMBER, DATATYPE, DATASIZE, DATASCALE, UNIQUEVALUE, NULLABLE, INDEXES, DESCRIPTION, DATAID, RELEASEID, UNIQUEKEY, INCLUDESQL, COLTYPE, FOLLOWJOHN ) values ( 'DC_E_TEST:((202)):DC_E_TEST_VCLTPBH:RANKBH', 'TransportNetwork', 3, 'varchar', 35, 0, 255, 0, 'HG', 'Transport Network', 'TransportNetwork', 'DC_E_TEST:((202))', 1, 1, 'KEY', null );
insert into Measurementcolumn ( MTABLEID, DATANAME, COLNUMBER, DATATYPE, DATASIZE, DATASCALE, UNIQUEVALUE, NULLABLE, INDEXES, DESCRIPTION, DATAID, RELEASEID, UNIQUEKEY, INCLUDESQL, COLTYPE, FOLLOWJOHN ) values ( 'DC_E_TEST:((202)):DC_E_TEST_VCLTPBH:RANKBH', 'AtmPort', 4, 'varchar', 35, 0, 255, 0, 'HG', 'This MO configures a physical port for ATM traffic.', 'AtmPort', 'DC_E_TEST:((202))', 1, 1, 'KEY', null );
insert into Measurementcolumn ( MTABLEID, DATANAME, COLNUMBER, DATATYPE, DATASIZE, DATASCALE, UNIQUEVALUE, NULLABLE, INDEXES, DESCRIPTION, DATAID, RELEASEID, UNIQUEKEY, INCLUDESQL, COLTYPE, FOLLOWJOHN ) values ( 'DC_E_TEST:((202)):DC_E_TEST_VCLTPBH:RANKBH', 'BHVALUE', 10, 'numeric', 18, 8, 255, 1, 'HNG', '', 'BHVALUE', 'BASE_TP_090421', 0, 0, 'PUBLICKEY', null );
insert into Measurementcolumn ( MTABLEID, DATANAME, COLNUMBER, DATATYPE, DATASIZE, DATASCALE, UNIQUEVALUE, NULLABLE, INDEXES, DESCRIPTION, DATAID, RELEASEID, UNIQUEKEY, INCLUDESQL, COLTYPE, FOLLOWJOHN ) values ( 'DC_E_TEST:((202)):DC_E_TEST_VCLTPBH:RANKBH', 'BHCLASS', 11, 'tinyint', 0, 0, 10, 1, 'LF', '', 'BHCLASS', 'BASE_TP_090421', 0, 0, 'PUBLICKEY', null );
insert into Measurementcolumn ( MTABLEID, DATANAME, COLNUMBER, DATATYPE, DATASIZE, DATASCALE, UNIQUEVALUE, NULLABLE, INDEXES, DESCRIPTION, DATAID, RELEASEID, UNIQUEKEY, INCLUDESQL, COLTYPE, FOLLOWJOHN ) values ( 'DC_E_TEST:((202)):DC_E_TEST_VCLTPBH:RANKBH', 'WEEKBH', 12, 'tinyint', 0, 0, 2, 1, 'LF', '', 'WEEKBH', 'BASE_TP_090421', 0, 0, 'PUBLICKEY', null );
insert into Measurementcolumn ( MTABLEID, DATANAME, COLNUMBER, DATATYPE, DATASIZE, DATASCALE, UNIQUEVALUE, NULLABLE, INDEXES, DESCRIPTION, DATAID, RELEASEID, UNIQUEKEY, INCLUDESQL, COLTYPE, FOLLOWJOHN ) values ( 'DC_E_TEST:((202)):DC_E_TEST_VCLTPBH:RANKBH', 'MONTHBH', 13, 'tinyint', 0, 0, 2, 1, 'LF', '', 'MONTHBH', 'BASE_TP_090421', 0, 0, 'PUBLICKEY', null );
insert into Measurementcolumn ( MTABLEID, DATANAME, COLNUMBER, DATATYPE, DATASIZE, DATASCALE, UNIQUEVALUE, NULLABLE, INDEXES, DESCRIPTION, DATAID, RELEASEID, UNIQUEKEY, INCLUDESQL, COLTYPE, FOLLOWJOHN ) values ( 'DC_E_TEST:((202)):DC_E_TEST_VCLTPBH:RANKBH', 'BUSYHOUR', 14, 'tinyint', 0, 0, 24, 1, 'LF', '', 'BUSYHOUR', 'BASE_TP_090421', 0, 0, 'PUBLICKEY', null );
insert into Measurementcolumn ( MTABLEID, DATANAME, COLNUMBER, DATATYPE, DATASIZE, DATASCALE, UNIQUEVALUE, NULLABLE, INDEXES, DESCRIPTION, DATAID, RELEASEID, UNIQUEKEY, INCLUDESQL, COLTYPE, FOLLOWJOHN ) values ( 'DC_E_TEST:((202)):DC_E_TEST_VCLTPBH:RANKBH', 'DATACOVERAGE', 15, 'unsigned int', 0, 0, 255, 1, '', '', 'DATACOVERAGE', 'BASE_TP_090421', 0, 1, 'PUBLICKEY', null );
insert into Measurementcolumn ( MTABLEID, DATANAME, COLNUMBER, DATATYPE, DATASIZE, DATASCALE, UNIQUEVALUE, NULLABLE, INDEXES, DESCRIPTION, DATAID, RELEASEID, UNIQUEKEY, INCLUDESQL, COLTYPE, FOLLOWJOHN ) values ( 'DC_E_TEST:((202)):DC_E_TEST_VCLTPBH:RANKBH', 'PERIOD_DURATION', 16, 'unsigned int', 0, 0, 10, 1, '', '', 'PERIOD_DURATION', 'BASE_TP_090421', 0, 1, 'PUBLICKEY', null );
insert into Measurementcolumn ( MTABLEID, DATANAME, COLNUMBER, DATATYPE, DATASIZE, DATASCALE, UNIQUEVALUE, NULLABLE, INDEXES, DESCRIPTION, DATAID, RELEASEID, UNIQUEKEY, INCLUDESQL, COLTYPE, FOLLOWJOHN ) values ( 'DC_E_TEST:((202)):DC_E_TEST_VCLTPBH:RANKBH', 'TIMELEVEL', 17, 'varchar', 10, 0, 10, 1, 'LF', '', 'TIMELEVEL', 'BASE_TP_090421', 0, 0, 'PUBLICKEY', null );
insert into Measurementcolumn ( MTABLEID, DATANAME, COLNUMBER, DATATYPE, DATASIZE, DATASCALE, UNIQUEVALUE, NULLABLE, INDEXES, DESCRIPTION, DATAID, RELEASEID, UNIQUEKEY, INCLUDESQL, COLTYPE, FOLLOWJOHN ) values ( 'DC_E_TEST:((202)):DC_E_TEST_VCLTPBH:RANKBH', 'SESSION_ID', 18, 'unsigned int', 0, 0, 255, 1, '', '', 'SESSION_ID', 'BASE_TP_090421', 0, 0, 'PUBLICKEY', null );
insert into Measurementcolumn ( MTABLEID, DATANAME, COLNUMBER, DATATYPE, DATASIZE, DATASCALE, UNIQUEVALUE, NULLABLE, INDEXES, DESCRIPTION, DATAID, RELEASEID, UNIQUEKEY, INCLUDESQL, COLTYPE, FOLLOWJOHN ) values ( 'DC_E_TEST:((202)):DC_E_TEST_VCLTPBH:RANKBH', 'BATCH_ID', 19, 'smallint', 0, 0, 255, 1, '', '', 'BATCH_ID', 'BASE_TP_090421', 0, 0, 'PUBLICKEY', null );
insert into Measurementcolumn ( MTABLEID, DATANAME, COLNUMBER, DATATYPE, DATASIZE, DATASCALE, UNIQUEVALUE, NULLABLE, INDEXES, DESCRIPTION, DATAID, RELEASEID, UNIQUEKEY, INCLUDESQL, COLTYPE, FOLLOWJOHN ) values ( 'DC_E_TEST:((202)):DC_E_TEST_VCLTPBH:RANKBH', 'ROWSTATUS', 20, 'varchar', 16, 0, 10, 1, '', '', 'ROWSTATUS', 'BASE_TP_090421', 0, 1, 'PUBLICKEY', null );
insert into Measurementcolumn ( MTABLEID, DATANAME, COLNUMBER, DATATYPE, DATASIZE, DATASCALE, UNIQUEVALUE, NULLABLE, INDEXES, DESCRIPTION, DATAID, RELEASEID, UNIQUEKEY, INCLUDESQL, COLTYPE, FOLLOWJOHN ) values ( 'DC_E_TEST:((202)):DC_E_TEST_VCLTPBH:RANKBH', 'DC_RELEASE', 21, 'varchar', 16, 0, 2, 1, 'LF', '', 'DC_RELEASE', 'BASE_TP_090421', 0, 1, 'PUBLICKEY', null );
insert into Measurementcolumn ( MTABLEID, DATANAME, COLNUMBER, DATATYPE, DATASIZE, DATASCALE, UNIQUEVALUE, NULLABLE, INDEXES, DESCRIPTION, DATAID, RELEASEID, UNIQUEKEY, INCLUDESQL, COLTYPE, FOLLOWJOHN ) values ( 'DC_E_TEST:((202)):DC_E_TEST_VCLTPBH:RANKBH', 'DC_SOURCE', 22, 'varchar', 16, 0, 2, 1, 'LF', '', 'DC_SOURCE', 'BASE_TP_090421', 0, 1, 'PUBLICKEY', null );
insert into Measurementcolumn ( MTABLEID, DATANAME, COLNUMBER, DATATYPE, DATASIZE, DATASCALE, UNIQUEVALUE, NULLABLE, INDEXES, DESCRIPTION, DATAID, RELEASEID, UNIQUEKEY, INCLUDESQL, COLTYPE, FOLLOWJOHN ) values ( 'DC_E_TEST:((202)):DC_E_TEST_VCLTPBH:RANKBH', 'DC_TIMEZONE', 23, 'varchar', 16, 0, 2, 1, 'LF', '', 'DC_TIMEZONE', 'BASE_TP_090421', 0, 1, 'PUBLICKEY', null );
insert into Measurementcolumn ( MTABLEID, DATANAME, COLNUMBER, DATATYPE, DATASIZE, DATASCALE, UNIQUEVALUE, NULLABLE, INDEXES, DESCRIPTION, DATAID, RELEASEID, UNIQUEKEY, INCLUDESQL, COLTYPE, FOLLOWJOHN ) values ( 'DC_E_TEST:((202)):DC_E_TEST_VCLTPBH:RANKBH', 'DC_SUSPECTFLAG', 24, 'int', 0, 0, 2, 1, 'LF', '', 'DC_SUSPECTFLAG', 'BASE_TP_090421', 0, 1, 'PUBLICKEY', null );
insert into Measurementcolumn ( MTABLEID, DATANAME, COLNUMBER, DATATYPE, DATASIZE, DATASCALE, UNIQUEVALUE, NULLABLE, INDEXES, DESCRIPTION, DATAID, RELEASEID, UNIQUEKEY, INCLUDESQL, COLTYPE, FOLLOWJOHN ) values ( 'DC_E_TEST:((202)):DC_E_TEST_VCLTPBH:RANKBH', 'BH_ID', 25, 'unsigned int', 0, 0, 255, 1, 'LF', '', 'BH_ID', 'BASE_TP_20101117', 0, 0, 'PUBLICKEY', null );
insert into Measurementcolumn ( MTABLEID, DATANAME, COLNUMBER, DATATYPE, DATASIZE, DATASCALE, UNIQUEVALUE, NULLABLE, INDEXES, DESCRIPTION, DATAID, RELEASEID, UNIQUEKEY, INCLUDESQL, COLTYPE, FOLLOWJOHN ) values ( 'DC_E_TEST:((202)):DC_E_TEST_VCLTPBH:RANKBH', 'WINDOWSIZE', 26, 'unsigned int', 0, 0, 255, 1, '', '', 'WINDOWSIZE', 'BASE_TP_20101117', 0, 0, 'PUBLICKEY', null );
insert into Measurementcolumn ( MTABLEID, DATANAME, COLNUMBER, DATATYPE, DATASIZE, DATASCALE, UNIQUEVALUE, NULLABLE, INDEXES, DESCRIPTION, DATAID, RELEASEID, UNIQUEKEY, INCLUDESQL, COLTYPE, FOLLOWJOHN ) values ( 'DC_E_TEST:((202)):DC_E_TEST_VCLTPBH:RANKBH', 'OFFSET', 27, 'unsigned int', 0, 0, 255, 1, '', '', 'OFFSET', 'BASE_TP_20101117', 0, 0, 'PUBLICKEY', null );
insert into Measurementcolumn ( MTABLEID, DATANAME, COLNUMBER, DATATYPE, DATASIZE, DATASCALE, UNIQUEVALUE, NULLABLE, INDEXES, DESCRIPTION, DATAID, RELEASEID, UNIQUEKEY, INCLUDESQL, COLTYPE, FOLLOWJOHN ) values ( 'DC_E_TEST:((202)):DC_E_TEST_VCLTPBH:RANKBH', 'BHOBJECT', 28, 'varchar', 30, 0, 2, 1, 'LF', '', 'BHOBJECT', 'BASE_TP_20101117', 0, 0, 'PUBLICKEY', null );
insert into Measurementcolumn ( MTABLEID, DATANAME, COLNUMBER, DATATYPE, DATASIZE, DATASCALE, UNIQUEVALUE, NULLABLE, INDEXES, DESCRIPTION, DATAID, RELEASEID, UNIQUEKEY, INCLUDESQL, COLTYPE, FOLLOWJOHN ) values ( 'DC_E_TEST:((202)):DC_E_TEST_VCLTPBH:RANKBH', 'VplTp', 5, 'varchar', 35, 0, 255, 0, 'HG', 'This MO is used to represent the termination of a VP link.', 'VplTp', 'DC_E_TEST:((202))', 1, 1, 'KEY', null );
insert into Measurementcolumn ( MTABLEID, DATANAME, COLNUMBER, DATATYPE, DATASIZE, DATASCALE, UNIQUEVALUE, NULLABLE, INDEXES, DESCRIPTION, DATAID, RELEASEID, UNIQUEKEY, INCLUDESQL, COLTYPE, FOLLOWJOHN ) values ( 'DC_E_TEST:((202)):DC_E_TEST_VCLTPBH:RANKBH', 'VpcTp', 6, 'varchar', 35, 0, 255, 0, 'HG', 'Virtual path connection termination point, VpcTp, is used to represent the point where the VPC and associated overhead (F4 OAM cells) are terminated/originated.', 'VpcTp', 'DC_E_TEST:((202))', 1, 1, 'KEY', null );
insert into Measurementcolumn ( MTABLEID, DATANAME, COLNUMBER, DATATYPE, DATASIZE, DATASCALE, UNIQUEVALUE, NULLABLE, INDEXES, DESCRIPTION, DATAID, RELEASEID, UNIQUEKEY, INCLUDESQL, COLTYPE, FOLLOWJOHN ) values ( 'DC_E_TEST:((202)):DC_E_TEST_VCLTPBH:RANKBH', 'VclTp', 7, 'varchar', 35, 0, 255, 0, 'HG', 'This MO is used to represent the termination of an external VC link in the node.', 'VclTp', 'DC_E_TEST:((202))', 1, 1, 'KEY', null );
insert into Measurementcolumn ( MTABLEID, DATANAME, COLNUMBER, DATATYPE, DATASIZE, DATASCALE, UNIQUEVALUE, NULLABLE, INDEXES, DESCRIPTION, DATAID, RELEASEID, UNIQUEKEY, INCLUDESQL, COLTYPE, FOLLOWJOHN ) values ( 'DC_E_TEST:((202)):DC_E_TEST_VCLTPBH:RANKBH', 'DATE_ID', 8, 'date', 0, 0, 255, 1, 'LF', '', 'DATE_ID', 'BASE_TP_090421', 1, 0, 'PUBLICKEY', null );
insert into Measurementcolumn ( MTABLEID, DATANAME, COLNUMBER, DATATYPE, DATASIZE, DATASCALE, UNIQUEVALUE, NULLABLE, INDEXES, DESCRIPTION, DATAID, RELEASEID, UNIQUEKEY, INCLUDESQL, COLTYPE, FOLLOWJOHN ) values ( 'DC_E_TEST:((202)):DC_E_TEST_VCLTPBH:RANKBH', 'BHTYPE', 9, 'varchar', 50, 0, 20, 1, 'LF', '', 'BHTYPE', 'BASE_TP_090421', 1, 0, 'PUBLICKEY', null );
insert into Measurementtypeclass ( TYPECLASSID, VERSIONID, DESCRIPTION ) values ( 'DC_E_TEST:((202)):DC_E_TEST_IP', 'DC_E_TEST:((202))', 'IP' );
insert into Measurementtypeclass ( TYPECLASSID, VERSIONID, DESCRIPTION ) values ( 'DC_E_TEST:((202)):DC_E_TEST_Vtest', 'DC_E_TEST:((202))', 'Vtest' );
insert into Measurementtypeclass ( TYPECLASSID, VERSIONID, DESCRIPTION ) values ( 'DC_E_TEST:((202)):DC_E_TEST_PlugInUnit', 'DC_E_TEST:((202))', 'PlugInUnit' );
insert into Measurementtypeclass ( TYPECLASSID, VERSIONID, DESCRIPTION ) values ( 'DC_E_TEST:((202)):DC_E_TEST_ATM', 'DC_E_TEST:((202))', 'ATM' );
insert into Measurementtype ( TYPEID, TYPECLASSID, TYPENAME, VENDORID, FOLDERNAME, DESCRIPTION, STATUS, VERSIONID, OBJECTID, OBJECTNAME, OBJECTVERSION, OBJECTTYPE, JOINABLE, SIZING, TOTALAGG, ELEMENTBHSUPPORT, RANKINGTABLE, DELTACALCSUPPORT, PLAINTABLE, UNIVERSEEXTENSION, VECTORSUPPORT, DATAFORMATSUPPORT, FOLLOWJOHN, ONEMINAGG, FIFTEENMINAGG, EVENTSCALCTABLE, MIXEDPARTITIONSTABLE, LOADFILE_DUP_CHECK ) values ( 'DC_E_TEST:((202)):DC_E_TEST_VCLTP', 'DC_E_TEST:((202)):DC_E_TEST_ATM', 'DC_E_TEST_VCLTP', 'DC_E_TEST', 'DC_E_TEST_VCLTP', 'Termination of an external VC link counters. In release R5.0 absolute and the not delta value will be stored in the database.', null, 'DC_E_TEST:((202))', 'DC_E_TEST:((202)):DC_E_TEST_VCLTP', 'DC_E_TEST_VCLTP', null, null, '', 'extrasmall', 1, 1, 0, 1, 0, 'a', 0, 1, null, null, null, null, null, null );
insert into Measurementkey ( TYPEID, DATANAME, DESCRIPTION, ISELEMENT, UNIQUEKEY, COLNUMBER, DATATYPE, DATASIZE, DATASCALE, UNIQUEVALUE, NULLABLE, INDEXES, INCLUDESQL, UNIVOBJECT, JOINABLE, DATAID ) values ( 'DC_E_TEST:((202)):DC_E_TEST_VCLTP', 'AtmPort', 'This MO configures a physical port for ATM traffic.', 0, 0, 9, 'varchar', 35, 0, 255, 1, 'HG', 1, 'AtmPort', null, 'MOID.AtmPort' );
insert into Measurementkey ( TYPEID, DATANAME, DESCRIPTION, ISELEMENT, UNIQUEKEY, COLNUMBER, DATATYPE, DATASIZE, DATASCALE, UNIQUEVALUE, NULLABLE, INDEXES, INCLUDESQL, UNIVOBJECT, JOINABLE, DATAID ) values ( 'DC_E_TEST:((202)):DC_E_TEST_VCLTP', 'atmTrafficDescriptorId', 'Reference to the AtmTrafficDescriptor profile.', 0, 0, 13, 'varchar', 255, 0, 255, 1, 'HG', 1, 'AtmTrafficDescriptorId', null, 'atmTrafficDescriptorId' );
insert into Measurementkey ( TYPEID, DATANAME, DESCRIPTION, ISELEMENT, UNIQUEKEY, COLNUMBER, DATATYPE, DATASIZE, DATASCALE, UNIQUEVALUE, NULLABLE, INDEXES, INCLUDESQL, UNIVOBJECT, JOINABLE, DATAID ) values ( 'DC_E_TEST:((202)):DC_E_TEST_VCLTP', 'MOID', 'Measured Object Id', 0, 1, 7, 'varchar', 255, 0, 255, 0, 'HG', 1, 'MOID', null, 'MOID' );
insert into Measurementkey ( TYPEID, DATANAME, DESCRIPTION, ISELEMENT, UNIQUEKEY, COLNUMBER, DATATYPE, DATASIZE, DATASCALE, UNIQUEVALUE, NULLABLE, INDEXES, INCLUDESQL, UNIVOBJECT, JOINABLE, DATAID ) values ( 'DC_E_TEST:((202)):DC_E_TEST_VCLTP', 'NEDN', 'Network element distinguished name', 0, 0, 4, 'varchar', 255, 0, 255, 1, '', 1, '', null, 'nedn' );
insert into Measurementkey ( TYPEID, DATANAME, DESCRIPTION, ISELEMENT, UNIQUEKEY, COLNUMBER, DATATYPE, DATASIZE, DATASCALE, UNIQUEVALUE, NULLABLE, INDEXES, INCLUDESQL, UNIVOBJECT, JOINABLE, DATAID ) values ( 'DC_E_TEST:((202)):DC_E_TEST_VCLTP', 'NESW', 'Network element software version', 0, 0, 5, 'varchar', 35, 0, 255, 1, '', 1, 'NESW', null, 'nesw' );
insert into Measurementkey ( TYPEID, DATANAME, DESCRIPTION, ISELEMENT, UNIQUEKEY, COLNUMBER, DATATYPE, DATASIZE, DATASCALE, UNIQUEVALUE, NULLABLE, INDEXES, INCLUDESQL, UNIVOBJECT, JOINABLE, DATAID ) values ( 'DC_E_TEST:((202)):DC_E_TEST_VCLTP', 'NEUN', 'Network element user name', 0, 0, 3, 'varchar', 64, 0, 255, 1, '', 1, 'NEUN', null, 'neun' );
insert into Measurementkey ( TYPEID, DATANAME, DESCRIPTION, ISELEMENT, UNIQUEKEY, COLNUMBER, DATATYPE, DATASIZE, DATASCALE, UNIQUEVALUE, NULLABLE, INDEXES, INCLUDESQL, UNIVOBJECT, JOINABLE, DATAID ) values ( 'DC_E_TEST:((202)):DC_E_TEST_VCLTP', 'OSS_ID', 'OSS Id', 0, 1, 1, 'varchar', 50, 0, 255, 0, 'HG', 1, 'OSS Id', null, 'OSS_ID' );
insert into Measurementkey ( TYPEID, DATANAME, DESCRIPTION, ISELEMENT, UNIQUEKEY, COLNUMBER, DATATYPE, DATASIZE, DATASCALE, UNIQUEVALUE, NULLABLE, INDEXES, INCLUDESQL, UNIVOBJECT, JOINABLE, DATAID ) values ( 'DC_E_TEST:((202)):DC_E_TEST_VCLTP', 'SN', 'Sendername', 0, 0, 2, 'varchar', 255, 0, 255, 1, '', 1, '', null, 'SN' );
insert into Measurementkey ( TYPEID, DATANAME, DESCRIPTION, ISELEMENT, UNIQUEKEY, COLNUMBER, DATATYPE, DATASIZE, DATASCALE, UNIQUEVALUE, NULLABLE, INDEXES, INCLUDESQL, UNIVOBJECT, JOINABLE, DATAID ) values ( 'DC_E_TEST:((202)):DC_E_TEST_VCLTP', 'TEST', 'Object parent ID', 1, 1, 6, 'varchar', 64, 0, 255, 0, 'HG', 1, 'TEST', null, 'NEName' );
insert into Measurementkey ( TYPEID, DATANAME, DESCRIPTION, ISELEMENT, UNIQUEKEY, COLNUMBER, DATATYPE, DATASIZE, DATASCALE, UNIQUEVALUE, NULLABLE, INDEXES, INCLUDESQL, UNIVOBJECT, JOINABLE, DATAID ) values ( 'DC_E_TEST:((202)):DC_E_TEST_VCLTP', 'TransportNetwork', 'Transport Network', 0, 0, 8, 'varchar', 35, 0, 255, 1, 'HG', 1, 'TransportNetwork', null, 'MOID.TransportNetwork' );
insert into Measurementkey ( TYPEID, DATANAME, DESCRIPTION, ISELEMENT, UNIQUEKEY, COLNUMBER, DATATYPE, DATASIZE, DATASCALE, UNIQUEVALUE, NULLABLE, INDEXES, INCLUDESQL, UNIVOBJECT, JOINABLE, DATAID ) values ( 'DC_E_TEST:((202)):DC_E_TEST_VCLTP', 'userLabel', 'Label for free use', 0, 0, 14, 'varchar', 128, 0, 255, 1, 'HG', 1, 'userLabel', null, 'userLabel' );
insert into Measurementkey ( TYPEID, DATANAME, DESCRIPTION, ISELEMENT, UNIQUEKEY, COLNUMBER, DATATYPE, DATASIZE, DATASCALE, UNIQUEVALUE, NULLABLE, INDEXES, INCLUDESQL, UNIVOBJECT, JOINABLE, DATAID ) values ( 'DC_E_TEST:((202)):DC_E_TEST_VCLTP', 'VclTp', 'This MO is used to represent the termination of an external VC link in the node.', 0, 0, 12, 'varchar', 35, 0, 255, 1, 'HG', 1, 'VclTp', null, 'MOID.VclTp' );
insert into Measurementkey ( TYPEID, DATANAME, DESCRIPTION, ISELEMENT, UNIQUEKEY, COLNUMBER, DATATYPE, DATASIZE, DATASCALE, UNIQUEVALUE, NULLABLE, INDEXES, INCLUDESQL, UNIVOBJECT, JOINABLE, DATAID ) values ( 'DC_E_TEST:((202)):DC_E_TEST_VCLTP', 'VpcTp', 'Virtual path connection termination point, VpcTp, is used to represent the point where the VPC and associated overhead (F4 OAM cells) are terminated/originated.', 0, 0, 11, 'varchar', 35, 0, 255, 1, 'HG', 1, 'VpcTp', null, 'MOID.VpcTp' );
insert into Measurementkey ( TYPEID, DATANAME, DESCRIPTION, ISELEMENT, UNIQUEKEY, COLNUMBER, DATATYPE, DATASIZE, DATASCALE, UNIQUEVALUE, NULLABLE, INDEXES, INCLUDESQL, UNIVOBJECT, JOINABLE, DATAID ) values ( 'DC_E_TEST:((202)):DC_E_TEST_VCLTP', 'VplTp', 'This MO is used to represent the termination of a VP link.', 0, 0, 10, 'varchar', 35, 0, 255, 1, 'HG', 1, 'VplTp', null, 'MOID.VplTp' );
insert into Measurementcounter ( TYPEID, DATANAME, DESCRIPTION, TIMEAGGREGATION, GROUPAGGREGATION, COUNTAGGREGATION, COLNUMBER, DATATYPE, DATASIZE, DATASCALE, INCLUDESQL, UNIVOBJECT, UNIVCLASS, COUNTERTYPE, COUNTERPROCESS, DATAID, FOLLOWJOHN ) values ( 'DC_E_TEST:((202)):DC_E_TEST_VCLTP', 'pmReceivedAtmCells', 'pmReceivedAtmCells: Number of received ATM cells. Condition: This counter is incremented for each received ATM cell. Counter is reset after measurement period: Yes Counter type: PEG Unit: Number of cells', 'SUM', 'SUM', 'PEG', 101, 'numeric', 18, 0, 1, 'pmReceivedAtmCells', '', 'PEG', 'PEG', 'pmReceivedAtmCells', null );
insert into Measurementcounter ( TYPEID, DATANAME, DESCRIPTION, TIMEAGGREGATION, GROUPAGGREGATION, COUNTAGGREGATION, COLNUMBER, DATATYPE, DATASIZE, DATASCALE, INCLUDESQL, UNIVOBJECT, UNIVCLASS, COUNTERTYPE, COUNTERPROCESS, DATAID, FOLLOWJOHN ) values ( 'DC_E_TEST:((202)):DC_E_TEST_VCLTP', 'pmTransmittedAtmCells', 'pmTransmittedAtmCells: Number of transmitted ATM cells. Condition: This counter is incremented for each transmitted ATM cell. Counter is reset after measurement period: Yes Counter type: PEG Unit: Number of cells', 'SUM', 'SUM', 'PEG', 102, 'numeric', 18, 0, 1, 'pmTransmittedAtmCells', '', 'PEG', 'PEG', 'pmTransmittedAtmCells', null );
insert into Measurementcounter ( TYPEID, DATANAME, DESCRIPTION, TIMEAGGREGATION, GROUPAGGREGATION, COUNTAGGREGATION, COLNUMBER, DATATYPE, DATASIZE, DATASCALE, INCLUDESQL, UNIVOBJECT, UNIVCLASS, COUNTERTYPE, COUNTERPROCESS, DATAID, FOLLOWJOHN ) values ( 'DC_E_TEST:((202)):DC_E_TEST_VCLTP', 'NEW_COUNTER', 'pmTransmittedAtmCells: Number of transmitted ATM cells. Condition: This counter is incremented for each transmitted ATM cell. Counter is reset after measurement period: Yes Counter type: PEG Unit: Number of cells', 'SUM', 'SUM', 'PEG', 103, 'datetime', 0, 0, 0, 'NEW_COUNTER', '', 'PEG', 'PEG', 'pmTransmittedAtmCells-2', null );
insert into Measurementobjbhsupport ( TYPEID, OBJBHSUPPORT ) values ( 'DC_E_TEST:((202)):DC_E_TEST_VCLTP', 'VCLTP' );
insert into Measurementtable ( MTABLEID, TABLELEVEL, TYPEID, BASETABLENAME, DEFAULT_TEMPLATE, PARTITIONPLAN ) values ( 'DC_E_TEST:((202)):DC_E_TEST_VCLTP:RAW', 'RAW', 'DC_E_TEST:((202)):DC_E_TEST_VCLTP', 'DC_E_TEST_VCLTP_RAW', null, 'extrasmall_raw' );
insert into Measurementcolumn ( MTABLEID, DATANAME, COLNUMBER, DATATYPE, DATASIZE, DATASCALE, UNIQUEVALUE, NULLABLE, INDEXES, DESCRIPTION, DATAID, RELEASEID, UNIQUEKEY, INCLUDESQL, COLTYPE, FOLLOWJOHN ) values ( 'DC_E_TEST:((202)):DC_E_TEST_VCLTP:RAW', 'OSS_ID', 1, 'varchar', 50, 0, 255, 0, 'HG', 'OSS Id', 'OSS_ID', 'DC_E_TEST:((202))', 1, 1, 'KEY', null );
insert into Measurementcolumn ( MTABLEID, DATANAME, COLNUMBER, DATATYPE, DATASIZE, DATASCALE, UNIQUEVALUE, NULLABLE, INDEXES, DESCRIPTION, DATAID, RELEASEID, UNIQUEKEY, INCLUDESQL, COLTYPE, FOLLOWJOHN ) values ( 'DC_E_TEST:((202)):DC_E_TEST_VCLTP:RAW', 'SN', 2, 'varchar', 255, 0, 255, 1, '', 'Sendername', 'SN', 'DC_E_TEST:((202))', 0, 1, 'KEY', null );
insert into Measurementcolumn ( MTABLEID, DATANAME, COLNUMBER, DATATYPE, DATASIZE, DATASCALE, UNIQUEVALUE, NULLABLE, INDEXES, DESCRIPTION, DATAID, RELEASEID, UNIQUEKEY, INCLUDESQL, COLTYPE, FOLLOWJOHN ) values ( 'DC_E_TEST:((202)):DC_E_TEST_VCLTP:RAW', 'NEUN', 3, 'varchar', 64, 0, 255, 1, '', 'Network element user name', 'neun', 'DC_E_TEST:((202))', 0, 1, 'KEY', null );
insert into Measurementcolumn ( MTABLEID, DATANAME, COLNUMBER, DATATYPE, DATASIZE, DATASCALE, UNIQUEVALUE, NULLABLE, INDEXES, DESCRIPTION, DATAID, RELEASEID, UNIQUEKEY, INCLUDESQL, COLTYPE, FOLLOWJOHN ) values ( 'DC_E_TEST:((202)):DC_E_TEST_VCLTP:RAW', 'NEDN', 4, 'varchar', 255, 0, 255, 1, '', 'Network element distinguished name', 'nedn', 'DC_E_TEST:((202))', 0, 1, 'KEY', null );
insert into Measurementcolumn ( MTABLEID, DATANAME, COLNUMBER, DATATYPE, DATASIZE, DATASCALE, UNIQUEVALUE, NULLABLE, INDEXES, DESCRIPTION, DATAID, RELEASEID, UNIQUEKEY, INCLUDESQL, COLTYPE, FOLLOWJOHN ) values ( 'DC_E_TEST:((202)):DC_E_TEST_VCLTP:RAW', 'NESW', 5, 'varchar', 35, 0, 255, 1, '', 'Network element software version', 'nesw', 'DC_E_TEST:((202))', 0, 1, 'KEY', null );
insert into Measurementcolumn ( MTABLEID, DATANAME, COLNUMBER, DATATYPE, DATASIZE, DATASCALE, UNIQUEVALUE, NULLABLE, INDEXES, DESCRIPTION, DATAID, RELEASEID, UNIQUEKEY, INCLUDESQL, COLTYPE, FOLLOWJOHN ) values ( 'DC_E_TEST:((202)):DC_E_TEST_VCLTP:RAW', 'TEST', 6, 'varchar', 64, 0, 255, 0, 'HG', 'Object parent ID', 'NEName', 'DC_E_TEST:((202))', 1, 1, 'KEY', null );
insert into Measurementcolumn ( MTABLEID, DATANAME, COLNUMBER, DATATYPE, DATASIZE, DATASCALE, UNIQUEVALUE, NULLABLE, INDEXES, DESCRIPTION, DATAID, RELEASEID, UNIQUEKEY, INCLUDESQL, COLTYPE, FOLLOWJOHN ) values ( 'DC_E_TEST:((202)):DC_E_TEST_VCLTP:RAW', 'MOID', 7, 'varchar', 255, 0, 255, 0, 'HG', 'Measured Object Id', 'MOID', 'DC_E_TEST:((202))', 1, 1, 'KEY', null );
insert into Measurementcolumn ( MTABLEID, DATANAME, COLNUMBER, DATATYPE, DATASIZE, DATASCALE, UNIQUEVALUE, NULLABLE, INDEXES, DESCRIPTION, DATAID, RELEASEID, UNIQUEKEY, INCLUDESQL, COLTYPE, FOLLOWJOHN ) values ( 'DC_E_TEST:((202)):DC_E_TEST_VCLTP:RAW', 'TransportNetwork', 8, 'varchar', 35, 0, 255, 1, 'HG', 'Transport Network', 'MOID.TransportNetwork', 'DC_E_TEST:((202))', 0, 1, 'KEY', null );
insert into Measurementcolumn ( MTABLEID, DATANAME, COLNUMBER, DATATYPE, DATASIZE, DATASCALE, UNIQUEVALUE, NULLABLE, INDEXES, DESCRIPTION, DATAID, RELEASEID, UNIQUEKEY, INCLUDESQL, COLTYPE, FOLLOWJOHN ) values ( 'DC_E_TEST:((202)):DC_E_TEST_VCLTP:RAW', 'AtmPort', 9, 'varchar', 35, 0, 255, 1, 'HG', 'This MO configures a physical port for ATM traffic.', 'MOID.AtmPort', 'DC_E_TEST:((202))', 0, 1, 'KEY', null );
insert into Measurementcolumn ( MTABLEID, DATANAME, COLNUMBER, DATATYPE, DATASIZE, DATASCALE, UNIQUEVALUE, NULLABLE, INDEXES, DESCRIPTION, DATAID, RELEASEID, UNIQUEKEY, INCLUDESQL, COLTYPE, FOLLOWJOHN ) values ( 'DC_E_TEST:((202)):DC_E_TEST_VCLTP:RAW', 'VplTp', 10, 'varchar', 35, 0, 255, 1, 'HG', 'This MO is used to represent the termination of a VP link.', 'MOID.VplTp', 'DC_E_TEST:((202))', 0, 1, 'KEY', null );
insert into Measurementcolumn ( MTABLEID, DATANAME, COLNUMBER, DATATYPE, DATASIZE, DATASCALE, UNIQUEVALUE, NULLABLE, INDEXES, DESCRIPTION, DATAID, RELEASEID, UNIQUEKEY, INCLUDESQL, COLTYPE, FOLLOWJOHN ) values ( 'DC_E_TEST:((202)):DC_E_TEST_VCLTP:RAW', 'VpcTp', 11, 'varchar', 35, 0, 255, 1, 'HG', 'Virtual path connection termination point, VpcTp, is used to represent the point where the VPC and associated overhead (F4 OAM cells) are terminated/originated.', 'MOID.VpcTp', 'DC_E_TEST:((202))', 0, 1, 'KEY', null );
insert into Measurementcolumn ( MTABLEID, DATANAME, COLNUMBER, DATATYPE, DATASIZE, DATASCALE, UNIQUEVALUE, NULLABLE, INDEXES, DESCRIPTION, DATAID, RELEASEID, UNIQUEKEY, INCLUDESQL, COLTYPE, FOLLOWJOHN ) values ( 'DC_E_TEST:((202)):DC_E_TEST_VCLTP:RAW', 'VclTp', 12, 'varchar', 35, 0, 255, 1, 'HG', 'This MO is used to represent the termination of an external VC link in the node.', 'MOID.VclTp', 'DC_E_TEST:((202))', 0, 1, 'KEY', null );
insert into Measurementcolumn ( MTABLEID, DATANAME, COLNUMBER, DATATYPE, DATASIZE, DATASCALE, UNIQUEVALUE, NULLABLE, INDEXES, DESCRIPTION, DATAID, RELEASEID, UNIQUEKEY, INCLUDESQL, COLTYPE, FOLLOWJOHN ) values ( 'DC_E_TEST:((202)):DC_E_TEST_VCLTP:RAW', 'atmTrafficDescriptorId', 13, 'varchar', 255, 0, 255, 1, 'HG', 'Reference to the AtmTrafficDescriptor profile.', 'atmTrafficDescriptorId', 'DC_E_TEST:((202))', 0, 1, 'KEY', null );
insert into Measurementcolumn ( MTABLEID, DATANAME, COLNUMBER, DATATYPE, DATASIZE, DATASCALE, UNIQUEVALUE, NULLABLE, INDEXES, DESCRIPTION, DATAID, RELEASEID, UNIQUEKEY, INCLUDESQL, COLTYPE, FOLLOWJOHN ) values ( 'DC_E_TEST:((202)):DC_E_TEST_VCLTP:RAW', 'userLabel', 14, 'varchar', 128, 0, 255, 1, 'HG', 'Label for free use', 'userLabel', 'DC_E_TEST:((202))', 0, 1, 'KEY', null );
insert into Measurementcolumn ( MTABLEID, DATANAME, COLNUMBER, DATATYPE, DATASIZE, DATASCALE, UNIQUEVALUE, NULLABLE, INDEXES, DESCRIPTION, DATAID, RELEASEID, UNIQUEKEY, INCLUDESQL, COLTYPE, FOLLOWJOHN ) values ( 'DC_E_TEST:((202)):DC_E_TEST_VCLTP:RAW', 'DATE_ID', 15, 'date', 0, 0, 255, 1, 'LF', '', 'DATE_ID', 'BASE_TP_090421', 0, 0, 'PUBLICKEY', null );
insert into Measurementcolumn ( MTABLEID, DATANAME, COLNUMBER, DATATYPE, DATASIZE, DATASCALE, UNIQUEVALUE, NULLABLE, INDEXES, DESCRIPTION, DATAID, RELEASEID, UNIQUEKEY, INCLUDESQL, COLTYPE, FOLLOWJOHN ) values ( 'DC_E_TEST:((202)):DC_E_TEST_VCLTP:RAW', 'YEAR_ID', 16, 'smallint', 0, 0, 20, 1, 'LF', '', 'YEAR_ID', 'BASE_TP_090421', 0, 0, 'PUBLICKEY', null );
insert into Measurementcolumn ( MTABLEID, DATANAME, COLNUMBER, DATATYPE, DATASIZE, DATASCALE, UNIQUEVALUE, NULLABLE, INDEXES, DESCRIPTION, DATAID, RELEASEID, UNIQUEKEY, INCLUDESQL, COLTYPE, FOLLOWJOHN ) values ( 'DC_E_TEST:((202)):DC_E_TEST_VCLTP:RAW', 'MONTH_ID', 17, 'tinyint', 0, 0, 12, 1, 'LF', '', 'MONTH_ID', 'BASE_TP_090421', 0, 0, 'PUBLICKEY', null );
insert into Measurementcolumn ( MTABLEID, DATANAME, COLNUMBER, DATATYPE, DATASIZE, DATASCALE, UNIQUEVALUE, NULLABLE, INDEXES, DESCRIPTION, DATAID, RELEASEID, UNIQUEKEY, INCLUDESQL, COLTYPE, FOLLOWJOHN ) values ( 'DC_E_TEST:((202)):DC_E_TEST_VCLTP:RAW', 'DAY_ID', 18, 'tinyint', 0, 0, 31, 1, 'LF', '', 'DAY_ID', 'BASE_TP_090421', 0, 0, 'PUBLICKEY', null );
insert into Measurementcolumn ( MTABLEID, DATANAME, COLNUMBER, DATATYPE, DATASIZE, DATASCALE, UNIQUEVALUE, NULLABLE, INDEXES, DESCRIPTION, DATAID, RELEASEID, UNIQUEKEY, INCLUDESQL, COLTYPE, FOLLOWJOHN ) values ( 'DC_E_TEST:((202)):DC_E_TEST_VCLTP:RAW', 'HOUR_ID', 19, 'tinyint', 0, 0, 24, 1, 'LF', '', 'HOUR_ID', 'BASE_TP_090421', 0, 0, 'PUBLICKEY', null );
insert into Measurementcolumn ( MTABLEID, DATANAME, COLNUMBER, DATATYPE, DATASIZE, DATASCALE, UNIQUEVALUE, NULLABLE, INDEXES, DESCRIPTION, DATAID, RELEASEID, UNIQUEKEY, INCLUDESQL, COLTYPE, FOLLOWJOHN ) values ( 'DC_E_TEST:((202)):DC_E_TEST_VCLTP:RAW', 'DATETIME_ID', 20, 'datetime', 0, 0, 255, 1, 'HG', '', 'DATETIME_ID', 'BASE_TP_090421', 1, 1, 'PUBLICKEY', null );
insert into Measurementcolumn ( MTABLEID, DATANAME, COLNUMBER, DATATYPE, DATASIZE, DATASCALE, UNIQUEVALUE, NULLABLE, INDEXES, DESCRIPTION, DATAID, RELEASEID, UNIQUEKEY, INCLUDESQL, COLTYPE, FOLLOWJOHN ) values ( 'DC_E_TEST:((202)):DC_E_TEST_VCLTP:RAW', 'MIN_ID', 21, 'tinyint', 0, 0, 60, 1, 'LF', '', 'MIN_ID', 'BASE_TP_090421', 0, 0, 'PUBLICKEY', null );
insert into Measurementcolumn ( MTABLEID, DATANAME, COLNUMBER, DATATYPE, DATASIZE, DATASCALE, UNIQUEVALUE, NULLABLE, INDEXES, DESCRIPTION, DATAID, RELEASEID, UNIQUEKEY, INCLUDESQL, COLTYPE, FOLLOWJOHN ) values ( 'DC_E_TEST:((202)):DC_E_TEST_VCLTP:RAW', 'TIMELEVEL', 22, 'varchar', 10, 0, 10, 1, 'LF', '', 'TIMELEVEL', 'BASE_TP_090421', 0, 0, 'PUBLICKEY', null );
insert into Measurementcolumn ( MTABLEID, DATANAME, COLNUMBER, DATATYPE, DATASIZE, DATASCALE, UNIQUEVALUE, NULLABLE, INDEXES, DESCRIPTION, DATAID, RELEASEID, UNIQUEKEY, INCLUDESQL, COLTYPE, FOLLOWJOHN ) values ( 'DC_E_TEST:((202)):DC_E_TEST_VCLTP:RAW', 'SESSION_ID', 23, 'unsigned int', 0, 0, 255, 1, '', '', 'SESSION_ID', 'BASE_TP_090421', 0, 0, 'PUBLICKEY', null );
insert into Measurementcolumn ( MTABLEID, DATANAME, COLNUMBER, DATATYPE, DATASIZE, DATASCALE, UNIQUEVALUE, NULLABLE, INDEXES, DESCRIPTION, DATAID, RELEASEID, UNIQUEKEY, INCLUDESQL, COLTYPE, FOLLOWJOHN ) values ( 'DC_E_TEST:((202)):DC_E_TEST_VCLTP:RAW', 'BATCH_ID', 24, 'smallint', 0, 0, 255, 1, '', '', 'BATCH_ID', 'BASE_TP_090421', 0, 0, 'PUBLICKEY', null );
insert into Measurementcolumn ( MTABLEID, DATANAME, COLNUMBER, DATATYPE, DATASIZE, DATASCALE, UNIQUEVALUE, NULLABLE, INDEXES, DESCRIPTION, DATAID, RELEASEID, UNIQUEKEY, INCLUDESQL, COLTYPE, FOLLOWJOHN ) values ( 'DC_E_TEST:((202)):DC_E_TEST_VCLTP:RAW', 'PERIOD_DURATION', 25, 'unsigned int', 0, 0, 10, 1, '', '', 'PERIOD_DURATION', 'BASE_TP_090421', 0, 1, 'PUBLICKEY', null );
insert into Measurementcolumn ( MTABLEID, DATANAME, COLNUMBER, DATATYPE, DATASIZE, DATASCALE, UNIQUEVALUE, NULLABLE, INDEXES, DESCRIPTION, DATAID, RELEASEID, UNIQUEKEY, INCLUDESQL, COLTYPE, FOLLOWJOHN ) values ( 'DC_E_TEST:((202)):DC_E_TEST_VCLTP:RAW', 'ROWSTATUS', 26, 'varchar', 16, 0, 10, 1, '', '', 'ROWSTATUS', 'BASE_TP_090421', 0, 1, 'PUBLICKEY', null );
insert into Measurementcolumn ( MTABLEID, DATANAME, COLNUMBER, DATATYPE, DATASIZE, DATASCALE, UNIQUEVALUE, NULLABLE, INDEXES, DESCRIPTION, DATAID, RELEASEID, UNIQUEKEY, INCLUDESQL, COLTYPE, FOLLOWJOHN ) values ( 'DC_E_TEST:((202)):DC_E_TEST_VCLTP:RAW', 'DC_RELEASE', 27, 'varchar', 16, 0, 2, 1, 'LF', '', 'DC_RELEASE', 'BASE_TP_090421', 0, 1, 'PUBLICKEY', null );
insert into Measurementcolumn ( MTABLEID, DATANAME, COLNUMBER, DATATYPE, DATASIZE, DATASCALE, UNIQUEVALUE, NULLABLE, INDEXES, DESCRIPTION, DATAID, RELEASEID, UNIQUEKEY, INCLUDESQL, COLTYPE, FOLLOWJOHN ) values ( 'DC_E_TEST:((202)):DC_E_TEST_VCLTP:RAW', 'DC_SOURCE', 28, 'varchar', 16, 0, 2, 1, 'LF', '', 'DC_SOURCE', 'BASE_TP_090421', 0, 1, 'PUBLICKEY', null );
insert into Measurementcolumn ( MTABLEID, DATANAME, COLNUMBER, DATATYPE, DATASIZE, DATASCALE, UNIQUEVALUE, NULLABLE, INDEXES, DESCRIPTION, DATAID, RELEASEID, UNIQUEKEY, INCLUDESQL, COLTYPE, FOLLOWJOHN ) values ( 'DC_E_TEST:((202)):DC_E_TEST_VCLTP:RAW', 'DC_TIMEZONE', 29, 'varchar', 16, 0, 2, 1, 'LF', '', 'DC_TIMEZONE', 'BASE_TP_090421', 0, 1, 'PUBLICKEY', null );
insert into Measurementcolumn ( MTABLEID, DATANAME, COLNUMBER, DATATYPE, DATASIZE, DATASCALE, UNIQUEVALUE, NULLABLE, INDEXES, DESCRIPTION, DATAID, RELEASEID, UNIQUEKEY, INCLUDESQL, COLTYPE, FOLLOWJOHN ) values ( 'DC_E_TEST:((202)):DC_E_TEST_VCLTP:RAW', 'DC_SUSPECTFLAG', 30, 'int', 0, 0, 2, 1, 'LF', '', 'DC_SUSPECTFLAG', 'BASE_TP_090421', 0, 1, 'PUBLICKEY', null );
insert into Measurementcolumn ( MTABLEID, DATANAME, COLNUMBER, DATATYPE, DATASIZE, DATASCALE, UNIQUEVALUE, NULLABLE, INDEXES, DESCRIPTION, DATAID, RELEASEID, UNIQUEKEY, INCLUDESQL, COLTYPE, FOLLOWJOHN ) values ( 'DC_E_TEST:((202)):DC_E_TEST_VCLTP:RAW', 'UTC_DATETIME_ID', 31, 'datetime', 0, 0, 255, 1, 'HG', '', 'UTC_DATETIME_ID', 'BASE_TP_090421', 1, 1, 'PUBLICKEY', null );
insert into Measurementcolumn ( MTABLEID, DATANAME, COLNUMBER, DATATYPE, DATASIZE, DATASCALE, UNIQUEVALUE, NULLABLE, INDEXES, DESCRIPTION, DATAID, RELEASEID, UNIQUEKEY, INCLUDESQL, COLTYPE, FOLLOWJOHN ) values ( 'DC_E_TEST:((202)):DC_E_TEST_VCLTP:RAW', 'pmReceivedAtmCells', 32, 'numeric', 18, 0, 255, 1, '', 'pmReceivedAtmCells: Number of received ATM cells. Condition: This counter is incremented for each received ATM cell. Counter is reset after measurement period: Yes Counter type: PEG Unit: Number of cells', 'pmReceivedAtmCells', 'DC_E_TEST:((202))', 0, 1, 'COUNTER', null );
insert into Measurementcolumn ( MTABLEID, DATANAME, COLNUMBER, DATATYPE, DATASIZE, DATASCALE, UNIQUEVALUE, NULLABLE, INDEXES, DESCRIPTION, DATAID, RELEASEID, UNIQUEKEY, INCLUDESQL, COLTYPE, FOLLOWJOHN ) values ( 'DC_E_TEST:((202)):DC_E_TEST_VCLTP:RAW', 'pmTransmittedAtmCells', 33, 'numeric', 18, 0, 255, 1, '', 'pmTransmittedAtmCells: Number of transmitted ATM cells. Condition: This counter is incremented for each transmitted ATM cell. Counter is reset after measurement period: Yes Counter type: PEG Unit: Number of cells', 'pmTransmittedAtmCells', 'DC_E_TEST:((202))', 0, 1, 'COUNTER', null );
insert into Measurementcolumn ( MTABLEID, DATANAME, COLNUMBER, DATATYPE, DATASIZE, DATASCALE, UNIQUEVALUE, NULLABLE, INDEXES, DESCRIPTION, DATAID, RELEASEID, UNIQUEKEY, INCLUDESQL, COLTYPE, FOLLOWJOHN ) values ( 'DC_E_TEST:((202)):DC_E_TEST_VCLTP:RAW', 'NEW_COUNTER', 34, 'datetime', 0, 0, 255, 1, '', 'pmTransmittedAtmCells: Number of transmitted ATM cells. Condition: This counter is incremented for each transmitted ATM cell. Counter is reset after measurement period: Yes Counter type: PEG Unit: Number of cells', 'pmTransmittedAtmCells-2', 'DC_E_TEST:((202))', 0, 0, 'COUNTER', null );
insert into Measurementtable ( MTABLEID, TABLELEVEL, TYPEID, BASETABLENAME, DEFAULT_TEMPLATE, PARTITIONPLAN ) values ( 'DC_E_TEST:((202)):DC_E_TEST_VCLTP:DAY', 'DAY', 'DC_E_TEST:((202)):DC_E_TEST_VCLTP', 'DC_E_TEST_VCLTP_DAY', null, 'extrasmall_day' );
insert into Measurementcolumn ( MTABLEID, DATANAME, COLNUMBER, DATATYPE, DATASIZE, DATASCALE, UNIQUEVALUE, NULLABLE, INDEXES, DESCRIPTION, DATAID, RELEASEID, UNIQUEKEY, INCLUDESQL, COLTYPE, FOLLOWJOHN ) values ( 'DC_E_TEST:((202)):DC_E_TEST_VCLTP:DAY', 'OSS_ID', 1, 'varchar', 50, 0, 255, 0, 'HG', 'OSS Id', 'OSS_ID', 'DC_E_TEST:((202))', 1, 1, 'KEY', null );
insert into Measurementcolumn ( MTABLEID, DATANAME, COLNUMBER, DATATYPE, DATASIZE, DATASCALE, UNIQUEVALUE, NULLABLE, INDEXES, DESCRIPTION, DATAID, RELEASEID, UNIQUEKEY, INCLUDESQL, COLTYPE, FOLLOWJOHN ) values ( 'DC_E_TEST:((202)):DC_E_TEST_VCLTP:DAY', 'SN', 2, 'varchar', 255, 0, 255, 1, '', 'Sendername', 'SN', 'DC_E_TEST:((202))', 0, 1, 'KEY', null );
insert into Measurementcolumn ( MTABLEID, DATANAME, COLNUMBER, DATATYPE, DATASIZE, DATASCALE, UNIQUEVALUE, NULLABLE, INDEXES, DESCRIPTION, DATAID, RELEASEID, UNIQUEKEY, INCLUDESQL, COLTYPE, FOLLOWJOHN ) values ( 'DC_E_TEST:((202)):DC_E_TEST_VCLTP:DAY', 'NEUN', 3, 'varchar', 64, 0, 255, 1, '', 'Network element user name', 'neun', 'DC_E_TEST:((202))', 0, 1, 'KEY', null );
insert into Measurementcolumn ( MTABLEID, DATANAME, COLNUMBER, DATATYPE, DATASIZE, DATASCALE, UNIQUEVALUE, NULLABLE, INDEXES, DESCRIPTION, DATAID, RELEASEID, UNIQUEKEY, INCLUDESQL, COLTYPE, FOLLOWJOHN ) values ( 'DC_E_TEST:((202)):DC_E_TEST_VCLTP:DAY', 'NEDN', 4, 'varchar', 255, 0, 255, 1, '', 'Network element distinguished name', 'nedn', 'DC_E_TEST:((202))', 0, 1, 'KEY', null );
insert into Measurementcolumn ( MTABLEID, DATANAME, COLNUMBER, DATATYPE, DATASIZE, DATASCALE, UNIQUEVALUE, NULLABLE, INDEXES, DESCRIPTION, DATAID, RELEASEID, UNIQUEKEY, INCLUDESQL, COLTYPE, FOLLOWJOHN ) values ( 'DC_E_TEST:((202)):DC_E_TEST_VCLTP:DAY', 'NESW', 5, 'varchar', 35, 0, 255, 1, '', 'Network element software version', 'nesw', 'DC_E_TEST:((202))', 0, 1, 'KEY', null );
insert into Measurementcolumn ( MTABLEID, DATANAME, COLNUMBER, DATATYPE, DATASIZE, DATASCALE, UNIQUEVALUE, NULLABLE, INDEXES, DESCRIPTION, DATAID, RELEASEID, UNIQUEKEY, INCLUDESQL, COLTYPE, FOLLOWJOHN ) values ( 'DC_E_TEST:((202)):DC_E_TEST_VCLTP:DAY', 'TEST', 6, 'varchar', 64, 0, 255, 0, 'HG', 'Object parent ID', 'NEName', 'DC_E_TEST:((202))', 1, 1, 'KEY', null );
insert into Measurementcolumn ( MTABLEID, DATANAME, COLNUMBER, DATATYPE, DATASIZE, DATASCALE, UNIQUEVALUE, NULLABLE, INDEXES, DESCRIPTION, DATAID, RELEASEID, UNIQUEKEY, INCLUDESQL, COLTYPE, FOLLOWJOHN ) values ( 'DC_E_TEST:((202)):DC_E_TEST_VCLTP:DAY', 'MOID', 7, 'varchar', 255, 0, 255, 0, 'HG', 'Measured Object Id', 'MOID', 'DC_E_TEST:((202))', 1, 1, 'KEY', null );
insert into Measurementcolumn ( MTABLEID, DATANAME, COLNUMBER, DATATYPE, DATASIZE, DATASCALE, UNIQUEVALUE, NULLABLE, INDEXES, DESCRIPTION, DATAID, RELEASEID, UNIQUEKEY, INCLUDESQL, COLTYPE, FOLLOWJOHN ) values ( 'DC_E_TEST:((202)):DC_E_TEST_VCLTP:DAY', 'TransportNetwork', 8, 'varchar', 35, 0, 255, 1, 'HG', 'Transport Network', 'MOID.TransportNetwork', 'DC_E_TEST:((202))', 0, 1, 'KEY', null );
insert into Measurementcolumn ( MTABLEID, DATANAME, COLNUMBER, DATATYPE, DATASIZE, DATASCALE, UNIQUEVALUE, NULLABLE, INDEXES, DESCRIPTION, DATAID, RELEASEID, UNIQUEKEY, INCLUDESQL, COLTYPE, FOLLOWJOHN ) values ( 'DC_E_TEST:((202)):DC_E_TEST_VCLTP:DAY', 'AtmPort', 9, 'varchar', 35, 0, 255, 1, 'HG', 'This MO configures a physical port for ATM traffic.', 'MOID.AtmPort', 'DC_E_TEST:((202))', 0, 1, 'KEY', null );
insert into Measurementcolumn ( MTABLEID, DATANAME, COLNUMBER, DATATYPE, DATASIZE, DATASCALE, UNIQUEVALUE, NULLABLE, INDEXES, DESCRIPTION, DATAID, RELEASEID, UNIQUEKEY, INCLUDESQL, COLTYPE, FOLLOWJOHN ) values ( 'DC_E_TEST:((202)):DC_E_TEST_VCLTP:DAY', 'VplTp', 10, 'varchar', 35, 0, 255, 1, 'HG', 'This MO is used to represent the termination of a VP link.', 'MOID.VplTp', 'DC_E_TEST:((202))', 0, 1, 'KEY', null );
insert into Measurementcolumn ( MTABLEID, DATANAME, COLNUMBER, DATATYPE, DATASIZE, DATASCALE, UNIQUEVALUE, NULLABLE, INDEXES, DESCRIPTION, DATAID, RELEASEID, UNIQUEKEY, INCLUDESQL, COLTYPE, FOLLOWJOHN ) values ( 'DC_E_TEST:((202)):DC_E_TEST_VCLTP:DAY', 'VpcTp', 11, 'varchar', 35, 0, 255, 1, 'HG', 'Virtual path connection termination point, VpcTp, is used to represent the point where the VPC and associated overhead (F4 OAM cells) are terminated/originated.', 'MOID.VpcTp', 'DC_E_TEST:((202))', 0, 1, 'KEY', null );
insert into Measurementcolumn ( MTABLEID, DATANAME, COLNUMBER, DATATYPE, DATASIZE, DATASCALE, UNIQUEVALUE, NULLABLE, INDEXES, DESCRIPTION, DATAID, RELEASEID, UNIQUEKEY, INCLUDESQL, COLTYPE, FOLLOWJOHN ) values ( 'DC_E_TEST:((202)):DC_E_TEST_VCLTP:DAY', 'VclTp', 12, 'varchar', 35, 0, 255, 1, 'HG', 'This MO is used to represent the termination of an external VC link in the node.', 'MOID.VclTp', 'DC_E_TEST:((202))', 0, 1, 'KEY', null );
insert into Measurementcolumn ( MTABLEID, DATANAME, COLNUMBER, DATATYPE, DATASIZE, DATASCALE, UNIQUEVALUE, NULLABLE, INDEXES, DESCRIPTION, DATAID, RELEASEID, UNIQUEKEY, INCLUDESQL, COLTYPE, FOLLOWJOHN ) values ( 'DC_E_TEST:((202)):DC_E_TEST_VCLTP:DAY', 'atmTrafficDescriptorId', 13, 'varchar', 255, 0, 255, 1, 'HG', 'Reference to the AtmTrafficDescriptor profile.', 'atmTrafficDescriptorId', 'DC_E_TEST:((202))', 0, 1, 'KEY', null );
insert into Measurementcolumn ( MTABLEID, DATANAME, COLNUMBER, DATATYPE, DATASIZE, DATASCALE, UNIQUEVALUE, NULLABLE, INDEXES, DESCRIPTION, DATAID, RELEASEID, UNIQUEKEY, INCLUDESQL, COLTYPE, FOLLOWJOHN ) values ( 'DC_E_TEST:((202)):DC_E_TEST_VCLTP:DAY', 'userLabel', 14, 'varchar', 128, 0, 255, 1, 'HG', 'Label for free use', 'userLabel', 'DC_E_TEST:((202))', 0, 1, 'KEY', null );
insert into Measurementcolumn ( MTABLEID, DATANAME, COLNUMBER, DATATYPE, DATASIZE, DATASCALE, UNIQUEVALUE, NULLABLE, INDEXES, DESCRIPTION, DATAID, RELEASEID, UNIQUEKEY, INCLUDESQL, COLTYPE, FOLLOWJOHN ) values ( 'DC_E_TEST:((202)):DC_E_TEST_VCLTP:DAY', 'DATE_ID', 15, 'date', 0, 0, 255, 1, 'LF', '', 'DATE_ID', 'BASE_TP_090421', 1, 1, 'PUBLICKEY', null );
insert into Measurementcolumn ( MTABLEID, DATANAME, COLNUMBER, DATATYPE, DATASIZE, DATASCALE, UNIQUEVALUE, NULLABLE, INDEXES, DESCRIPTION, DATAID, RELEASEID, UNIQUEKEY, INCLUDESQL, COLTYPE, FOLLOWJOHN ) values ( 'DC_E_TEST:((202)):DC_E_TEST_VCLTP:DAY', 'YEAR_ID', 16, 'smallint', 0, 0, 20, 1, 'LF', '', 'YEAR_ID', 'BASE_TP_090421', 0, 0, 'PUBLICKEY', null );
insert into Measurementcolumn ( MTABLEID, DATANAME, COLNUMBER, DATATYPE, DATASIZE, DATASCALE, UNIQUEVALUE, NULLABLE, INDEXES, DESCRIPTION, DATAID, RELEASEID, UNIQUEKEY, INCLUDESQL, COLTYPE, FOLLOWJOHN ) values ( 'DC_E_TEST:((202)):DC_E_TEST_VCLTP:DAY', 'MONTH_ID', 17, 'tinyint', 0, 0, 12, 1, 'LF', '', 'MONTH_ID', 'BASE_TP_090421', 0, 0, 'PUBLICKEY', null );
insert into Measurementcolumn ( MTABLEID, DATANAME, COLNUMBER, DATATYPE, DATASIZE, DATASCALE, UNIQUEVALUE, NULLABLE, INDEXES, DESCRIPTION, DATAID, RELEASEID, UNIQUEKEY, INCLUDESQL, COLTYPE, FOLLOWJOHN ) values ( 'DC_E_TEST:((202)):DC_E_TEST_VCLTP:DAY', 'DAY_ID', 18, 'tinyint', 0, 0, 31, 1, 'LF', '', 'DAY_ID', 'BASE_TP_090421', 0, 0, 'PUBLICKEY', null );
insert into Measurementcolumn ( MTABLEID, DATANAME, COLNUMBER, DATATYPE, DATASIZE, DATASCALE, UNIQUEVALUE, NULLABLE, INDEXES, DESCRIPTION, DATAID, RELEASEID, UNIQUEKEY, INCLUDESQL, COLTYPE, FOLLOWJOHN ) values ( 'DC_E_TEST:((202)):DC_E_TEST_VCLTP:DAY', 'WEEK_ID', 19, 'tinyint', 0, 0, 53, 1, 'LF', '', 'WEEK_ID', 'BASE_TP_090421', 0, 0, 'PUBLICKEY', null );
insert into Measurementcolumn ( MTABLEID, DATANAME, COLNUMBER, DATATYPE, DATASIZE, DATASCALE, UNIQUEVALUE, NULLABLE, INDEXES, DESCRIPTION, DATAID, RELEASEID, UNIQUEKEY, INCLUDESQL, COLTYPE, FOLLOWJOHN ) values ( 'DC_E_TEST:((202)):DC_E_TEST_VCLTP:DAY', 'DATACOVERAGE', 20, 'unsigned int', 0, 0, 255, 1, '', '', 'DATACOVERAGE', 'BASE_TP_090421', 0, 1, 'PUBLICKEY', null );
insert into Measurementcolumn ( MTABLEID, DATANAME, COLNUMBER, DATATYPE, DATASIZE, DATASCALE, UNIQUEVALUE, NULLABLE, INDEXES, DESCRIPTION, DATAID, RELEASEID, UNIQUEKEY, INCLUDESQL, COLTYPE, FOLLOWJOHN ) values ( 'DC_E_TEST:((202)):DC_E_TEST_VCLTP:DAY', 'AGG_COUNT', 21, 'smallint', 0, 0, 255, 1, '', '', 'AGG_COUNT', 'BASE_TP_090421', 0, 0, 'PUBLICKEY', null );
insert into Measurementcolumn ( MTABLEID, DATANAME, COLNUMBER, DATATYPE, DATASIZE, DATASCALE, UNIQUEVALUE, NULLABLE, INDEXES, DESCRIPTION, DATAID, RELEASEID, UNIQUEKEY, INCLUDESQL, COLTYPE, FOLLOWJOHN ) values ( 'DC_E_TEST:((202)):DC_E_TEST_VCLTP:DAY', 'TIMELEVEL', 22, 'varchar', 10, 0, 10, 1, 'LF', '', 'TIMELEVEL', 'BASE_TP_090421', 0, 0, 'PUBLICKEY', null );
insert into Measurementcolumn ( MTABLEID, DATANAME, COLNUMBER, DATATYPE, DATASIZE, DATASCALE, UNIQUEVALUE, NULLABLE, INDEXES, DESCRIPTION, DATAID, RELEASEID, UNIQUEKEY, INCLUDESQL, COLTYPE, FOLLOWJOHN ) values ( 'DC_E_TEST:((202)):DC_E_TEST_VCLTP:DAY', 'SESSION_ID', 23, 'unsigned int', 0, 0, 255, 1, '', '', 'SESSION_ID', 'BASE_TP_090421', 0, 0, 'PUBLICKEY', null );
insert into Measurementcolumn ( MTABLEID, DATANAME, COLNUMBER, DATATYPE, DATASIZE, DATASCALE, UNIQUEVALUE, NULLABLE, INDEXES, DESCRIPTION, DATAID, RELEASEID, UNIQUEKEY, INCLUDESQL, COLTYPE, FOLLOWJOHN ) values ( 'DC_E_TEST:((202)):DC_E_TEST_VCLTP:DAY', 'BATCH_ID', 24, 'smallint', 0, 0, 255, 1, '', '', 'BATCH_ID', 'BASE_TP_090421', 0, 0, 'PUBLICKEY', null );
insert into Measurementcolumn ( MTABLEID, DATANAME, COLNUMBER, DATATYPE, DATASIZE, DATASCALE, UNIQUEVALUE, NULLABLE, INDEXES, DESCRIPTION, DATAID, RELEASEID, UNIQUEKEY, INCLUDESQL, COLTYPE, FOLLOWJOHN ) values ( 'DC_E_TEST:((202)):DC_E_TEST_VCLTP:DAY', 'PERIOD_DURATION', 25, 'unsigned int', 0, 0, 10, 1, '', '', 'PERIOD_DURATION', 'BASE_TP_090421', 0, 1, 'PUBLICKEY', null );
insert into Measurementcolumn ( MTABLEID, DATANAME, COLNUMBER, DATATYPE, DATASIZE, DATASCALE, UNIQUEVALUE, NULLABLE, INDEXES, DESCRIPTION, DATAID, RELEASEID, UNIQUEKEY, INCLUDESQL, COLTYPE, FOLLOWJOHN ) values ( 'DC_E_TEST:((202)):DC_E_TEST_VCLTP:DAY', 'ROWSTATUS', 26, 'varchar', 16, 0, 10, 1, '', '', 'ROWSTATUS', 'BASE_TP_090421', 0, 1, 'PUBLICKEY', null );
insert into Measurementcolumn ( MTABLEID, DATANAME, COLNUMBER, DATATYPE, DATASIZE, DATASCALE, UNIQUEVALUE, NULLABLE, INDEXES, DESCRIPTION, DATAID, RELEASEID, UNIQUEKEY, INCLUDESQL, COLTYPE, FOLLOWJOHN ) values ( 'DC_E_TEST:((202)):DC_E_TEST_VCLTP:DAY', 'DC_RELEASE', 27, 'varchar', 16, 0, 2, 1, 'LF', '', 'DC_RELEASE', 'BASE_TP_090421', 1, 1, 'PUBLICKEY', null );
insert into Measurementcolumn ( MTABLEID, DATANAME, COLNUMBER, DATATYPE, DATASIZE, DATASCALE, UNIQUEVALUE, NULLABLE, INDEXES, DESCRIPTION, DATAID, RELEASEID, UNIQUEKEY, INCLUDESQL, COLTYPE, FOLLOWJOHN ) values ( 'DC_E_TEST:((202)):DC_E_TEST_VCLTP:DAY', 'DC_SOURCE', 28, 'varchar', 16, 0, 2, 1, 'LF', '', 'DC_SOURCE', 'BASE_TP_090421', 0, 1, 'PUBLICKEY', null );
insert into Measurementcolumn ( MTABLEID, DATANAME, COLNUMBER, DATATYPE, DATASIZE, DATASCALE, UNIQUEVALUE, NULLABLE, INDEXES, DESCRIPTION, DATAID, RELEASEID, UNIQUEKEY, INCLUDESQL, COLTYPE, FOLLOWJOHN ) values ( 'DC_E_TEST:((202)):DC_E_TEST_VCLTP:DAY', 'DC_TIMEZONE', 29, 'varchar', 16, 0, 2, 1, 'LF', '', 'DC_TIMEZONE', 'BASE_TP_090421', 0, 1, 'PUBLICKEY', null );
insert into Measurementcolumn ( MTABLEID, DATANAME, COLNUMBER, DATATYPE, DATASIZE, DATASCALE, UNIQUEVALUE, NULLABLE, INDEXES, DESCRIPTION, DATAID, RELEASEID, UNIQUEKEY, INCLUDESQL, COLTYPE, FOLLOWJOHN ) values ( 'DC_E_TEST:((202)):DC_E_TEST_VCLTP:DAY', 'DC_SUSPECTFLAG', 30, 'int', 0, 0, 2, 1, 'LF', '', 'DC_SUSPECTFLAG', 'BASE_TP_090421', 0, 1, 'PUBLICKEY', null );
insert into Measurementcolumn ( MTABLEID, DATANAME, COLNUMBER, DATATYPE, DATASIZE, DATASCALE, UNIQUEVALUE, NULLABLE, INDEXES, DESCRIPTION, DATAID, RELEASEID, UNIQUEKEY, INCLUDESQL, COLTYPE, FOLLOWJOHN ) values ( 'DC_E_TEST:((202)):DC_E_TEST_VCLTP:DAY', 'pmReceivedAtmCells', 31, 'numeric', 18, 0, 255, 1, '', 'pmReceivedAtmCells: Number of received ATM cells. Condition: This counter is incremented for each received ATM cell. Counter is reset after measurement period: Yes Counter type: PEG Unit: Number of cells', 'pmReceivedAtmCells', 'DC_E_TEST:((202))', 0, 1, 'COUNTER', null );
insert into Measurementcolumn ( MTABLEID, DATANAME, COLNUMBER, DATATYPE, DATASIZE, DATASCALE, UNIQUEVALUE, NULLABLE, INDEXES, DESCRIPTION, DATAID, RELEASEID, UNIQUEKEY, INCLUDESQL, COLTYPE, FOLLOWJOHN ) values ( 'DC_E_TEST:((202)):DC_E_TEST_VCLTP:DAY', 'pmTransmittedAtmCells', 32, 'numeric', 18, 0, 255, 1, '', 'pmTransmittedAtmCells: Number of transmitted ATM cells. Condition: This counter is incremented for each transmitted ATM cell. Counter is reset after measurement period: Yes Counter type: PEG Unit: Number of cells', 'pmTransmittedAtmCells', 'DC_E_TEST:((202))', 0, 1, 'COUNTER', null );
insert into Measurementcolumn ( MTABLEID, DATANAME, COLNUMBER, DATATYPE, DATASIZE, DATASCALE, UNIQUEVALUE, NULLABLE, INDEXES, DESCRIPTION, DATAID, RELEASEID, UNIQUEKEY, INCLUDESQL, COLTYPE, FOLLOWJOHN ) values ( 'DC_E_TEST:((202)):DC_E_TEST_VCLTP:DAY', 'NEW_COUNTER', 33, 'datetime', 0, 0, 255, 1, '', 'pmTransmittedAtmCells: Number of transmitted ATM cells. Condition: This counter is incremented for each transmitted ATM cell. Counter is reset after measurement period: Yes Counter type: PEG Unit: Number of cells', 'pmTransmittedAtmCells-2', 'DC_E_TEST:((202))', 0, 0, 'COUNTER', null );
insert into Measurementtable ( MTABLEID, TABLELEVEL, TYPEID, BASETABLENAME, DEFAULT_TEMPLATE, PARTITIONPLAN ) values ( 'DC_E_TEST:((202)):DC_E_TEST_VCLTP:DAYBH', 'DAYBH', 'DC_E_TEST:((202)):DC_E_TEST_VCLTP', 'DC_E_TEST_VCLTP_DAYBH', null, 'extrasmall_daybh' );
insert into Measurementcolumn ( MTABLEID, DATANAME, COLNUMBER, DATATYPE, DATASIZE, DATASCALE, UNIQUEVALUE, NULLABLE, INDEXES, DESCRIPTION, DATAID, RELEASEID, UNIQUEKEY, INCLUDESQL, COLTYPE, FOLLOWJOHN ) values ( 'DC_E_TEST:((202)):DC_E_TEST_VCLTP:DAYBH', 'pmReceivedAtmCells', 34, 'numeric', 18, 0, 255, 1, '', 'pmReceivedAtmCells: Number of received ATM cells. Condition: This counter is incremented for each received ATM cell. Counter is reset after measurement period: Yes Counter type: PEG Unit: Number of cells', 'pmReceivedAtmCells', 'DC_E_TEST:((202))', 0, 1, 'COUNTER', null );
insert into Measurementcolumn ( MTABLEID, DATANAME, COLNUMBER, DATATYPE, DATASIZE, DATASCALE, UNIQUEVALUE, NULLABLE, INDEXES, DESCRIPTION, DATAID, RELEASEID, UNIQUEKEY, INCLUDESQL, COLTYPE, FOLLOWJOHN ) values ( 'DC_E_TEST:((202)):DC_E_TEST_VCLTP:DAYBH', 'pmTransmittedAtmCells', 35, 'numeric', 18, 0, 255, 1, '', 'pmTransmittedAtmCells: Number of transmitted ATM cells. Condition: This counter is incremented for each transmitted ATM cell. Counter is reset after measurement period: Yes Counter type: PEG Unit: Number of cells', 'pmTransmittedAtmCells', 'DC_E_TEST:((202))', 0, 1, 'COUNTER', null );
insert into Measurementcolumn ( MTABLEID, DATANAME, COLNUMBER, DATATYPE, DATASIZE, DATASCALE, UNIQUEVALUE, NULLABLE, INDEXES, DESCRIPTION, DATAID, RELEASEID, UNIQUEKEY, INCLUDESQL, COLTYPE, FOLLOWJOHN ) values ( 'DC_E_TEST:((202)):DC_E_TEST_VCLTP:DAYBH', 'NEW_COUNTER', 36, 'datetime', 0, 0, 255, 1, '', 'pmTransmittedAtmCells: Number of transmitted ATM cells. Condition: This counter is incremented for each transmitted ATM cell. Counter is reset after measurement period: Yes Counter type: PEG Unit: Number of cells', 'pmTransmittedAtmCells-2', 'DC_E_TEST:((202))', 0, 0, 'COUNTER', null );
insert into Measurementcolumn ( MTABLEID, DATANAME, COLNUMBER, DATATYPE, DATASIZE, DATASCALE, UNIQUEVALUE, NULLABLE, INDEXES, DESCRIPTION, DATAID, RELEASEID, UNIQUEKEY, INCLUDESQL, COLTYPE, FOLLOWJOHN ) values ( 'DC_E_TEST:((202)):DC_E_TEST_VCLTP:DAYBH', 'OSS_ID', 1, 'varchar', 50, 0, 255, 0, 'HG', 'OSS Id', 'OSS_ID', 'DC_E_TEST:((202))', 1, 1, 'KEY', null );
insert into Measurementcolumn ( MTABLEID, DATANAME, COLNUMBER, DATATYPE, DATASIZE, DATASCALE, UNIQUEVALUE, NULLABLE, INDEXES, DESCRIPTION, DATAID, RELEASEID, UNIQUEKEY, INCLUDESQL, COLTYPE, FOLLOWJOHN ) values ( 'DC_E_TEST:((202)):DC_E_TEST_VCLTP:DAYBH', 'SN', 2, 'varchar', 255, 0, 255, 1, '', 'Sendername', 'SN', 'DC_E_TEST:((202))', 0, 1, 'KEY', null );
insert into Measurementcolumn ( MTABLEID, DATANAME, COLNUMBER, DATATYPE, DATASIZE, DATASCALE, UNIQUEVALUE, NULLABLE, INDEXES, DESCRIPTION, DATAID, RELEASEID, UNIQUEKEY, INCLUDESQL, COLTYPE, FOLLOWJOHN ) values ( 'DC_E_TEST:((202)):DC_E_TEST_VCLTP:DAYBH', 'NEUN', 3, 'varchar', 64, 0, 255, 1, '', 'Network element user name', 'neun', 'DC_E_TEST:((202))', 0, 1, 'KEY', null );
insert into Measurementcolumn ( MTABLEID, DATANAME, COLNUMBER, DATATYPE, DATASIZE, DATASCALE, UNIQUEVALUE, NULLABLE, INDEXES, DESCRIPTION, DATAID, RELEASEID, UNIQUEKEY, INCLUDESQL, COLTYPE, FOLLOWJOHN ) values ( 'DC_E_TEST:((202)):DC_E_TEST_VCLTP:DAYBH', 'NEDN', 4, 'varchar', 255, 0, 255, 1, '', 'Network element distinguished name', 'nedn', 'DC_E_TEST:((202))', 0, 1, 'KEY', null );
insert into Measurementcolumn ( MTABLEID, DATANAME, COLNUMBER, DATATYPE, DATASIZE, DATASCALE, UNIQUEVALUE, NULLABLE, INDEXES, DESCRIPTION, DATAID, RELEASEID, UNIQUEKEY, INCLUDESQL, COLTYPE, FOLLOWJOHN ) values ( 'DC_E_TEST:((202)):DC_E_TEST_VCLTP:DAYBH', 'NESW', 5, 'varchar', 35, 0, 255, 1, '', 'Network element software version', 'nesw', 'DC_E_TEST:((202))', 0, 1, 'KEY', null );
insert into Measurementcolumn ( MTABLEID, DATANAME, COLNUMBER, DATATYPE, DATASIZE, DATASCALE, UNIQUEVALUE, NULLABLE, INDEXES, DESCRIPTION, DATAID, RELEASEID, UNIQUEKEY, INCLUDESQL, COLTYPE, FOLLOWJOHN ) values ( 'DC_E_TEST:((202)):DC_E_TEST_VCLTP:DAYBH', 'TEST', 6, 'varchar', 64, 0, 255, 0, 'HG', 'Object parent ID', 'NEName', 'DC_E_TEST:((202))', 1, 1, 'KEY', null );
insert into Measurementcolumn ( MTABLEID, DATANAME, COLNUMBER, DATATYPE, DATASIZE, DATASCALE, UNIQUEVALUE, NULLABLE, INDEXES, DESCRIPTION, DATAID, RELEASEID, UNIQUEKEY, INCLUDESQL, COLTYPE, FOLLOWJOHN ) values ( 'DC_E_TEST:((202)):DC_E_TEST_VCLTP:DAYBH', 'MOID', 7, 'varchar', 255, 0, 255, 0, 'HG', 'Measured Object Id', 'MOID', 'DC_E_TEST:((202))', 1, 1, 'KEY', null );
insert into Measurementcolumn ( MTABLEID, DATANAME, COLNUMBER, DATATYPE, DATASIZE, DATASCALE, UNIQUEVALUE, NULLABLE, INDEXES, DESCRIPTION, DATAID, RELEASEID, UNIQUEKEY, INCLUDESQL, COLTYPE, FOLLOWJOHN ) values ( 'DC_E_TEST:((202)):DC_E_TEST_VCLTP:DAYBH', 'TransportNetwork', 8, 'varchar', 35, 0, 255, 1, 'HG', 'Transport Network', 'MOID.TransportNetwork', 'DC_E_TEST:((202))', 0, 1, 'KEY', null );
insert into Measurementcolumn ( MTABLEID, DATANAME, COLNUMBER, DATATYPE, DATASIZE, DATASCALE, UNIQUEVALUE, NULLABLE, INDEXES, DESCRIPTION, DATAID, RELEASEID, UNIQUEKEY, INCLUDESQL, COLTYPE, FOLLOWJOHN ) values ( 'DC_E_TEST:((202)):DC_E_TEST_VCLTP:DAYBH', 'AtmPort', 9, 'varchar', 35, 0, 255, 1, 'HG', 'This MO configures a physical port for ATM traffic.', 'MOID.AtmPort', 'DC_E_TEST:((202))', 0, 1, 'KEY', null );
insert into Measurementcolumn ( MTABLEID, DATANAME, COLNUMBER, DATATYPE, DATASIZE, DATASCALE, UNIQUEVALUE, NULLABLE, INDEXES, DESCRIPTION, DATAID, RELEASEID, UNIQUEKEY, INCLUDESQL, COLTYPE, FOLLOWJOHN ) values ( 'DC_E_TEST:((202)):DC_E_TEST_VCLTP:DAYBH', 'VplTp', 10, 'varchar', 35, 0, 255, 1, 'HG', 'This MO is used to represent the termination of a VP link.', 'MOID.VplTp', 'DC_E_TEST:((202))', 0, 1, 'KEY', null );
insert into Measurementcolumn ( MTABLEID, DATANAME, COLNUMBER, DATATYPE, DATASIZE, DATASCALE, UNIQUEVALUE, NULLABLE, INDEXES, DESCRIPTION, DATAID, RELEASEID, UNIQUEKEY, INCLUDESQL, COLTYPE, FOLLOWJOHN ) values ( 'DC_E_TEST:((202)):DC_E_TEST_VCLTP:DAYBH', 'VpcTp', 11, 'varchar', 35, 0, 255, 1, 'HG', 'Virtual path connection termination point, VpcTp, is used to represent the point where the VPC and associated overhead (F4 OAM cells) are terminated/originated.', 'MOID.VpcTp', 'DC_E_TEST:((202))', 0, 1, 'KEY', null );
insert into Measurementcolumn ( MTABLEID, DATANAME, COLNUMBER, DATATYPE, DATASIZE, DATASCALE, UNIQUEVALUE, NULLABLE, INDEXES, DESCRIPTION, DATAID, RELEASEID, UNIQUEKEY, INCLUDESQL, COLTYPE, FOLLOWJOHN ) values ( 'DC_E_TEST:((202)):DC_E_TEST_VCLTP:DAYBH', 'VclTp', 12, 'varchar', 35, 0, 255, 1, 'HG', 'This MO is used to represent the termination of an external VC link in the node.', 'MOID.VclTp', 'DC_E_TEST:((202))', 0, 1, 'KEY', null );
insert into Measurementcolumn ( MTABLEID, DATANAME, COLNUMBER, DATATYPE, DATASIZE, DATASCALE, UNIQUEVALUE, NULLABLE, INDEXES, DESCRIPTION, DATAID, RELEASEID, UNIQUEKEY, INCLUDESQL, COLTYPE, FOLLOWJOHN ) values ( 'DC_E_TEST:((202)):DC_E_TEST_VCLTP:DAYBH', 'atmTrafficDescriptorId', 13, 'varchar', 255, 0, 255, 1, 'HG', 'Reference to the AtmTrafficDescriptor profile.', 'atmTrafficDescriptorId', 'DC_E_TEST:((202))', 0, 1, 'KEY', null );
insert into Measurementcolumn ( MTABLEID, DATANAME, COLNUMBER, DATATYPE, DATASIZE, DATASCALE, UNIQUEVALUE, NULLABLE, INDEXES, DESCRIPTION, DATAID, RELEASEID, UNIQUEKEY, INCLUDESQL, COLTYPE, FOLLOWJOHN ) values ( 'DC_E_TEST:((202)):DC_E_TEST_VCLTP:DAYBH', 'userLabel', 14, 'varchar', 128, 0, 255, 1, 'HG', 'Label for free use', 'userLabel', 'DC_E_TEST:((202))', 0, 1, 'KEY', null );
insert into Measurementcolumn ( MTABLEID, DATANAME, COLNUMBER, DATATYPE, DATASIZE, DATASCALE, UNIQUEVALUE, NULLABLE, INDEXES, DESCRIPTION, DATAID, RELEASEID, UNIQUEKEY, INCLUDESQL, COLTYPE, FOLLOWJOHN ) values ( 'DC_E_TEST:((202)):DC_E_TEST_VCLTP:DAYBH', 'DATE_ID', 15, 'date', 0, 0, 255, 1, 'LF', '', 'DATE_ID', 'BASE_TP_090421', 1, 1, 'PUBLICKEY', null );
insert into Measurementcolumn ( MTABLEID, DATANAME, COLNUMBER, DATATYPE, DATASIZE, DATASCALE, UNIQUEVALUE, NULLABLE, INDEXES, DESCRIPTION, DATAID, RELEASEID, UNIQUEKEY, INCLUDESQL, COLTYPE, FOLLOWJOHN ) values ( 'DC_E_TEST:((202)):DC_E_TEST_VCLTP:DAYBH', 'YEAR_ID', 16, 'smallint', 0, 0, 20, 1, 'LF', '', 'YEAR_ID', 'BASE_TP_090421', 0, 0, 'PUBLICKEY', null );
insert into Measurementcolumn ( MTABLEID, DATANAME, COLNUMBER, DATATYPE, DATASIZE, DATASCALE, UNIQUEVALUE, NULLABLE, INDEXES, DESCRIPTION, DATAID, RELEASEID, UNIQUEKEY, INCLUDESQL, COLTYPE, FOLLOWJOHN ) values ( 'DC_E_TEST:((202)):DC_E_TEST_VCLTP:DAYBH', 'MONTH_ID', 17, 'tinyint', 0, 0, 12, 1, 'LF', '', 'MONTH_ID', 'BASE_TP_090421', 0, 0, 'PUBLICKEY', null );
insert into Measurementcolumn ( MTABLEID, DATANAME, COLNUMBER, DATATYPE, DATASIZE, DATASCALE, UNIQUEVALUE, NULLABLE, INDEXES, DESCRIPTION, DATAID, RELEASEID, UNIQUEKEY, INCLUDESQL, COLTYPE, FOLLOWJOHN ) values ( 'DC_E_TEST:((202)):DC_E_TEST_VCLTP:DAYBH', 'DAY_ID', 18, 'tinyint', 0, 0, 31, 1, 'LF', '', 'DAY_ID', 'BASE_TP_090421', 0, 0, 'PUBLICKEY', null );
insert into Measurementcolumn ( MTABLEID, DATANAME, COLNUMBER, DATATYPE, DATASIZE, DATASCALE, UNIQUEVALUE, NULLABLE, INDEXES, DESCRIPTION, DATAID, RELEASEID, UNIQUEKEY, INCLUDESQL, COLTYPE, FOLLOWJOHN ) values ( 'DC_E_TEST:((202)):DC_E_TEST_VCLTP:DAYBH', 'MIN_ID', 19, 'tinyint', 0, 0, 60, 1, 'LF', '', 'MIN_ID', 'BASE_TP_090421', 1, 1, 'PUBLICKEY', null );
insert into Measurementcolumn ( MTABLEID, DATANAME, COLNUMBER, DATATYPE, DATASIZE, DATASCALE, UNIQUEVALUE, NULLABLE, INDEXES, DESCRIPTION, DATAID, RELEASEID, UNIQUEKEY, INCLUDESQL, COLTYPE, FOLLOWJOHN ) values ( 'DC_E_TEST:((202)):DC_E_TEST_VCLTP:DAYBH', 'BHTYPE', 20, 'varchar', 50, 0, 20, 1, 'LF', '', 'BHTYPE', 'BASE_TP_090421', 1, 1, 'PUBLICKEY', null );
insert into Measurementcolumn ( MTABLEID, DATANAME, COLNUMBER, DATATYPE, DATASIZE, DATASCALE, UNIQUEVALUE, NULLABLE, INDEXES, DESCRIPTION, DATAID, RELEASEID, UNIQUEKEY, INCLUDESQL, COLTYPE, FOLLOWJOHN ) values ( 'DC_E_TEST:((202)):DC_E_TEST_VCLTP:DAYBH', 'BUSYHOUR', 21, 'tinyint', 0, 0, 24, 1, 'LF', '', 'BUSYHOUR', 'BASE_TP_090421', 0, 1, 'PUBLICKEY', null );
insert into Measurementcolumn ( MTABLEID, DATANAME, COLNUMBER, DATATYPE, DATASIZE, DATASCALE, UNIQUEVALUE, NULLABLE, INDEXES, DESCRIPTION, DATAID, RELEASEID, UNIQUEKEY, INCLUDESQL, COLTYPE, FOLLOWJOHN ) values ( 'DC_E_TEST:((202)):DC_E_TEST_VCLTP:DAYBH', 'BHCLASS', 22, 'smallint', 0, 0, 10, 1, 'LF', '', 'BHCLASS', 'BASE_TP_090421', 0, 1, 'PUBLICKEY', null );
insert into Measurementcolumn ( MTABLEID, DATANAME, COLNUMBER, DATATYPE, DATASIZE, DATASCALE, UNIQUEVALUE, NULLABLE, INDEXES, DESCRIPTION, DATAID, RELEASEID, UNIQUEKEY, INCLUDESQL, COLTYPE, FOLLOWJOHN ) values ( 'DC_E_TEST:((202)):DC_E_TEST_VCLTP:DAYBH', 'TIMELEVEL', 23, 'varchar', 10, 0, 10, 1, 'LF', '', 'TIMELEVEL', 'BASE_TP_090421', 0, 0, 'PUBLICKEY', null );
insert into Measurementcolumn ( MTABLEID, DATANAME, COLNUMBER, DATATYPE, DATASIZE, DATASCALE, UNIQUEVALUE, NULLABLE, INDEXES, DESCRIPTION, DATAID, RELEASEID, UNIQUEKEY, INCLUDESQL, COLTYPE, FOLLOWJOHN ) values ( 'DC_E_TEST:((202)):DC_E_TEST_VCLTP:DAYBH', 'SESSION_ID', 24, 'unsigned int', 0, 0, 255, 1, '', '', 'SESSION_ID', 'BASE_TP_090421', 0, 0, 'PUBLICKEY', null );
insert into Measurementcolumn ( MTABLEID, DATANAME, COLNUMBER, DATATYPE, DATASIZE, DATASCALE, UNIQUEVALUE, NULLABLE, INDEXES, DESCRIPTION, DATAID, RELEASEID, UNIQUEKEY, INCLUDESQL, COLTYPE, FOLLOWJOHN ) values ( 'DC_E_TEST:((202)):DC_E_TEST_VCLTP:DAYBH', 'BATCH_ID', 25, 'smallint', 0, 0, 255, 1, '', '', 'BATCH_ID', 'BASE_TP_090421', 0, 0, 'PUBLICKEY', null );
insert into Measurementcolumn ( MTABLEID, DATANAME, COLNUMBER, DATATYPE, DATASIZE, DATASCALE, UNIQUEVALUE, NULLABLE, INDEXES, DESCRIPTION, DATAID, RELEASEID, UNIQUEKEY, INCLUDESQL, COLTYPE, FOLLOWJOHN ) values ( 'DC_E_TEST:((202)):DC_E_TEST_VCLTP:DAYBH', 'PERIOD_DURATION', 26, 'unsigned int', 0, 0, 10, 1, '', '', 'PERIOD_DURATION', 'BASE_TP_090421', 0, 1, 'PUBLICKEY', null );
insert into Measurementcolumn ( MTABLEID, DATANAME, COLNUMBER, DATATYPE, DATASIZE, DATASCALE, UNIQUEVALUE, NULLABLE, INDEXES, DESCRIPTION, DATAID, RELEASEID, UNIQUEKEY, INCLUDESQL, COLTYPE, FOLLOWJOHN ) values ( 'DC_E_TEST:((202)):DC_E_TEST_VCLTP:DAYBH', 'ROWSTATUS', 27, 'varchar', 16, 0, 10, 1, '', '', 'ROWSTATUS', 'BASE_TP_090421', 0, 1, 'PUBLICKEY', null );
insert into Measurementcolumn ( MTABLEID, DATANAME, COLNUMBER, DATATYPE, DATASIZE, DATASCALE, UNIQUEVALUE, NULLABLE, INDEXES, DESCRIPTION, DATAID, RELEASEID, UNIQUEKEY, INCLUDESQL, COLTYPE, FOLLOWJOHN ) values ( 'DC_E_TEST:((202)):DC_E_TEST_VCLTP:DAYBH', 'DC_RELEASE', 28, 'varchar', 16, 0, 2, 1, 'LF', '', 'DC_RELEASE', 'BASE_TP_090421', 0, 1, 'PUBLICKEY', null );
insert into Measurementcolumn ( MTABLEID, DATANAME, COLNUMBER, DATATYPE, DATASIZE, DATASCALE, UNIQUEVALUE, NULLABLE, INDEXES, DESCRIPTION, DATAID, RELEASEID, UNIQUEKEY, INCLUDESQL, COLTYPE, FOLLOWJOHN ) values ( 'DC_E_TEST:((202)):DC_E_TEST_VCLTP:DAYBH', 'DC_SOURCE', 29, 'varchar', 16, 0, 2, 1, 'LF', '', 'DC_SOURCE', 'BASE_TP_090421', 0, 1, 'PUBLICKEY', null );
insert into Measurementcolumn ( MTABLEID, DATANAME, COLNUMBER, DATATYPE, DATASIZE, DATASCALE, UNIQUEVALUE, NULLABLE, INDEXES, DESCRIPTION, DATAID, RELEASEID, UNIQUEKEY, INCLUDESQL, COLTYPE, FOLLOWJOHN ) values ( 'DC_E_TEST:((202)):DC_E_TEST_VCLTP:DAYBH', 'DC_TIMEZONE', 30, 'varchar', 16, 0, 2, 1, 'LF', '', 'DC_TIMEZONE', 'BASE_TP_090421', 0, 1, 'PUBLICKEY', null );
insert into Measurementcolumn ( MTABLEID, DATANAME, COLNUMBER, DATATYPE, DATASIZE, DATASCALE, UNIQUEVALUE, NULLABLE, INDEXES, DESCRIPTION, DATAID, RELEASEID, UNIQUEKEY, INCLUDESQL, COLTYPE, FOLLOWJOHN ) values ( 'DC_E_TEST:((202)):DC_E_TEST_VCLTP:DAYBH', 'DC_SUSPECTFLAG', 31, 'int', 0, 0, 2, 1, 'LF', '', 'DC_SUSPECTFLAG', 'BASE_TP_090421', 0, 1, 'PUBLICKEY', null );
insert into Measurementcolumn ( MTABLEID, DATANAME, COLNUMBER, DATATYPE, DATASIZE, DATASCALE, UNIQUEVALUE, NULLABLE, INDEXES, DESCRIPTION, DATAID, RELEASEID, UNIQUEKEY, INCLUDESQL, COLTYPE, FOLLOWJOHN ) values ( 'DC_E_TEST:((202)):DC_E_TEST_VCLTP:DAYBH', 'BH_ID', 32, 'unsigned int', 0, 0, 255, 1, '', '', 'BH_ID', 'BASE_TP_20100318', 0, 0, 'PUBLICKEY', null );
insert into Measurementcolumn ( MTABLEID, DATANAME, COLNUMBER, DATATYPE, DATASIZE, DATASCALE, UNIQUEVALUE, NULLABLE, INDEXES, DESCRIPTION, DATAID, RELEASEID, UNIQUEKEY, INCLUDESQL, COLTYPE, FOLLOWJOHN ) values ( 'DC_E_TEST:((202)):DC_E_TEST_VCLTP:DAYBH', 'OFFSET', 33, 'unsigned int', 0, 0, 255, 1, '', '', 'OFFSET', 'BASE_TP_20100318', 0, 0, 'PUBLICKEY', null );
insert into Measurementtable ( MTABLEID, TABLELEVEL, TYPEID, BASETABLENAME, DEFAULT_TEMPLATE, PARTITIONPLAN ) values ( 'DC_E_TEST:((202)):DC_E_TEST_VCLTP:COUNT', 'COUNT', 'DC_E_TEST:((202)):DC_E_TEST_VCLTP', 'DC_E_TEST_VCLTP_COUNT', null, 'extrasmall_count' );
insert into Measurementcolumn ( MTABLEID, DATANAME, COLNUMBER, DATATYPE, DATASIZE, DATASCALE, UNIQUEVALUE, NULLABLE, INDEXES, DESCRIPTION, DATAID, RELEASEID, UNIQUEKEY, INCLUDESQL, COLTYPE, FOLLOWJOHN ) values ( 'DC_E_TEST:((202)):DC_E_TEST_VCLTP:COUNT', 'OSS_ID', 1, 'varchar', 50, 0, 255, 0, 'HG', 'OSS Id', 'OSS_ID', 'DC_E_TEST:((202))', 1, 1, 'KEY', null );
insert into Measurementcolumn ( MTABLEID, DATANAME, COLNUMBER, DATATYPE, DATASIZE, DATASCALE, UNIQUEVALUE, NULLABLE, INDEXES, DESCRIPTION, DATAID, RELEASEID, UNIQUEKEY, INCLUDESQL, COLTYPE, FOLLOWJOHN ) values ( 'DC_E_TEST:((202)):DC_E_TEST_VCLTP:COUNT', 'SN', 2, 'varchar', 255, 0, 255, 1, '', 'Sendername', 'SN', 'DC_E_TEST:((202))', 0, 1, 'KEY', null );
insert into Measurementcolumn ( MTABLEID, DATANAME, COLNUMBER, DATATYPE, DATASIZE, DATASCALE, UNIQUEVALUE, NULLABLE, INDEXES, DESCRIPTION, DATAID, RELEASEID, UNIQUEKEY, INCLUDESQL, COLTYPE, FOLLOWJOHN ) values ( 'DC_E_TEST:((202)):DC_E_TEST_VCLTP:COUNT', 'NEUN', 3, 'varchar', 64, 0, 255, 1, '', 'Network element user name', 'neun', 'DC_E_TEST:((202))', 0, 1, 'KEY', null );
insert into Measurementcolumn ( MTABLEID, DATANAME, COLNUMBER, DATATYPE, DATASIZE, DATASCALE, UNIQUEVALUE, NULLABLE, INDEXES, DESCRIPTION, DATAID, RELEASEID, UNIQUEKEY, INCLUDESQL, COLTYPE, FOLLOWJOHN ) values ( 'DC_E_TEST:((202)):DC_E_TEST_VCLTP:COUNT', 'NEDN', 4, 'varchar', 255, 0, 255, 1, '', 'Network element distinguished name', 'nedn', 'DC_E_TEST:((202))', 0, 1, 'KEY', null );
insert into Measurementcolumn ( MTABLEID, DATANAME, COLNUMBER, DATATYPE, DATASIZE, DATASCALE, UNIQUEVALUE, NULLABLE, INDEXES, DESCRIPTION, DATAID, RELEASEID, UNIQUEKEY, INCLUDESQL, COLTYPE, FOLLOWJOHN ) values ( 'DC_E_TEST:((202)):DC_E_TEST_VCLTP:COUNT', 'NESW', 5, 'varchar', 35, 0, 255, 1, '', 'Network element software version', 'nesw', 'DC_E_TEST:((202))', 0, 1, 'KEY', null );
insert into Measurementcolumn ( MTABLEID, DATANAME, COLNUMBER, DATATYPE, DATASIZE, DATASCALE, UNIQUEVALUE, NULLABLE, INDEXES, DESCRIPTION, DATAID, RELEASEID, UNIQUEKEY, INCLUDESQL, COLTYPE, FOLLOWJOHN ) values ( 'DC_E_TEST:((202)):DC_E_TEST_VCLTP:COUNT', 'TEST', 6, 'varchar', 64, 0, 255, 0, 'HG', 'Object parent ID', 'NEName', 'DC_E_TEST:((202))', 1, 1, 'KEY', null );
insert into Measurementcolumn ( MTABLEID, DATANAME, COLNUMBER, DATATYPE, DATASIZE, DATASCALE, UNIQUEVALUE, NULLABLE, INDEXES, DESCRIPTION, DATAID, RELEASEID, UNIQUEKEY, INCLUDESQL, COLTYPE, FOLLOWJOHN ) values ( 'DC_E_TEST:((202)):DC_E_TEST_VCLTP:COUNT', 'MOID', 7, 'varchar', 255, 0, 255, 0, 'HG', 'Measured Object Id', 'MOID', 'DC_E_TEST:((202))', 1, 1, 'KEY', null );
insert into Measurementcolumn ( MTABLEID, DATANAME, COLNUMBER, DATATYPE, DATASIZE, DATASCALE, UNIQUEVALUE, NULLABLE, INDEXES, DESCRIPTION, DATAID, RELEASEID, UNIQUEKEY, INCLUDESQL, COLTYPE, FOLLOWJOHN ) values ( 'DC_E_TEST:((202)):DC_E_TEST_VCLTP:COUNT', 'TransportNetwork', 8, 'varchar', 35, 0, 255, 1, 'HG', 'Transport Network', 'MOID.TransportNetwork', 'DC_E_TEST:((202))', 0, 1, 'KEY', null );
insert into Measurementcolumn ( MTABLEID, DATANAME, COLNUMBER, DATATYPE, DATASIZE, DATASCALE, UNIQUEVALUE, NULLABLE, INDEXES, DESCRIPTION, DATAID, RELEASEID, UNIQUEKEY, INCLUDESQL, COLTYPE, FOLLOWJOHN ) values ( 'DC_E_TEST:((202)):DC_E_TEST_VCLTP:COUNT', 'AtmPort', 9, 'varchar', 35, 0, 255, 1, 'HG', 'This MO configures a physical port for ATM traffic.', 'MOID.AtmPort', 'DC_E_TEST:((202))', 0, 1, 'KEY', null );
insert into Measurementcolumn ( MTABLEID, DATANAME, COLNUMBER, DATATYPE, DATASIZE, DATASCALE, UNIQUEVALUE, NULLABLE, INDEXES, DESCRIPTION, DATAID, RELEASEID, UNIQUEKEY, INCLUDESQL, COLTYPE, FOLLOWJOHN ) values ( 'DC_E_TEST:((202)):DC_E_TEST_VCLTP:COUNT', 'VplTp', 10, 'varchar', 35, 0, 255, 1, 'HG', 'This MO is used to represent the termination of a VP link.', 'MOID.VplTp', 'DC_E_TEST:((202))', 0, 1, 'KEY', null );
insert into Measurementcolumn ( MTABLEID, DATANAME, COLNUMBER, DATATYPE, DATASIZE, DATASCALE, UNIQUEVALUE, NULLABLE, INDEXES, DESCRIPTION, DATAID, RELEASEID, UNIQUEKEY, INCLUDESQL, COLTYPE, FOLLOWJOHN ) values ( 'DC_E_TEST:((202)):DC_E_TEST_VCLTP:COUNT', 'VpcTp', 11, 'varchar', 35, 0, 255, 1, 'HG', 'Virtual path connection termination point, VpcTp, is used to represent the point where the VPC and associated overhead (F4 OAM cells) are terminated/originated.', 'MOID.VpcTp', 'DC_E_TEST:((202))', 0, 1, 'KEY', null );
insert into Measurementcolumn ( MTABLEID, DATANAME, COLNUMBER, DATATYPE, DATASIZE, DATASCALE, UNIQUEVALUE, NULLABLE, INDEXES, DESCRIPTION, DATAID, RELEASEID, UNIQUEKEY, INCLUDESQL, COLTYPE, FOLLOWJOHN ) values ( 'DC_E_TEST:((202)):DC_E_TEST_VCLTP:COUNT', 'VclTp', 12, 'varchar', 35, 0, 255, 1, 'HG', 'This MO is used to represent the termination of an external VC link in the node.', 'MOID.VclTp', 'DC_E_TEST:((202))', 0, 1, 'KEY', null );
insert into Measurementcolumn ( MTABLEID, DATANAME, COLNUMBER, DATATYPE, DATASIZE, DATASCALE, UNIQUEVALUE, NULLABLE, INDEXES, DESCRIPTION, DATAID, RELEASEID, UNIQUEKEY, INCLUDESQL, COLTYPE, FOLLOWJOHN ) values ( 'DC_E_TEST:((202)):DC_E_TEST_VCLTP:COUNT', 'atmTrafficDescriptorId', 13, 'varchar', 255, 0, 255, 1, 'HG', 'Reference to the AtmTrafficDescriptor profile.', 'atmTrafficDescriptorId', 'DC_E_TEST:((202))', 0, 1, 'KEY', null );
insert into Measurementcolumn ( MTABLEID, DATANAME, COLNUMBER, DATATYPE, DATASIZE, DATASCALE, UNIQUEVALUE, NULLABLE, INDEXES, DESCRIPTION, DATAID, RELEASEID, UNIQUEKEY, INCLUDESQL, COLTYPE, FOLLOWJOHN ) values ( 'DC_E_TEST:((202)):DC_E_TEST_VCLTP:COUNT', 'userLabel', 14, 'varchar', 128, 0, 255, 1, 'HG', 'Label for free use', 'userLabel', 'DC_E_TEST:((202))', 0, 1, 'KEY', null );
insert into Measurementcolumn ( MTABLEID, DATANAME, COLNUMBER, DATATYPE, DATASIZE, DATASCALE, UNIQUEVALUE, NULLABLE, INDEXES, DESCRIPTION, DATAID, RELEASEID, UNIQUEKEY, INCLUDESQL, COLTYPE, FOLLOWJOHN ) values ( 'DC_E_TEST:((202)):DC_E_TEST_VCLTP:COUNT', 'DATE_ID', 15, 'date', 0, 0, 255, 1, 'LF', '', 'DATE_ID', 'BASE_TP_090421', 0, 0, 'PUBLICKEY', null );
insert into Measurementcolumn ( MTABLEID, DATANAME, COLNUMBER, DATATYPE, DATASIZE, DATASCALE, UNIQUEVALUE, NULLABLE, INDEXES, DESCRIPTION, DATAID, RELEASEID, UNIQUEKEY, INCLUDESQL, COLTYPE, FOLLOWJOHN ) values ( 'DC_E_TEST:((202)):DC_E_TEST_VCLTP:COUNT', 'YEAR_ID', 16, 'smallint', 0, 0, 20, 1, 'LF', '', 'YEAR_ID', 'BASE_TP_090421', 0, 0, 'PUBLICKEY', null );
insert into Measurementcolumn ( MTABLEID, DATANAME, COLNUMBER, DATATYPE, DATASIZE, DATASCALE, UNIQUEVALUE, NULLABLE, INDEXES, DESCRIPTION, DATAID, RELEASEID, UNIQUEKEY, INCLUDESQL, COLTYPE, FOLLOWJOHN ) values ( 'DC_E_TEST:((202)):DC_E_TEST_VCLTP:COUNT', 'MONTH_ID', 17, 'tinyint', 0, 0, 12, 1, 'LF', '', 'MONTH_ID', 'BASE_TP_090421', 0, 0, 'PUBLICKEY', null );
insert into Measurementcolumn ( MTABLEID, DATANAME, COLNUMBER, DATATYPE, DATASIZE, DATASCALE, UNIQUEVALUE, NULLABLE, INDEXES, DESCRIPTION, DATAID, RELEASEID, UNIQUEKEY, INCLUDESQL, COLTYPE, FOLLOWJOHN ) values ( 'DC_E_TEST:((202)):DC_E_TEST_VCLTP:COUNT', 'DAY_ID', 18, 'tinyint', 0, 0, 31, 1, 'LF', '', 'DAY_ID', 'BASE_TP_090421', 0, 0, 'PUBLICKEY', null );
insert into Measurementcolumn ( MTABLEID, DATANAME, COLNUMBER, DATATYPE, DATASIZE, DATASCALE, UNIQUEVALUE, NULLABLE, INDEXES, DESCRIPTION, DATAID, RELEASEID, UNIQUEKEY, INCLUDESQL, COLTYPE, FOLLOWJOHN ) values ( 'DC_E_TEST:((202)):DC_E_TEST_VCLTP:COUNT', 'HOUR_ID', 19, 'tinyint', 0, 0, 24, 1, 'LF', '', 'HOUR_ID', 'BASE_TP_090421', 0, 0, 'PUBLICKEY', null );
insert into Measurementcolumn ( MTABLEID, DATANAME, COLNUMBER, DATATYPE, DATASIZE, DATASCALE, UNIQUEVALUE, NULLABLE, INDEXES, DESCRIPTION, DATAID, RELEASEID, UNIQUEKEY, INCLUDESQL, COLTYPE, FOLLOWJOHN ) values ( 'DC_E_TEST:((202)):DC_E_TEST_VCLTP:COUNT', 'DATETIME_ID', 20, 'datetime', 0, 0, 255, 1, 'HG', '', 'DATETIME_ID', 'BASE_TP_090421', 1, 1, 'PUBLICKEY', null );
insert into Measurementcolumn ( MTABLEID, DATANAME, COLNUMBER, DATATYPE, DATASIZE, DATASCALE, UNIQUEVALUE, NULLABLE, INDEXES, DESCRIPTION, DATAID, RELEASEID, UNIQUEKEY, INCLUDESQL, COLTYPE, FOLLOWJOHN ) values ( 'DC_E_TEST:((202)):DC_E_TEST_VCLTP:COUNT', 'MIN_ID', 21, 'tinyint', 0, 0, 60, 1, 'LF', '', 'MIN_ID', 'BASE_TP_090421', 0, 0, 'PUBLICKEY', null );
insert into Measurementcolumn ( MTABLEID, DATANAME, COLNUMBER, DATATYPE, DATASIZE, DATASCALE, UNIQUEVALUE, NULLABLE, INDEXES, DESCRIPTION, DATAID, RELEASEID, UNIQUEKEY, INCLUDESQL, COLTYPE, FOLLOWJOHN ) values ( 'DC_E_TEST:((202)):DC_E_TEST_VCLTP:COUNT', 'TIMELEVEL', 22, 'varchar', 10, 0, 10, 1, 'LF', '', 'TIMELEVEL', 'BASE_TP_090421', 0, 0, 'PUBLICKEY', null );
insert into Measurementcolumn ( MTABLEID, DATANAME, COLNUMBER, DATATYPE, DATASIZE, DATASCALE, UNIQUEVALUE, NULLABLE, INDEXES, DESCRIPTION, DATAID, RELEASEID, UNIQUEKEY, INCLUDESQL, COLTYPE, FOLLOWJOHN ) values ( 'DC_E_TEST:((202)):DC_E_TEST_VCLTP:COUNT', 'SESSION_ID', 23, 'unsigned int', 0, 0, 255, 1, '', '', 'SESSION_ID', 'BASE_TP_090421', 0, 0, 'PUBLICKEY', null );
insert into Measurementcolumn ( MTABLEID, DATANAME, COLNUMBER, DATATYPE, DATASIZE, DATASCALE, UNIQUEVALUE, NULLABLE, INDEXES, DESCRIPTION, DATAID, RELEASEID, UNIQUEKEY, INCLUDESQL, COLTYPE, FOLLOWJOHN ) values ( 'DC_E_TEST:((202)):DC_E_TEST_VCLTP:COUNT', 'BATCH_ID', 24, 'smallint', 0, 0, 255, 1, '', '', 'BATCH_ID', 'BASE_TP_090421', 0, 0, 'PUBLICKEY', null );
insert into Measurementcolumn ( MTABLEID, DATANAME, COLNUMBER, DATATYPE, DATASIZE, DATASCALE, UNIQUEVALUE, NULLABLE, INDEXES, DESCRIPTION, DATAID, RELEASEID, UNIQUEKEY, INCLUDESQL, COLTYPE, FOLLOWJOHN ) values ( 'DC_E_TEST:((202)):DC_E_TEST_VCLTP:COUNT', 'PERIOD_DURATION', 25, 'unsigned int', 0, 0, 10, 1, '', '', 'PERIOD_DURATION', 'BASE_TP_090421', 0, 1, 'PUBLICKEY', null );
insert into Measurementcolumn ( MTABLEID, DATANAME, COLNUMBER, DATATYPE, DATASIZE, DATASCALE, UNIQUEVALUE, NULLABLE, INDEXES, DESCRIPTION, DATAID, RELEASEID, UNIQUEKEY, INCLUDESQL, COLTYPE, FOLLOWJOHN ) values ( 'DC_E_TEST:((202)):DC_E_TEST_VCLTP:COUNT', 'ROWSTATUS', 26, 'varchar', 16, 0, 10, 1, '', '', 'ROWSTATUS', 'BASE_TP_090421', 0, 1, 'PUBLICKEY', null );
insert into Measurementcolumn ( MTABLEID, DATANAME, COLNUMBER, DATATYPE, DATASIZE, DATASCALE, UNIQUEVALUE, NULLABLE, INDEXES, DESCRIPTION, DATAID, RELEASEID, UNIQUEKEY, INCLUDESQL, COLTYPE, FOLLOWJOHN ) values ( 'DC_E_TEST:((202)):DC_E_TEST_VCLTP:COUNT', 'DC_RELEASE', 27, 'varchar', 16, 0, 2, 1, 'LF', '', 'DC_RELEASE', 'BASE_TP_090421', 0, 1, 'PUBLICKEY', null );
insert into Measurementcolumn ( MTABLEID, DATANAME, COLNUMBER, DATATYPE, DATASIZE, DATASCALE, UNIQUEVALUE, NULLABLE, INDEXES, DESCRIPTION, DATAID, RELEASEID, UNIQUEKEY, INCLUDESQL, COLTYPE, FOLLOWJOHN ) values ( 'DC_E_TEST:((202)):DC_E_TEST_VCLTP:COUNT', 'DC_SOURCE', 28, 'varchar', 16, 0, 2, 1, 'LF', '', 'DC_SOURCE', 'BASE_TP_090421', 0, 1, 'PUBLICKEY', null );
insert into Measurementcolumn ( MTABLEID, DATANAME, COLNUMBER, DATATYPE, DATASIZE, DATASCALE, UNIQUEVALUE, NULLABLE, INDEXES, DESCRIPTION, DATAID, RELEASEID, UNIQUEKEY, INCLUDESQL, COLTYPE, FOLLOWJOHN ) values ( 'DC_E_TEST:((202)):DC_E_TEST_VCLTP:COUNT', 'DC_TIMEZONE', 29, 'varchar', 16, 0, 2, 1, 'LF', '', 'DC_TIMEZONE', 'BASE_TP_090421', 0, 1, 'PUBLICKEY', null );
insert into Measurementcolumn ( MTABLEID, DATANAME, COLNUMBER, DATATYPE, DATASIZE, DATASCALE, UNIQUEVALUE, NULLABLE, INDEXES, DESCRIPTION, DATAID, RELEASEID, UNIQUEKEY, INCLUDESQL, COLTYPE, FOLLOWJOHN ) values ( 'DC_E_TEST:((202)):DC_E_TEST_VCLTP:COUNT', 'DC_SUSPECTFLAG', 30, 'int', 0, 0, 2, 1, 'LF', '', 'DC_SUSPECTFLAG', 'BASE_TP_090421', 0, 1, 'PUBLICKEY', null );
insert into Measurementcolumn ( MTABLEID, DATANAME, COLNUMBER, DATATYPE, DATASIZE, DATASCALE, UNIQUEVALUE, NULLABLE, INDEXES, DESCRIPTION, DATAID, RELEASEID, UNIQUEKEY, INCLUDESQL, COLTYPE, FOLLOWJOHN ) values ( 'DC_E_TEST:((202)):DC_E_TEST_VCLTP:COUNT', 'UTC_DATETIME_ID', 31, 'datetime', 0, 0, 255, 1, 'HG', '', 'UTC_DATETIME_ID', 'BASE_TP_090421', 1, 1, 'PUBLICKEY', null );
insert into Measurementcolumn ( MTABLEID, DATANAME, COLNUMBER, DATATYPE, DATASIZE, DATASCALE, UNIQUEVALUE, NULLABLE, INDEXES, DESCRIPTION, DATAID, RELEASEID, UNIQUEKEY, INCLUDESQL, COLTYPE, FOLLOWJOHN ) values ( 'DC_E_TEST:((202)):DC_E_TEST_VCLTP:COUNT', 'pmReceivedAtmCells', 32, 'numeric', 18, 0, 255, 1, '', 'pmReceivedAtmCells: Number of received ATM cells. Condition: This counter is incremented for each received ATM cell. Counter is reset after measurement period: Yes Counter type: PEG Unit: Number of cells', 'pmReceivedAtmCells', 'DC_E_TEST:((202))', 0, 1, 'COUNTER', null );
insert into Measurementcolumn ( MTABLEID, DATANAME, COLNUMBER, DATATYPE, DATASIZE, DATASCALE, UNIQUEVALUE, NULLABLE, INDEXES, DESCRIPTION, DATAID, RELEASEID, UNIQUEKEY, INCLUDESQL, COLTYPE, FOLLOWJOHN ) values ( 'DC_E_TEST:((202)):DC_E_TEST_VCLTP:COUNT', 'pmTransmittedAtmCells', 33, 'numeric', 18, 0, 255, 1, '', 'pmTransmittedAtmCells: Number of transmitted ATM cells. Condition: This counter is incremented for each transmitted ATM cell. Counter is reset after measurement period: Yes Counter type: PEG Unit: Number of cells', 'pmTransmittedAtmCells', 'DC_E_TEST:((202))', 0, 1, 'COUNTER', null );
insert into Measurementcolumn ( MTABLEID, DATANAME, COLNUMBER, DATATYPE, DATASIZE, DATASCALE, UNIQUEVALUE, NULLABLE, INDEXES, DESCRIPTION, DATAID, RELEASEID, UNIQUEKEY, INCLUDESQL, COLTYPE, FOLLOWJOHN ) values ( 'DC_E_TEST:((202)):DC_E_TEST_VCLTP:COUNT', 'NEW_COUNTER', 34, 'datetime', 0, 0, 255, 1, '', 'pmTransmittedAtmCells: Number of transmitted ATM cells. Condition: This counter is incremented for each transmitted ATM cell. Counter is reset after measurement period: Yes Counter type: PEG Unit: Number of cells', 'pmTransmittedAtmCells-2', 'DC_E_TEST:((202))', 0, 0, 'COUNTER', null );
insert into Measurementtype ( TYPEID, TYPECLASSID, TYPENAME, VENDORID, FOLDERNAME, DESCRIPTION, STATUS, VERSIONID, OBJECTID, OBJECTNAME, OBJECTVERSION, OBJECTTYPE, JOINABLE, SIZING, TOTALAGG, ELEMENTBHSUPPORT, RANKINGTABLE, DELTACALCSUPPORT, PLAINTABLE, UNIVERSEEXTENSION, VECTORSUPPORT, DATAFORMATSUPPORT, FOLLOWJOHN, ONEMINAGG, FIFTEENMINAGG, EVENTSCALCTABLE, MIXEDPARTITIONSTABLE, LOADFILE_DUP_CHECK ) values ( 'DC_E_TEST:((202)):DC_E_TEST_VCLTP_V', 'DC_E_TEST:((202)):DC_E_TEST_ATM', 'DC_E_TEST_VCLTP_V', 'DC_E_TEST', 'DC_E_TEST_VCLTP_V', 'Termination of an external VC link counters. Measured Object contains VECTOR counters of VclTp. In release R5.0 the delta value will be stored in the database.', null, 'DC_E_TEST:((202))', 'DC_E_TEST:((202)):DC_E_TEST_VCLTP_V', 'DC_E_TEST_VCLTP_V', null, null, '', 'extrasmall', 1, 1, 0, 0, 0, 'a', 1, 1, null, null, null, null, null, null );
insert into Measurementkey ( TYPEID, DATANAME, DESCRIPTION, ISELEMENT, UNIQUEKEY, COLNUMBER, DATATYPE, DATASIZE, DATASCALE, UNIQUEVALUE, NULLABLE, INDEXES, INCLUDESQL, UNIVOBJECT, JOINABLE, DATAID ) values ( 'DC_E_TEST:((202)):DC_E_TEST_VCLTP_V', 'AtmPort', 'This MO configures a physical port for ATM traffic.', 0, 0, 9, 'varchar', 35, 0, 255, 1, 'HG', 1, 'AtmPort', null, 'MOID.AtmPort' );
insert into Measurementkey ( TYPEID, DATANAME, DESCRIPTION, ISELEMENT, UNIQUEKEY, COLNUMBER, DATATYPE, DATASIZE, DATASCALE, UNIQUEVALUE, NULLABLE, INDEXES, INCLUDESQL, UNIVOBJECT, JOINABLE, DATAID ) values ( 'DC_E_TEST:((202)):DC_E_TEST_VCLTP_V', 'atmTrafficDescriptorId', 'Reference to the AtmTrafficDescriptor profile.', 0, 0, 13, 'varchar', 255, 0, 255, 1, 'HG', 1, 'AtmTrafficDescriptorId', null, 'atmTrafficDescriptorId' );
insert into Measurementkey ( TYPEID, DATANAME, DESCRIPTION, ISELEMENT, UNIQUEKEY, COLNUMBER, DATATYPE, DATASIZE, DATASCALE, UNIQUEVALUE, NULLABLE, INDEXES, INCLUDESQL, UNIVOBJECT, JOINABLE, DATAID ) values ( 'DC_E_TEST:((202)):DC_E_TEST_VCLTP_V', 'DCVECTOR_INDEX', 'Vector Index', 0, 1, 15, 'integer', 0, 0, 255, 0, 'HG', 1, null, null, 'DCVECTOR_INDEX' );
insert into Measurementkey ( TYPEID, DATANAME, DESCRIPTION, ISELEMENT, UNIQUEKEY, COLNUMBER, DATATYPE, DATASIZE, DATASCALE, UNIQUEVALUE, NULLABLE, INDEXES, INCLUDESQL, UNIVOBJECT, JOINABLE, DATAID ) values ( 'DC_E_TEST:((202)):DC_E_TEST_VCLTP_V', 'MOID', 'Measured Object Id', 0, 1, 7, 'varchar', 255, 0, 255, 0, 'HG', 1, 'MOID', null, 'MOID' );
insert into Measurementkey ( TYPEID, DATANAME, DESCRIPTION, ISELEMENT, UNIQUEKEY, COLNUMBER, DATATYPE, DATASIZE, DATASCALE, UNIQUEVALUE, NULLABLE, INDEXES, INCLUDESQL, UNIVOBJECT, JOINABLE, DATAID ) values ( 'DC_E_TEST:((202)):DC_E_TEST_VCLTP_V', 'NEDN', 'Network element distinguished name', 0, 0, 4, 'varchar', 255, 0, 255, 1, '', 1, '', null, 'nedn' );
insert into Measurementkey ( TYPEID, DATANAME, DESCRIPTION, ISELEMENT, UNIQUEKEY, COLNUMBER, DATATYPE, DATASIZE, DATASCALE, UNIQUEVALUE, NULLABLE, INDEXES, INCLUDESQL, UNIVOBJECT, JOINABLE, DATAID ) values ( 'DC_E_TEST:((202)):DC_E_TEST_VCLTP_V', 'NESW', 'Network element software version', 0, 0, 5, 'varchar', 35, 0, 255, 1, '', 1, 'NESW', null, 'nesw' );
insert into Measurementkey ( TYPEID, DATANAME, DESCRIPTION, ISELEMENT, UNIQUEKEY, COLNUMBER, DATATYPE, DATASIZE, DATASCALE, UNIQUEVALUE, NULLABLE, INDEXES, INCLUDESQL, UNIVOBJECT, JOINABLE, DATAID ) values ( 'DC_E_TEST:((202)):DC_E_TEST_VCLTP_V', 'NEUN', 'Network element user name', 0, 0, 3, 'varchar', 64, 0, 255, 1, '', 1, 'NEUN', null, 'neun' );
insert into Measurementkey ( TYPEID, DATANAME, DESCRIPTION, ISELEMENT, UNIQUEKEY, COLNUMBER, DATATYPE, DATASIZE, DATASCALE, UNIQUEVALUE, NULLABLE, INDEXES, INCLUDESQL, UNIVOBJECT, JOINABLE, DATAID ) values ( 'DC_E_TEST:((202)):DC_E_TEST_VCLTP_V', 'OSS_ID', 'OSS Id', 0, 1, 1, 'varchar', 50, 0, 255, 0, 'HG', 1, 'OSS Id', null, 'OSS_ID' );
insert into Measurementkey ( TYPEID, DATANAME, DESCRIPTION, ISELEMENT, UNIQUEKEY, COLNUMBER, DATATYPE, DATASIZE, DATASCALE, UNIQUEVALUE, NULLABLE, INDEXES, INCLUDESQL, UNIVOBJECT, JOINABLE, DATAID ) values ( 'DC_E_TEST:((202)):DC_E_TEST_VCLTP_V', 'SN', 'Sendername', 0, 0, 2, 'varchar', 255, 0, 255, 1, '', 1, '', null, 'SN' );
insert into Measurementkey ( TYPEID, DATANAME, DESCRIPTION, ISELEMENT, UNIQUEKEY, COLNUMBER, DATATYPE, DATASIZE, DATASCALE, UNIQUEVALUE, NULLABLE, INDEXES, INCLUDESQL, UNIVOBJECT, JOINABLE, DATAID ) values ( 'DC_E_TEST:((202)):DC_E_TEST_VCLTP_V', 'TEST', 'Object parent ID', 1, 1, 6, 'varchar', 64, 0, 255, 0, 'HG', 1, 'TEST', null, 'NEName' );
insert into Measurementkey ( TYPEID, DATANAME, DESCRIPTION, ISELEMENT, UNIQUEKEY, COLNUMBER, DATATYPE, DATASIZE, DATASCALE, UNIQUEVALUE, NULLABLE, INDEXES, INCLUDESQL, UNIVOBJECT, JOINABLE, DATAID ) values ( 'DC_E_TEST:((202)):DC_E_TEST_VCLTP_V', 'TransportNetwork', 'Transport Network', 0, 0, 8, 'varchar', 35, 0, 255, 1, 'HG', 1, 'TransportNetwork', null, 'MOID.TransportNetwork' );
insert into Measurementkey ( TYPEID, DATANAME, DESCRIPTION, ISELEMENT, UNIQUEKEY, COLNUMBER, DATATYPE, DATASIZE, DATASCALE, UNIQUEVALUE, NULLABLE, INDEXES, INCLUDESQL, UNIVOBJECT, JOINABLE, DATAID ) values ( 'DC_E_TEST:((202)):DC_E_TEST_VCLTP_V', 'userLabel', 'Label for free use', 0, 0, 14, 'varchar', 128, 0, 255, 1, 'HG', 1, 'userLabel', null, 'userLabel' );
insert into Measurementkey ( TYPEID, DATANAME, DESCRIPTION, ISELEMENT, UNIQUEKEY, COLNUMBER, DATATYPE, DATASIZE, DATASCALE, UNIQUEVALUE, NULLABLE, INDEXES, INCLUDESQL, UNIVOBJECT, JOINABLE, DATAID ) values ( 'DC_E_TEST:((202)):DC_E_TEST_VCLTP_V', 'VclTp', 'This MO is used to represent the termination of an external VC link in the node.', 0, 0, 12, 'varchar', 35, 0, 255, 1, 'HG', 1, 'VclTp', null, 'MOID.VclTp' );
insert into Measurementkey ( TYPEID, DATANAME, DESCRIPTION, ISELEMENT, UNIQUEKEY, COLNUMBER, DATATYPE, DATASIZE, DATASCALE, UNIQUEVALUE, NULLABLE, INDEXES, INCLUDESQL, UNIVOBJECT, JOINABLE, DATAID ) values ( 'DC_E_TEST:((202)):DC_E_TEST_VCLTP_V', 'VpcTp', 'Virtual path connection termination point, VpcTp, is used to represent the point where the VPC and associated overhead (F4 OAM cells) are terminated/originated.', 0, 0, 11, 'varchar', 35, 0, 255, 1, 'HG', 1, 'VpcTp', null, 'MOID.VpcTp' );
insert into Measurementkey ( TYPEID, DATANAME, DESCRIPTION, ISELEMENT, UNIQUEKEY, COLNUMBER, DATATYPE, DATASIZE, DATASCALE, UNIQUEVALUE, NULLABLE, INDEXES, INCLUDESQL, UNIVOBJECT, JOINABLE, DATAID ) values ( 'DC_E_TEST:((202)):DC_E_TEST_VCLTP_V', 'VplTp', 'This MO is used to represent the termination of a VP link.', 0, 0, 10, 'varchar', 35, 0, 255, 1, 'HG', 1, 'VplTp', null, 'MOID.VplTp' );
insert into Measurementcounter ( TYPEID, DATANAME, DESCRIPTION, TIMEAGGREGATION, GROUPAGGREGATION, COUNTAGGREGATION, COLNUMBER, DATATYPE, DATASIZE, DATASCALE, INCLUDESQL, UNIVOBJECT, UNIVCLASS, COUNTERTYPE, COUNTERPROCESS, DATAID, FOLLOWJOHN ) values ( 'DC_E_TEST:((202)):DC_E_TEST_VCLTP_V', 'pmBwUtilizationTx', 'pmBwUtilizationTx: The counter shows the utilization of the virtual connection in the transmitting direction represented by a histogram, consisting of a list of 21 numbers, indexed from zero. The first number is Peak Cell Rate (PCR) and the next 20 numbers are different load ranges (range counters) for the VclTp MO. The load is sampled every 10s and depending on the sampled value, the corresponding range counter is increased. PDF ranges: The number is rounded upwards to the nearest integer. [0]: PCR, [1]: [0..5.0]%, [2]: [>5.0..10.0]%, [3]: [>10.0..15.0]%, [4]: [>15.0..20.0]%, [5]: [>20.0..25.0]%, [6]: [>25.0..30.0]%, [7]: [>30.0..35.0]%, [8]: [>35.0..40.0]%, [9]: [>40.0..45.0]%, [10]: [>45.0..50.0]%, [11]: [>50.0..55.0]%, [12]: [>55.0..60.0]%, [13]: [>60.0..65.0]%, [14]: [>65.0..70.0]%, [15]: [>70.0..75.0]%, [16]: [>75.0..80.0]%, [17]: [>80.0..85.0]%, [18]: [>85.0..90.0]%, [19]: [>90.0..95.0]%, [20]: [>95.0..100]% Condition: Continuous measurement of load during the last measurement period. Counter is reset after measurement period: Yes Counter type: PDF Unit: (for range 0) PCR, (for ranges 1 to 20) % of VC bandwidth ', 'SUM', 'AVG', 'GAUGE', 102, 'numeric', 18, 8, 1, 'pmBwUtilizationTx', '', 'VECTOR', 'VECTOR', 'pmBwUtilizationTx', null );
insert into Measurementcounter ( TYPEID, DATANAME, DESCRIPTION, TIMEAGGREGATION, GROUPAGGREGATION, COUNTAGGREGATION, COLNUMBER, DATATYPE, DATASIZE, DATASCALE, INCLUDESQL, UNIVOBJECT, UNIVCLASS, COUNTERTYPE, COUNTERPROCESS, DATAID, FOLLOWJOHN ) values ( 'DC_E_TEST:((202)):DC_E_TEST_VCLTP_V', 'pmBwUtilizationRx', 'pmBwUtilizationRx: The counter shows the utilization of the virtual connection in the receiving direction represented by a histogram, consisting of a list of 21 numbers. The first number is Peak Cell Rate (PCR) and the next 20 numbers are different load ranges (range counters) for the VclTp MO. The load is sampled every 10s and depending on the sampled value, the corresponding range counter is increased. PDF ranges: The number is rounded upwards to the nearest integer. [0]: PCR, [1]: [0..5.0]%, [2]: [>5.0..10.0]%, [3]: [>10.0..15.0]%, [4]: [>15.0..20.0]%, [5]: [>20.0..25.0]%, [6]: [>25.0..30.0]%, [7]: [>30.0..35.0]%, [8]: [>35.0..40.0]%, [9]: [>40.0..45.0]%, [10]: [>45.0..50.0]%, [11]: [>50.0..55.0]%, [12]: [>55.0..60.0]%, [13]: [>60.0..65.0]%, [14]: [>65.0..70.0]%, [15]: [>70.0..75.0]%, [16]: [>75.0..80.0]%, [17]: [>80.0..85.0]%, [18]: [>85.0..90.0]%, [19]: [>90.0..95.0]%, [20]: [>95.0..100]% Condition: Continuous measurement of load during the last measurement period. Counter is reset after measurement period: Yes Counter type: PDF Unit: (for range 0) PCR, (for ranges 1 to 20) % of VC bandwidth ', 'SUM', 'AVG', 'GAUGE', 101, 'numeric', 18, 8, 1, 'pmBwUtilizationRx', '', 'VECTOR', 'VECTOR', 'pmBwUtilizationRx', null );
insert into Measurementobjbhsupport ( TYPEID, OBJBHSUPPORT ) values ( 'DC_E_TEST:((202)):DC_E_TEST_VCLTP_V', 'VCLTP' );
insert into Measurementtable ( MTABLEID, TABLELEVEL, TYPEID, BASETABLENAME, DEFAULT_TEMPLATE, PARTITIONPLAN ) values ( 'DC_E_TEST:((202)):DC_E_TEST_VCLTP_V:RAW', 'RAW', 'DC_E_TEST:((202)):DC_E_TEST_VCLTP_V', 'DC_E_TEST_VCLTP_V_RAW', null, 'extrasmall_raw' );
insert into Measurementcolumn ( MTABLEID, DATANAME, COLNUMBER, DATATYPE, DATASIZE, DATASCALE, UNIQUEVALUE, NULLABLE, INDEXES, DESCRIPTION, DATAID, RELEASEID, UNIQUEKEY, INCLUDESQL, COLTYPE, FOLLOWJOHN ) values ( 'DC_E_TEST:((202)):DC_E_TEST_VCLTP_V:RAW', 'OSS_ID', 1, 'varchar', 50, 0, 255, 0, 'HG', 'OSS Id', 'OSS_ID', 'DC_E_TEST:((202))', 1, 1, 'KEY', null );
insert into Measurementcolumn ( MTABLEID, DATANAME, COLNUMBER, DATATYPE, DATASIZE, DATASCALE, UNIQUEVALUE, NULLABLE, INDEXES, DESCRIPTION, DATAID, RELEASEID, UNIQUEKEY, INCLUDESQL, COLTYPE, FOLLOWJOHN ) values ( 'DC_E_TEST:((202)):DC_E_TEST_VCLTP_V:RAW', 'SN', 2, 'varchar', 255, 0, 255, 1, '', 'Sendername', 'SN', 'DC_E_TEST:((202))', 0, 1, 'KEY', null );
insert into Measurementcolumn ( MTABLEID, DATANAME, COLNUMBER, DATATYPE, DATASIZE, DATASCALE, UNIQUEVALUE, NULLABLE, INDEXES, DESCRIPTION, DATAID, RELEASEID, UNIQUEKEY, INCLUDESQL, COLTYPE, FOLLOWJOHN ) values ( 'DC_E_TEST:((202)):DC_E_TEST_VCLTP_V:RAW', 'NEUN', 3, 'varchar', 64, 0, 255, 1, '', 'Network element user name', 'neun', 'DC_E_TEST:((202))', 0, 1, 'KEY', null );
insert into Measurementcolumn ( MTABLEID, DATANAME, COLNUMBER, DATATYPE, DATASIZE, DATASCALE, UNIQUEVALUE, NULLABLE, INDEXES, DESCRIPTION, DATAID, RELEASEID, UNIQUEKEY, INCLUDESQL, COLTYPE, FOLLOWJOHN ) values ( 'DC_E_TEST:((202)):DC_E_TEST_VCLTP_V:RAW', 'NEDN', 4, 'varchar', 255, 0, 255, 1, '', 'Network element distinguished name', 'nedn', 'DC_E_TEST:((202))', 0, 1, 'KEY', null );
insert into Measurementcolumn ( MTABLEID, DATANAME, COLNUMBER, DATATYPE, DATASIZE, DATASCALE, UNIQUEVALUE, NULLABLE, INDEXES, DESCRIPTION, DATAID, RELEASEID, UNIQUEKEY, INCLUDESQL, COLTYPE, FOLLOWJOHN ) values ( 'DC_E_TEST:((202)):DC_E_TEST_VCLTP_V:RAW', 'NESW', 5, 'varchar', 35, 0, 255, 1, '', 'Network element software version', 'nesw', 'DC_E_TEST:((202))', 0, 1, 'KEY', null );
insert into Measurementcolumn ( MTABLEID, DATANAME, COLNUMBER, DATATYPE, DATASIZE, DATASCALE, UNIQUEVALUE, NULLABLE, INDEXES, DESCRIPTION, DATAID, RELEASEID, UNIQUEKEY, INCLUDESQL, COLTYPE, FOLLOWJOHN ) values ( 'DC_E_TEST:((202)):DC_E_TEST_VCLTP_V:RAW', 'TEST', 6, 'varchar', 64, 0, 255, 0, 'HG', 'Object parent ID', 'NEName', 'DC_E_TEST:((202))', 1, 1, 'KEY', null );
insert into Measurementcolumn ( MTABLEID, DATANAME, COLNUMBER, DATATYPE, DATASIZE, DATASCALE, UNIQUEVALUE, NULLABLE, INDEXES, DESCRIPTION, DATAID, RELEASEID, UNIQUEKEY, INCLUDESQL, COLTYPE, FOLLOWJOHN ) values ( 'DC_E_TEST:((202)):DC_E_TEST_VCLTP_V:RAW', 'MOID', 7, 'varchar', 255, 0, 255, 0, 'HG', 'Measured Object Id', 'MOID', 'DC_E_TEST:((202))', 1, 1, 'KEY', null );
insert into Measurementcolumn ( MTABLEID, DATANAME, COLNUMBER, DATATYPE, DATASIZE, DATASCALE, UNIQUEVALUE, NULLABLE, INDEXES, DESCRIPTION, DATAID, RELEASEID, UNIQUEKEY, INCLUDESQL, COLTYPE, FOLLOWJOHN ) values ( 'DC_E_TEST:((202)):DC_E_TEST_VCLTP_V:RAW', 'TransportNetwork', 8, 'varchar', 35, 0, 255, 1, 'HG', 'Transport Network', 'MOID.TransportNetwork', 'DC_E_TEST:((202))', 0, 1, 'KEY', null );
insert into Measurementcolumn ( MTABLEID, DATANAME, COLNUMBER, DATATYPE, DATASIZE, DATASCALE, UNIQUEVALUE, NULLABLE, INDEXES, DESCRIPTION, DATAID, RELEASEID, UNIQUEKEY, INCLUDESQL, COLTYPE, FOLLOWJOHN ) values ( 'DC_E_TEST:((202)):DC_E_TEST_VCLTP_V:RAW', 'AtmPort', 9, 'varchar', 35, 0, 255, 1, 'HG', 'This MO configures a physical port for ATM traffic.', 'MOID.AtmPort', 'DC_E_TEST:((202))', 0, 1, 'KEY', null );
insert into Measurementcolumn ( MTABLEID, DATANAME, COLNUMBER, DATATYPE, DATASIZE, DATASCALE, UNIQUEVALUE, NULLABLE, INDEXES, DESCRIPTION, DATAID, RELEASEID, UNIQUEKEY, INCLUDESQL, COLTYPE, FOLLOWJOHN ) values ( 'DC_E_TEST:((202)):DC_E_TEST_VCLTP_V:RAW', 'VplTp', 10, 'varchar', 35, 0, 255, 1, 'HG', 'This MO is used to represent the termination of a VP link.', 'MOID.VplTp', 'DC_E_TEST:((202))', 0, 1, 'KEY', null );
insert into Measurementcolumn ( MTABLEID, DATANAME, COLNUMBER, DATATYPE, DATASIZE, DATASCALE, UNIQUEVALUE, NULLABLE, INDEXES, DESCRIPTION, DATAID, RELEASEID, UNIQUEKEY, INCLUDESQL, COLTYPE, FOLLOWJOHN ) values ( 'DC_E_TEST:((202)):DC_E_TEST_VCLTP_V:RAW', 'VpcTp', 11, 'varchar', 35, 0, 255, 1, 'HG', 'Virtual path connection termination point, VpcTp, is used to represent the point where the VPC and associated overhead (F4 OAM cells) are terminated/originated.', 'MOID.VpcTp', 'DC_E_TEST:((202))', 0, 1, 'KEY', null );
insert into Measurementcolumn ( MTABLEID, DATANAME, COLNUMBER, DATATYPE, DATASIZE, DATASCALE, UNIQUEVALUE, NULLABLE, INDEXES, DESCRIPTION, DATAID, RELEASEID, UNIQUEKEY, INCLUDESQL, COLTYPE, FOLLOWJOHN ) values ( 'DC_E_TEST:((202)):DC_E_TEST_VCLTP_V:RAW', 'VclTp', 12, 'varchar', 35, 0, 255, 1, 'HG', 'This MO is used to represent the termination of an external VC link in the node.', 'MOID.VclTp', 'DC_E_TEST:((202))', 0, 1, 'KEY', null );
insert into Measurementcolumn ( MTABLEID, DATANAME, COLNUMBER, DATATYPE, DATASIZE, DATASCALE, UNIQUEVALUE, NULLABLE, INDEXES, DESCRIPTION, DATAID, RELEASEID, UNIQUEKEY, INCLUDESQL, COLTYPE, FOLLOWJOHN ) values ( 'DC_E_TEST:((202)):DC_E_TEST_VCLTP_V:RAW', 'atmTrafficDescriptorId', 13, 'varchar', 255, 0, 255, 1, 'HG', 'Reference to the AtmTrafficDescriptor profile.', 'atmTrafficDescriptorId', 'DC_E_TEST:((202))', 0, 1, 'KEY', null );
insert into Measurementcolumn ( MTABLEID, DATANAME, COLNUMBER, DATATYPE, DATASIZE, DATASCALE, UNIQUEVALUE, NULLABLE, INDEXES, DESCRIPTION, DATAID, RELEASEID, UNIQUEKEY, INCLUDESQL, COLTYPE, FOLLOWJOHN ) values ( 'DC_E_TEST:((202)):DC_E_TEST_VCLTP_V:RAW', 'userLabel', 14, 'varchar', 128, 0, 255, 1, 'HG', 'Label for free use', 'userLabel', 'DC_E_TEST:((202))', 0, 1, 'KEY', null );
insert into Measurementcolumn ( MTABLEID, DATANAME, COLNUMBER, DATATYPE, DATASIZE, DATASCALE, UNIQUEVALUE, NULLABLE, INDEXES, DESCRIPTION, DATAID, RELEASEID, UNIQUEKEY, INCLUDESQL, COLTYPE, FOLLOWJOHN ) values ( 'DC_E_TEST:((202)):DC_E_TEST_VCLTP_V:RAW', 'DCVECTOR_INDEX', 15, 'integer', 0, 0, 255, 0, 'HG', 'Vector Index', 'DCVECTOR_INDEX', 'DC_E_TEST:((202))', 1, 1, 'KEY', null );
insert into Measurementcolumn ( MTABLEID, DATANAME, COLNUMBER, DATATYPE, DATASIZE, DATASCALE, UNIQUEVALUE, NULLABLE, INDEXES, DESCRIPTION, DATAID, RELEASEID, UNIQUEKEY, INCLUDESQL, COLTYPE, FOLLOWJOHN ) values ( 'DC_E_TEST:((202)):DC_E_TEST_VCLTP_V:RAW', 'DATE_ID', 16, 'date', 0, 0, 255, 1, 'LF', '', 'DATE_ID', 'BASE_TP_090421', 0, 0, 'PUBLICKEY', null );
insert into Measurementcolumn ( MTABLEID, DATANAME, COLNUMBER, DATATYPE, DATASIZE, DATASCALE, UNIQUEVALUE, NULLABLE, INDEXES, DESCRIPTION, DATAID, RELEASEID, UNIQUEKEY, INCLUDESQL, COLTYPE, FOLLOWJOHN ) values ( 'DC_E_TEST:((202)):DC_E_TEST_VCLTP_V:RAW', 'YEAR_ID', 17, 'smallint', 0, 0, 20, 1, 'LF', '', 'YEAR_ID', 'BASE_TP_090421', 0, 0, 'PUBLICKEY', null );
insert into Measurementcolumn ( MTABLEID, DATANAME, COLNUMBER, DATATYPE, DATASIZE, DATASCALE, UNIQUEVALUE, NULLABLE, INDEXES, DESCRIPTION, DATAID, RELEASEID, UNIQUEKEY, INCLUDESQL, COLTYPE, FOLLOWJOHN ) values ( 'DC_E_TEST:((202)):DC_E_TEST_VCLTP_V:RAW', 'MONTH_ID', 18, 'tinyint', 0, 0, 12, 1, 'LF', '', 'MONTH_ID', 'BASE_TP_090421', 0, 0, 'PUBLICKEY', null );
insert into Measurementcolumn ( MTABLEID, DATANAME, COLNUMBER, DATATYPE, DATASIZE, DATASCALE, UNIQUEVALUE, NULLABLE, INDEXES, DESCRIPTION, DATAID, RELEASEID, UNIQUEKEY, INCLUDESQL, COLTYPE, FOLLOWJOHN ) values ( 'DC_E_TEST:((202)):DC_E_TEST_VCLTP_V:RAW', 'DAY_ID', 19, 'tinyint', 0, 0, 31, 1, 'LF', '', 'DAY_ID', 'BASE_TP_090421', 0, 0, 'PUBLICKEY', null );
insert into Measurementcolumn ( MTABLEID, DATANAME, COLNUMBER, DATATYPE, DATASIZE, DATASCALE, UNIQUEVALUE, NULLABLE, INDEXES, DESCRIPTION, DATAID, RELEASEID, UNIQUEKEY, INCLUDESQL, COLTYPE, FOLLOWJOHN ) values ( 'DC_E_TEST:((202)):DC_E_TEST_VCLTP_V:RAW', 'HOUR_ID', 20, 'tinyint', 0, 0, 24, 1, 'LF', '', 'HOUR_ID', 'BASE_TP_090421', 0, 0, 'PUBLICKEY', null );
insert into Measurementcolumn ( MTABLEID, DATANAME, COLNUMBER, DATATYPE, DATASIZE, DATASCALE, UNIQUEVALUE, NULLABLE, INDEXES, DESCRIPTION, DATAID, RELEASEID, UNIQUEKEY, INCLUDESQL, COLTYPE, FOLLOWJOHN ) values ( 'DC_E_TEST:((202)):DC_E_TEST_VCLTP_V:RAW', 'DATETIME_ID', 21, 'datetime', 0, 0, 255, 1, 'HG', '', 'DATETIME_ID', 'BASE_TP_090421', 1, 1, 'PUBLICKEY', null );
insert into Measurementcolumn ( MTABLEID, DATANAME, COLNUMBER, DATATYPE, DATASIZE, DATASCALE, UNIQUEVALUE, NULLABLE, INDEXES, DESCRIPTION, DATAID, RELEASEID, UNIQUEKEY, INCLUDESQL, COLTYPE, FOLLOWJOHN ) values ( 'DC_E_TEST:((202)):DC_E_TEST_VCLTP_V:RAW', 'MIN_ID', 22, 'tinyint', 0, 0, 60, 1, 'LF', '', 'MIN_ID', 'BASE_TP_090421', 0, 0, 'PUBLICKEY', null );
insert into Measurementcolumn ( MTABLEID, DATANAME, COLNUMBER, DATATYPE, DATASIZE, DATASCALE, UNIQUEVALUE, NULLABLE, INDEXES, DESCRIPTION, DATAID, RELEASEID, UNIQUEKEY, INCLUDESQL, COLTYPE, FOLLOWJOHN ) values ( 'DC_E_TEST:((202)):DC_E_TEST_VCLTP_V:RAW', 'TIMELEVEL', 23, 'varchar', 10, 0, 10, 1, 'LF', '', 'TIMELEVEL', 'BASE_TP_090421', 0, 0, 'PUBLICKEY', null );
insert into Measurementcolumn ( MTABLEID, DATANAME, COLNUMBER, DATATYPE, DATASIZE, DATASCALE, UNIQUEVALUE, NULLABLE, INDEXES, DESCRIPTION, DATAID, RELEASEID, UNIQUEKEY, INCLUDESQL, COLTYPE, FOLLOWJOHN ) values ( 'DC_E_TEST:((202)):DC_E_TEST_VCLTP_V:RAW', 'SESSION_ID', 24, 'unsigned int', 0, 0, 255, 1, '', '', 'SESSION_ID', 'BASE_TP_090421', 0, 0, 'PUBLICKEY', null );
insert into Measurementcolumn ( MTABLEID, DATANAME, COLNUMBER, DATATYPE, DATASIZE, DATASCALE, UNIQUEVALUE, NULLABLE, INDEXES, DESCRIPTION, DATAID, RELEASEID, UNIQUEKEY, INCLUDESQL, COLTYPE, FOLLOWJOHN ) values ( 'DC_E_TEST:((202)):DC_E_TEST_VCLTP_V:RAW', 'BATCH_ID', 25, 'smallint', 0, 0, 255, 1, '', '', 'BATCH_ID', 'BASE_TP_090421', 0, 0, 'PUBLICKEY', null );
insert into Measurementcolumn ( MTABLEID, DATANAME, COLNUMBER, DATATYPE, DATASIZE, DATASCALE, UNIQUEVALUE, NULLABLE, INDEXES, DESCRIPTION, DATAID, RELEASEID, UNIQUEKEY, INCLUDESQL, COLTYPE, FOLLOWJOHN ) values ( 'DC_E_TEST:((202)):DC_E_TEST_VCLTP_V:RAW', 'PERIOD_DURATION', 26, 'unsigned int', 0, 0, 10, 1, '', '', 'PERIOD_DURATION', 'BASE_TP_090421', 0, 1, 'PUBLICKEY', null );
insert into Measurementcolumn ( MTABLEID, DATANAME, COLNUMBER, DATATYPE, DATASIZE, DATASCALE, UNIQUEVALUE, NULLABLE, INDEXES, DESCRIPTION, DATAID, RELEASEID, UNIQUEKEY, INCLUDESQL, COLTYPE, FOLLOWJOHN ) values ( 'DC_E_TEST:((202)):DC_E_TEST_VCLTP_V:RAW', 'ROWSTATUS', 27, 'varchar', 16, 0, 10, 1, '', '', 'ROWSTATUS', 'BASE_TP_090421', 0, 1, 'PUBLICKEY', null );
insert into Measurementcolumn ( MTABLEID, DATANAME, COLNUMBER, DATATYPE, DATASIZE, DATASCALE, UNIQUEVALUE, NULLABLE, INDEXES, DESCRIPTION, DATAID, RELEASEID, UNIQUEKEY, INCLUDESQL, COLTYPE, FOLLOWJOHN ) values ( 'DC_E_TEST:((202)):DC_E_TEST_VCLTP_V:RAW', 'DC_RELEASE', 28, 'varchar', 16, 0, 2, 1, 'LF', '', 'DC_RELEASE', 'BASE_TP_090421', 0, 1, 'PUBLICKEY', null );
insert into Measurementcolumn ( MTABLEID, DATANAME, COLNUMBER, DATATYPE, DATASIZE, DATASCALE, UNIQUEVALUE, NULLABLE, INDEXES, DESCRIPTION, DATAID, RELEASEID, UNIQUEKEY, INCLUDESQL, COLTYPE, FOLLOWJOHN ) values ( 'DC_E_TEST:((202)):DC_E_TEST_VCLTP_V:RAW', 'DC_SOURCE', 29, 'varchar', 16, 0, 2, 1, 'LF', '', 'DC_SOURCE', 'BASE_TP_090421', 0, 1, 'PUBLICKEY', null );
insert into Measurementcolumn ( MTABLEID, DATANAME, COLNUMBER, DATATYPE, DATASIZE, DATASCALE, UNIQUEVALUE, NULLABLE, INDEXES, DESCRIPTION, DATAID, RELEASEID, UNIQUEKEY, INCLUDESQL, COLTYPE, FOLLOWJOHN ) values ( 'DC_E_TEST:((202)):DC_E_TEST_VCLTP_V:RAW', 'DC_TIMEZONE', 30, 'varchar', 16, 0, 2, 1, 'LF', '', 'DC_TIMEZONE', 'BASE_TP_090421', 0, 1, 'PUBLICKEY', null );
insert into Measurementcolumn ( MTABLEID, DATANAME, COLNUMBER, DATATYPE, DATASIZE, DATASCALE, UNIQUEVALUE, NULLABLE, INDEXES, DESCRIPTION, DATAID, RELEASEID, UNIQUEKEY, INCLUDESQL, COLTYPE, FOLLOWJOHN ) values ( 'DC_E_TEST:((202)):DC_E_TEST_VCLTP_V:RAW', 'DC_SUSPECTFLAG', 31, 'int', 0, 0, 2, 1, 'LF', '', 'DC_SUSPECTFLAG', 'BASE_TP_090421', 0, 1, 'PUBLICKEY', null );
insert into Measurementcolumn ( MTABLEID, DATANAME, COLNUMBER, DATATYPE, DATASIZE, DATASCALE, UNIQUEVALUE, NULLABLE, INDEXES, DESCRIPTION, DATAID, RELEASEID, UNIQUEKEY, INCLUDESQL, COLTYPE, FOLLOWJOHN ) values ( 'DC_E_TEST:((202)):DC_E_TEST_VCLTP_V:RAW', 'UTC_DATETIME_ID', 32, 'datetime', 0, 0, 255, 1, 'HG', '', 'UTC_DATETIME_ID', 'BASE_TP_090421', 1, 1, 'PUBLICKEY', null );
insert into Measurementcolumn ( MTABLEID, DATANAME, COLNUMBER, DATATYPE, DATASIZE, DATASCALE, UNIQUEVALUE, NULLABLE, INDEXES, DESCRIPTION, DATAID, RELEASEID, UNIQUEKEY, INCLUDESQL, COLTYPE, FOLLOWJOHN ) values ( 'DC_E_TEST:((202)):DC_E_TEST_VCLTP_V:RAW', 'pmBwUtilizationRx', 33, 'numeric', 18, 8, 255, 1, '', 'pmBwUtilizationRx: The counter shows the utilization of the virtual connection in the receiving direction represented by a histogram, consisting of a list of 21 numbers. The first number is Peak Cell Rate (PCR) and the next 20 numbers are different load ranges (range counters) for the VclTp MO. The load is sampled every 10s and depending on the sampled value, the corresponding range counter is increased. PDF ranges: The number is rounded upwards to the nearest integer. [0]: PCR, [1]: [0..5.0]%, [2]: [>5.0..10.0]%, [3]: [>10.0..15.0]%, [4]: [>15.0..20.0]%, [5]: [>20.0..25.0]%, [6]: [>25.0..30.0]%, [7]: [>30.0..35.0]%, [8]: [>35.0..40.0]%, [9]: [>40.0..45.0]%, [10]: [>45.0..50.0]%, [11]: [>50.0..55.0]%, [12]: [>55.0..60.0]%, [13]: [>60.0..65.0]%, [14]: [>65.0..70.0]%, [15]: [>70.0..75.0]%, [16]: [>75.0..80.0]%, [17]: [>80.0..85.0]%, [18]: [>85.0..90.0]%, [19]: [>90.0..95.0]%, [20]: [>95.0..100]% Condition: Continuous measurement of load during the last measurement period. Counter is reset after measurement period: Yes Counter type: PDF Unit: (for range 0) PCR, (for ranges 1 to 20) % of VC bandwidth ', 'pmBwUtilizationRx', 'DC_E_TEST:((202))', 0, 1, 'COUNTER', null );
insert into Measurementcolumn ( MTABLEID, DATANAME, COLNUMBER, DATATYPE, DATASIZE, DATASCALE, UNIQUEVALUE, NULLABLE, INDEXES, DESCRIPTION, DATAID, RELEASEID, UNIQUEKEY, INCLUDESQL, COLTYPE, FOLLOWJOHN ) values ( 'DC_E_TEST:((202)):DC_E_TEST_VCLTP_V:RAW', 'pmBwUtilizationTx', 34, 'numeric', 18, 8, 255, 1, '', 'pmBwUtilizationTx: The counter shows the utilization of the virtual connection in the transmitting direction represented by a histogram, consisting of a list of 21 numbers, indexed from zero. The first number is Peak Cell Rate (PCR) and the next 20 numbers are different load ranges (range counters) for the VclTp MO. The load is sampled every 10s and depending on the sampled value, the corresponding range counter is increased. PDF ranges: The number is rounded upwards to the nearest integer. [0]: PCR, [1]: [0..5.0]%, [2]: [>5.0..10.0]%, [3]: [>10.0..15.0]%, [4]: [>15.0..20.0]%, [5]: [>20.0..25.0]%, [6]: [>25.0..30.0]%, [7]: [>30.0..35.0]%, [8]: [>35.0..40.0]%, [9]: [>40.0..45.0]%, [10]: [>45.0..50.0]%, [11]: [>50.0..55.0]%, [12]: [>55.0..60.0]%, [13]: [>60.0..65.0]%, [14]: [>65.0..70.0]%, [15]: [>70.0..75.0]%, [16]: [>75.0..80.0]%, [17]: [>80.0..85.0]%, [18]: [>85.0..90.0]%, [19]: [>90.0..95.0]%, [20]: [>95.0..100]% Condition: Continuous measurement of load during the last measurement period. Counter is reset after measurement period: Yes Counter type: PDF Unit: (for range 0) PCR, (for ranges 1 to 20) % of VC bandwidth ', 'pmBwUtilizationTx', 'DC_E_TEST:((202))', 0, 1, 'COUNTER', null );
insert into Measurementtable ( MTABLEID, TABLELEVEL, TYPEID, BASETABLENAME, DEFAULT_TEMPLATE, PARTITIONPLAN ) values ( 'DC_E_TEST:((202)):DC_E_TEST_VCLTP_V:DAY', 'DAY', 'DC_E_TEST:((202)):DC_E_TEST_VCLTP_V', 'DC_E_TEST_VCLTP_V_DAY', null, 'extrasmall_day' );
insert into Measurementcolumn ( MTABLEID, DATANAME, COLNUMBER, DATATYPE, DATASIZE, DATASCALE, UNIQUEVALUE, NULLABLE, INDEXES, DESCRIPTION, DATAID, RELEASEID, UNIQUEKEY, INCLUDESQL, COLTYPE, FOLLOWJOHN ) values ( 'DC_E_TEST:((202)):DC_E_TEST_VCLTP_V:DAY', 'OSS_ID', 1, 'varchar', 50, 0, 255, 0, 'HG', 'OSS Id', 'OSS_ID', 'DC_E_TEST:((202))', 1, 1, 'KEY', null );
insert into Measurementcolumn ( MTABLEID, DATANAME, COLNUMBER, DATATYPE, DATASIZE, DATASCALE, UNIQUEVALUE, NULLABLE, INDEXES, DESCRIPTION, DATAID, RELEASEID, UNIQUEKEY, INCLUDESQL, COLTYPE, FOLLOWJOHN ) values ( 'DC_E_TEST:((202)):DC_E_TEST_VCLTP_V:DAY', 'SN', 2, 'varchar', 255, 0, 255, 1, '', 'Sendername', 'SN', 'DC_E_TEST:((202))', 0, 1, 'KEY', null );
insert into Measurementcolumn ( MTABLEID, DATANAME, COLNUMBER, DATATYPE, DATASIZE, DATASCALE, UNIQUEVALUE, NULLABLE, INDEXES, DESCRIPTION, DATAID, RELEASEID, UNIQUEKEY, INCLUDESQL, COLTYPE, FOLLOWJOHN ) values ( 'DC_E_TEST:((202)):DC_E_TEST_VCLTP_V:DAY', 'NEUN', 3, 'varchar', 64, 0, 255, 1, '', 'Network element user name', 'neun', 'DC_E_TEST:((202))', 0, 1, 'KEY', null );
insert into Measurementcolumn ( MTABLEID, DATANAME, COLNUMBER, DATATYPE, DATASIZE, DATASCALE, UNIQUEVALUE, NULLABLE, INDEXES, DESCRIPTION, DATAID, RELEASEID, UNIQUEKEY, INCLUDESQL, COLTYPE, FOLLOWJOHN ) values ( 'DC_E_TEST:((202)):DC_E_TEST_VCLTP_V:DAY', 'NEDN', 4, 'varchar', 255, 0, 255, 1, '', 'Network element distinguished name', 'nedn', 'DC_E_TEST:((202))', 0, 1, 'KEY', null );
insert into Measurementcolumn ( MTABLEID, DATANAME, COLNUMBER, DATATYPE, DATASIZE, DATASCALE, UNIQUEVALUE, NULLABLE, INDEXES, DESCRIPTION, DATAID, RELEASEID, UNIQUEKEY, INCLUDESQL, COLTYPE, FOLLOWJOHN ) values ( 'DC_E_TEST:((202)):DC_E_TEST_VCLTP_V:DAY', 'NESW', 5, 'varchar', 35, 0, 255, 1, '', 'Network element software version', 'nesw', 'DC_E_TEST:((202))', 0, 1, 'KEY', null );
insert into Measurementcolumn ( MTABLEID, DATANAME, COLNUMBER, DATATYPE, DATASIZE, DATASCALE, UNIQUEVALUE, NULLABLE, INDEXES, DESCRIPTION, DATAID, RELEASEID, UNIQUEKEY, INCLUDESQL, COLTYPE, FOLLOWJOHN ) values ( 'DC_E_TEST:((202)):DC_E_TEST_VCLTP_V:DAY', 'TEST', 6, 'varchar', 64, 0, 255, 0, 'HG', 'Object parent ID', 'NEName', 'DC_E_TEST:((202))', 1, 1, 'KEY', null );
insert into Measurementcolumn ( MTABLEID, DATANAME, COLNUMBER, DATATYPE, DATASIZE, DATASCALE, UNIQUEVALUE, NULLABLE, INDEXES, DESCRIPTION, DATAID, RELEASEID, UNIQUEKEY, INCLUDESQL, COLTYPE, FOLLOWJOHN ) values ( 'DC_E_TEST:((202)):DC_E_TEST_VCLTP_V:DAY', 'MOID', 7, 'varchar', 255, 0, 255, 0, 'HG', 'Measured Object Id', 'MOID', 'DC_E_TEST:((202))', 1, 1, 'KEY', null );
insert into Measurementcolumn ( MTABLEID, DATANAME, COLNUMBER, DATATYPE, DATASIZE, DATASCALE, UNIQUEVALUE, NULLABLE, INDEXES, DESCRIPTION, DATAID, RELEASEID, UNIQUEKEY, INCLUDESQL, COLTYPE, FOLLOWJOHN ) values ( 'DC_E_TEST:((202)):DC_E_TEST_VCLTP_V:DAY', 'TransportNetwork', 8, 'varchar', 35, 0, 255, 1, 'HG', 'Transport Network', 'MOID.TransportNetwork', 'DC_E_TEST:((202))', 0, 1, 'KEY', null );
insert into Measurementcolumn ( MTABLEID, DATANAME, COLNUMBER, DATATYPE, DATASIZE, DATASCALE, UNIQUEVALUE, NULLABLE, INDEXES, DESCRIPTION, DATAID, RELEASEID, UNIQUEKEY, INCLUDESQL, COLTYPE, FOLLOWJOHN ) values ( 'DC_E_TEST:((202)):DC_E_TEST_VCLTP_V:DAY', 'AtmPort', 9, 'varchar', 35, 0, 255, 1, 'HG', 'This MO configures a physical port for ATM traffic.', 'MOID.AtmPort', 'DC_E_TEST:((202))', 0, 1, 'KEY', null );
insert into Measurementcolumn ( MTABLEID, DATANAME, COLNUMBER, DATATYPE, DATASIZE, DATASCALE, UNIQUEVALUE, NULLABLE, INDEXES, DESCRIPTION, DATAID, RELEASEID, UNIQUEKEY, INCLUDESQL, COLTYPE, FOLLOWJOHN ) values ( 'DC_E_TEST:((202)):DC_E_TEST_VCLTP_V:DAY', 'VplTp', 10, 'varchar', 35, 0, 255, 1, 'HG', 'This MO is used to represent the termination of a VP link.', 'MOID.VplTp', 'DC_E_TEST:((202))', 0, 1, 'KEY', null );
insert into Measurementcolumn ( MTABLEID, DATANAME, COLNUMBER, DATATYPE, DATASIZE, DATASCALE, UNIQUEVALUE, NULLABLE, INDEXES, DESCRIPTION, DATAID, RELEASEID, UNIQUEKEY, INCLUDESQL, COLTYPE, FOLLOWJOHN ) values ( 'DC_E_TEST:((202)):DC_E_TEST_VCLTP_V:DAY', 'VpcTp', 11, 'varchar', 35, 0, 255, 1, 'HG', 'Virtual path connection termination point, VpcTp, is used to represent the point where the VPC and associated overhead (F4 OAM cells) are terminated/originated.', 'MOID.VpcTp', 'DC_E_TEST:((202))', 0, 1, 'KEY', null );
insert into Measurementcolumn ( MTABLEID, DATANAME, COLNUMBER, DATATYPE, DATASIZE, DATASCALE, UNIQUEVALUE, NULLABLE, INDEXES, DESCRIPTION, DATAID, RELEASEID, UNIQUEKEY, INCLUDESQL, COLTYPE, FOLLOWJOHN ) values ( 'DC_E_TEST:((202)):DC_E_TEST_VCLTP_V:DAY', 'VclTp', 12, 'varchar', 35, 0, 255, 1, 'HG', 'This MO is used to represent the termination of an external VC link in the node.', 'MOID.VclTp', 'DC_E_TEST:((202))', 0, 1, 'KEY', null );
insert into Measurementcolumn ( MTABLEID, DATANAME, COLNUMBER, DATATYPE, DATASIZE, DATASCALE, UNIQUEVALUE, NULLABLE, INDEXES, DESCRIPTION, DATAID, RELEASEID, UNIQUEKEY, INCLUDESQL, COLTYPE, FOLLOWJOHN ) values ( 'DC_E_TEST:((202)):DC_E_TEST_VCLTP_V:DAY', 'atmTrafficDescriptorId', 13, 'varchar', 255, 0, 255, 1, 'HG', 'Reference to the AtmTrafficDescriptor profile.', 'atmTrafficDescriptorId', 'DC_E_TEST:((202))', 0, 1, 'KEY', null );
insert into Measurementcolumn ( MTABLEID, DATANAME, COLNUMBER, DATATYPE, DATASIZE, DATASCALE, UNIQUEVALUE, NULLABLE, INDEXES, DESCRIPTION, DATAID, RELEASEID, UNIQUEKEY, INCLUDESQL, COLTYPE, FOLLOWJOHN ) values ( 'DC_E_TEST:((202)):DC_E_TEST_VCLTP_V:DAY', 'userLabel', 14, 'varchar', 128, 0, 255, 1, 'HG', 'Label for free use', 'userLabel', 'DC_E_TEST:((202))', 0, 1, 'KEY', null );
insert into Measurementcolumn ( MTABLEID, DATANAME, COLNUMBER, DATATYPE, DATASIZE, DATASCALE, UNIQUEVALUE, NULLABLE, INDEXES, DESCRIPTION, DATAID, RELEASEID, UNIQUEKEY, INCLUDESQL, COLTYPE, FOLLOWJOHN ) values ( 'DC_E_TEST:((202)):DC_E_TEST_VCLTP_V:DAY', 'DCVECTOR_INDEX', 15, 'integer', 0, 0, 255, 0, 'HG', 'Vector Index', 'DCVECTOR_INDEX', 'DC_E_TEST:((202))', 1, 1, 'KEY', null );
insert into Measurementcolumn ( MTABLEID, DATANAME, COLNUMBER, DATATYPE, DATASIZE, DATASCALE, UNIQUEVALUE, NULLABLE, INDEXES, DESCRIPTION, DATAID, RELEASEID, UNIQUEKEY, INCLUDESQL, COLTYPE, FOLLOWJOHN ) values ( 'DC_E_TEST:((202)):DC_E_TEST_VCLTP_V:DAY', 'DATE_ID', 16, 'date', 0, 0, 255, 1, 'LF', '', 'DATE_ID', 'BASE_TP_090421', 1, 1, 'PUBLICKEY', null );
insert into Measurementcolumn ( MTABLEID, DATANAME, COLNUMBER, DATATYPE, DATASIZE, DATASCALE, UNIQUEVALUE, NULLABLE, INDEXES, DESCRIPTION, DATAID, RELEASEID, UNIQUEKEY, INCLUDESQL, COLTYPE, FOLLOWJOHN ) values ( 'DC_E_TEST:((202)):DC_E_TEST_VCLTP_V:DAY', 'YEAR_ID', 17, 'smallint', 0, 0, 20, 1, 'LF', '', 'YEAR_ID', 'BASE_TP_090421', 0, 0, 'PUBLICKEY', null );
insert into Measurementcolumn ( MTABLEID, DATANAME, COLNUMBER, DATATYPE, DATASIZE, DATASCALE, UNIQUEVALUE, NULLABLE, INDEXES, DESCRIPTION, DATAID, RELEASEID, UNIQUEKEY, INCLUDESQL, COLTYPE, FOLLOWJOHN ) values ( 'DC_E_TEST:((202)):DC_E_TEST_VCLTP_V:DAY', 'MONTH_ID', 18, 'tinyint', 0, 0, 12, 1, 'LF', '', 'MONTH_ID', 'BASE_TP_090421', 0, 0, 'PUBLICKEY', null );
insert into Measurementcolumn ( MTABLEID, DATANAME, COLNUMBER, DATATYPE, DATASIZE, DATASCALE, UNIQUEVALUE, NULLABLE, INDEXES, DESCRIPTION, DATAID, RELEASEID, UNIQUEKEY, INCLUDESQL, COLTYPE, FOLLOWJOHN ) values ( 'DC_E_TEST:((202)):DC_E_TEST_VCLTP_V:DAY', 'DAY_ID', 19, 'tinyint', 0, 0, 31, 1, 'LF', '', 'DAY_ID', 'BASE_TP_090421', 0, 0, 'PUBLICKEY', null );
insert into Measurementcolumn ( MTABLEID, DATANAME, COLNUMBER, DATATYPE, DATASIZE, DATASCALE, UNIQUEVALUE, NULLABLE, INDEXES, DESCRIPTION, DATAID, RELEASEID, UNIQUEKEY, INCLUDESQL, COLTYPE, FOLLOWJOHN ) values ( 'DC_E_TEST:((202)):DC_E_TEST_VCLTP_V:DAY', 'WEEK_ID', 20, 'tinyint', 0, 0, 53, 1, 'LF', '', 'WEEK_ID', 'BASE_TP_090421', 0, 0, 'PUBLICKEY', null );
insert into Measurementcolumn ( MTABLEID, DATANAME, COLNUMBER, DATATYPE, DATASIZE, DATASCALE, UNIQUEVALUE, NULLABLE, INDEXES, DESCRIPTION, DATAID, RELEASEID, UNIQUEKEY, INCLUDESQL, COLTYPE, FOLLOWJOHN ) values ( 'DC_E_TEST:((202)):DC_E_TEST_VCLTP_V:DAY', 'DATACOVERAGE', 21, 'unsigned int', 0, 0, 255, 1, '', '', 'DATACOVERAGE', 'BASE_TP_090421', 0, 1, 'PUBLICKEY', null );
insert into Measurementcolumn ( MTABLEID, DATANAME, COLNUMBER, DATATYPE, DATASIZE, DATASCALE, UNIQUEVALUE, NULLABLE, INDEXES, DESCRIPTION, DATAID, RELEASEID, UNIQUEKEY, INCLUDESQL, COLTYPE, FOLLOWJOHN ) values ( 'DC_E_TEST:((202)):DC_E_TEST_VCLTP_V:DAY', 'AGG_COUNT', 22, 'smallint', 0, 0, 255, 1, '', '', 'AGG_COUNT', 'BASE_TP_090421', 0, 0, 'PUBLICKEY', null );
insert into Measurementcolumn ( MTABLEID, DATANAME, COLNUMBER, DATATYPE, DATASIZE, DATASCALE, UNIQUEVALUE, NULLABLE, INDEXES, DESCRIPTION, DATAID, RELEASEID, UNIQUEKEY, INCLUDESQL, COLTYPE, FOLLOWJOHN ) values ( 'DC_E_TEST:((202)):DC_E_TEST_VCLTP_V:DAY', 'TIMELEVEL', 23, 'varchar', 10, 0, 10, 1, 'LF', '', 'TIMELEVEL', 'BASE_TP_090421', 0, 0, 'PUBLICKEY', null );
insert into Measurementcolumn ( MTABLEID, DATANAME, COLNUMBER, DATATYPE, DATASIZE, DATASCALE, UNIQUEVALUE, NULLABLE, INDEXES, DESCRIPTION, DATAID, RELEASEID, UNIQUEKEY, INCLUDESQL, COLTYPE, FOLLOWJOHN ) values ( 'DC_E_TEST:((202)):DC_E_TEST_VCLTP_V:DAY', 'SESSION_ID', 24, 'unsigned int', 0, 0, 255, 1, '', '', 'SESSION_ID', 'BASE_TP_090421', 0, 0, 'PUBLICKEY', null );
insert into Measurementcolumn ( MTABLEID, DATANAME, COLNUMBER, DATATYPE, DATASIZE, DATASCALE, UNIQUEVALUE, NULLABLE, INDEXES, DESCRIPTION, DATAID, RELEASEID, UNIQUEKEY, INCLUDESQL, COLTYPE, FOLLOWJOHN ) values ( 'DC_E_TEST:((202)):DC_E_TEST_VCLTP_V:DAY', 'BATCH_ID', 25, 'smallint', 0, 0, 255, 1, '', '', 'BATCH_ID', 'BASE_TP_090421', 0, 0, 'PUBLICKEY', null );
insert into Measurementcolumn ( MTABLEID, DATANAME, COLNUMBER, DATATYPE, DATASIZE, DATASCALE, UNIQUEVALUE, NULLABLE, INDEXES, DESCRIPTION, DATAID, RELEASEID, UNIQUEKEY, INCLUDESQL, COLTYPE, FOLLOWJOHN ) values ( 'DC_E_TEST:((202)):DC_E_TEST_VCLTP_V:DAY', 'PERIOD_DURATION', 26, 'unsigned int', 0, 0, 10, 1, '', '', 'PERIOD_DURATION', 'BASE_TP_090421', 0, 1, 'PUBLICKEY', null );
insert into Measurementcolumn ( MTABLEID, DATANAME, COLNUMBER, DATATYPE, DATASIZE, DATASCALE, UNIQUEVALUE, NULLABLE, INDEXES, DESCRIPTION, DATAID, RELEASEID, UNIQUEKEY, INCLUDESQL, COLTYPE, FOLLOWJOHN ) values ( 'DC_E_TEST:((202)):DC_E_TEST_VCLTP_V:DAY', 'ROWSTATUS', 27, 'varchar', 16, 0, 10, 1, '', '', 'ROWSTATUS', 'BASE_TP_090421', 0, 1, 'PUBLICKEY', null );
insert into Measurementcolumn ( MTABLEID, DATANAME, COLNUMBER, DATATYPE, DATASIZE, DATASCALE, UNIQUEVALUE, NULLABLE, INDEXES, DESCRIPTION, DATAID, RELEASEID, UNIQUEKEY, INCLUDESQL, COLTYPE, FOLLOWJOHN ) values ( 'DC_E_TEST:((202)):DC_E_TEST_VCLTP_V:DAY', 'DC_RELEASE', 28, 'varchar', 16, 0, 2, 1, 'LF', '', 'DC_RELEASE', 'BASE_TP_090421', 1, 1, 'PUBLICKEY', null );
insert into Measurementcolumn ( MTABLEID, DATANAME, COLNUMBER, DATATYPE, DATASIZE, DATASCALE, UNIQUEVALUE, NULLABLE, INDEXES, DESCRIPTION, DATAID, RELEASEID, UNIQUEKEY, INCLUDESQL, COLTYPE, FOLLOWJOHN ) values ( 'DC_E_TEST:((202)):DC_E_TEST_VCLTP_V:DAY', 'DC_SOURCE', 29, 'varchar', 16, 0, 2, 1, 'LF', '', 'DC_SOURCE', 'BASE_TP_090421', 0, 1, 'PUBLICKEY', null );
insert into Measurementcolumn ( MTABLEID, DATANAME, COLNUMBER, DATATYPE, DATASIZE, DATASCALE, UNIQUEVALUE, NULLABLE, INDEXES, DESCRIPTION, DATAID, RELEASEID, UNIQUEKEY, INCLUDESQL, COLTYPE, FOLLOWJOHN ) values ( 'DC_E_TEST:((202)):DC_E_TEST_VCLTP_V:DAY', 'DC_TIMEZONE', 30, 'varchar', 16, 0, 2, 1, 'LF', '', 'DC_TIMEZONE', 'BASE_TP_090421', 0, 1, 'PUBLICKEY', null );
insert into Measurementcolumn ( MTABLEID, DATANAME, COLNUMBER, DATATYPE, DATASIZE, DATASCALE, UNIQUEVALUE, NULLABLE, INDEXES, DESCRIPTION, DATAID, RELEASEID, UNIQUEKEY, INCLUDESQL, COLTYPE, FOLLOWJOHN ) values ( 'DC_E_TEST:((202)):DC_E_TEST_VCLTP_V:DAY', 'DC_SUSPECTFLAG', 31, 'int', 0, 0, 2, 1, 'LF', '', 'DC_SUSPECTFLAG', 'BASE_TP_090421', 0, 1, 'PUBLICKEY', null );
insert into Measurementcolumn ( MTABLEID, DATANAME, COLNUMBER, DATATYPE, DATASIZE, DATASCALE, UNIQUEVALUE, NULLABLE, INDEXES, DESCRIPTION, DATAID, RELEASEID, UNIQUEKEY, INCLUDESQL, COLTYPE, FOLLOWJOHN ) values ( 'DC_E_TEST:((202)):DC_E_TEST_VCLTP_V:DAY', 'pmBwUtilizationRx', 32, 'numeric', 18, 8, 255, 1, '', 'pmBwUtilizationRx: The counter shows the utilization of the virtual connection in the receiving direction represented by a histogram, consisting of a list of 21 numbers. The first number is Peak Cell Rate (PCR) and the next 20 numbers are different load ranges (range counters) for the VclTp MO. The load is sampled every 10s and depending on the sampled value, the corresponding range counter is increased. PDF ranges: The number is rounded upwards to the nearest integer. [0]: PCR, [1]: [0..5.0]%, [2]: [>5.0..10.0]%, [3]: [>10.0..15.0]%, [4]: [>15.0..20.0]%, [5]: [>20.0..25.0]%, [6]: [>25.0..30.0]%, [7]: [>30.0..35.0]%, [8]: [>35.0..40.0]%, [9]: [>40.0..45.0]%, [10]: [>45.0..50.0]%, [11]: [>50.0..55.0]%, [12]: [>55.0..60.0]%, [13]: [>60.0..65.0]%, [14]: [>65.0..70.0]%, [15]: [>70.0..75.0]%, [16]: [>75.0..80.0]%, [17]: [>80.0..85.0]%, [18]: [>85.0..90.0]%, [19]: [>90.0..95.0]%, [20]: [>95.0..100]% Condition: Continuous measurement of load during the last measurement period. Counter is reset after measurement period: Yes Counter type: PDF Unit: (for range 0) PCR, (for ranges 1 to 20) % of VC bandwidth ', 'pmBwUtilizationRx', 'DC_E_TEST:((202))', 0, 1, 'COUNTER', null );
insert into Measurementcolumn ( MTABLEID, DATANAME, COLNUMBER, DATATYPE, DATASIZE, DATASCALE, UNIQUEVALUE, NULLABLE, INDEXES, DESCRIPTION, DATAID, RELEASEID, UNIQUEKEY, INCLUDESQL, COLTYPE, FOLLOWJOHN ) values ( 'DC_E_TEST:((202)):DC_E_TEST_VCLTP_V:DAY', 'pmBwUtilizationTx', 33, 'numeric', 18, 8, 255, 1, '', 'pmBwUtilizationTx: The counter shows the utilization of the virtual connection in the transmitting direction represented by a histogram, consisting of a list of 21 numbers, indexed from zero. The first number is Peak Cell Rate (PCR) and the next 20 numbers are different load ranges (range counters) for the VclTp MO. The load is sampled every 10s and depending on the sampled value, the corresponding range counter is increased. PDF ranges: The number is rounded upwards to the nearest integer. [0]: PCR, [1]: [0..5.0]%, [2]: [>5.0..10.0]%, [3]: [>10.0..15.0]%, [4]: [>15.0..20.0]%, [5]: [>20.0..25.0]%, [6]: [>25.0..30.0]%, [7]: [>30.0..35.0]%, [8]: [>35.0..40.0]%, [9]: [>40.0..45.0]%, [10]: [>45.0..50.0]%, [11]: [>50.0..55.0]%, [12]: [>55.0..60.0]%, [13]: [>60.0..65.0]%, [14]: [>65.0..70.0]%, [15]: [>70.0..75.0]%, [16]: [>75.0..80.0]%, [17]: [>80.0..85.0]%, [18]: [>85.0..90.0]%, [19]: [>90.0..95.0]%, [20]: [>95.0..100]% Condition: Continuous measurement of load during the last measurement period. Counter is reset after measurement period: Yes Counter type: PDF Unit: (for range 0) PCR, (for ranges 1 to 20) % of VC bandwidth ', 'pmBwUtilizationTx', 'DC_E_TEST:((202))', 0, 1, 'COUNTER', null );
insert into Measurementtable ( MTABLEID, TABLELEVEL, TYPEID, BASETABLENAME, DEFAULT_TEMPLATE, PARTITIONPLAN ) values ( 'DC_E_TEST:((202)):DC_E_TEST_VCLTP_V:DAYBH', 'DAYBH', 'DC_E_TEST:((202)):DC_E_TEST_VCLTP_V', 'DC_E_TEST_VCLTP_V_DAYBH', null, 'extrasmall_daybh' );
insert into Measurementcolumn ( MTABLEID, DATANAME, COLNUMBER, DATATYPE, DATASIZE, DATASCALE, UNIQUEVALUE, NULLABLE, INDEXES, DESCRIPTION, DATAID, RELEASEID, UNIQUEKEY, INCLUDESQL, COLTYPE, FOLLOWJOHN ) values ( 'DC_E_TEST:((202)):DC_E_TEST_VCLTP_V:DAYBH', 'NEUN', 3, 'varchar', 64, 0, 255, 1, '', 'Network element user name', 'neun', 'DC_E_TEST:((202))', 0, 1, 'KEY', null );
insert into Measurementcolumn ( MTABLEID, DATANAME, COLNUMBER, DATATYPE, DATASIZE, DATASCALE, UNIQUEVALUE, NULLABLE, INDEXES, DESCRIPTION, DATAID, RELEASEID, UNIQUEKEY, INCLUDESQL, COLTYPE, FOLLOWJOHN ) values ( 'DC_E_TEST:((202)):DC_E_TEST_VCLTP_V:DAYBH', 'NEDN', 4, 'varchar', 255, 0, 255, 1, '', 'Network element distinguished name', 'nedn', 'DC_E_TEST:((202))', 0, 1, 'KEY', null );
insert into Measurementcolumn ( MTABLEID, DATANAME, COLNUMBER, DATATYPE, DATASIZE, DATASCALE, UNIQUEVALUE, NULLABLE, INDEXES, DESCRIPTION, DATAID, RELEASEID, UNIQUEKEY, INCLUDESQL, COLTYPE, FOLLOWJOHN ) values ( 'DC_E_TEST:((202)):DC_E_TEST_VCLTP_V:DAYBH', 'NESW', 5, 'varchar', 35, 0, 255, 1, '', 'Network element software version', 'nesw', 'DC_E_TEST:((202))', 0, 1, 'KEY', null );
insert into Measurementcolumn ( MTABLEID, DATANAME, COLNUMBER, DATATYPE, DATASIZE, DATASCALE, UNIQUEVALUE, NULLABLE, INDEXES, DESCRIPTION, DATAID, RELEASEID, UNIQUEKEY, INCLUDESQL, COLTYPE, FOLLOWJOHN ) values ( 'DC_E_TEST:((202)):DC_E_TEST_VCLTP_V:DAYBH', 'TEST', 6, 'varchar', 64, 0, 255, 0, 'HG', 'Object parent ID', 'NEName', 'DC_E_TEST:((202))', 1, 1, 'KEY', null );
insert into Measurementcolumn ( MTABLEID, DATANAME, COLNUMBER, DATATYPE, DATASIZE, DATASCALE, UNIQUEVALUE, NULLABLE, INDEXES, DESCRIPTION, DATAID, RELEASEID, UNIQUEKEY, INCLUDESQL, COLTYPE, FOLLOWJOHN ) values ( 'DC_E_TEST:((202)):DC_E_TEST_VCLTP_V:DAYBH', 'MOID', 7, 'varchar', 255, 0, 255, 0, 'HG', 'Measured Object Id', 'MOID', 'DC_E_TEST:((202))', 1, 1, 'KEY', null );
insert into Measurementcolumn ( MTABLEID, DATANAME, COLNUMBER, DATATYPE, DATASIZE, DATASCALE, UNIQUEVALUE, NULLABLE, INDEXES, DESCRIPTION, DATAID, RELEASEID, UNIQUEKEY, INCLUDESQL, COLTYPE, FOLLOWJOHN ) values ( 'DC_E_TEST:((202)):DC_E_TEST_VCLTP_V:DAYBH', 'TransportNetwork', 8, 'varchar', 35, 0, 255, 1, 'HG', 'Transport Network', 'MOID.TransportNetwork', 'DC_E_TEST:((202))', 0, 1, 'KEY', null );
insert into Measurementcolumn ( MTABLEID, DATANAME, COLNUMBER, DATATYPE, DATASIZE, DATASCALE, UNIQUEVALUE, NULLABLE, INDEXES, DESCRIPTION, DATAID, RELEASEID, UNIQUEKEY, INCLUDESQL, COLTYPE, FOLLOWJOHN ) values ( 'DC_E_TEST:((202)):DC_E_TEST_VCLTP_V:DAYBH', 'AtmPort', 9, 'varchar', 35, 0, 255, 1, 'HG', 'This MO configures a physical port for ATM traffic.', 'MOID.AtmPort', 'DC_E_TEST:((202))', 0, 1, 'KEY', null );
insert into Measurementcolumn ( MTABLEID, DATANAME, COLNUMBER, DATATYPE, DATASIZE, DATASCALE, UNIQUEVALUE, NULLABLE, INDEXES, DESCRIPTION, DATAID, RELEASEID, UNIQUEKEY, INCLUDESQL, COLTYPE, FOLLOWJOHN ) values ( 'DC_E_TEST:((202)):DC_E_TEST_VCLTP_V:DAYBH', 'VplTp', 10, 'varchar', 35, 0, 255, 1, 'HG', 'This MO is used to represent the termination of a VP link.', 'MOID.VplTp', 'DC_E_TEST:((202))', 0, 1, 'KEY', null );
insert into Measurementcolumn ( MTABLEID, DATANAME, COLNUMBER, DATATYPE, DATASIZE, DATASCALE, UNIQUEVALUE, NULLABLE, INDEXES, DESCRIPTION, DATAID, RELEASEID, UNIQUEKEY, INCLUDESQL, COLTYPE, FOLLOWJOHN ) values ( 'DC_E_TEST:((202)):DC_E_TEST_VCLTP_V:DAYBH', 'VpcTp', 11, 'varchar', 35, 0, 255, 1, 'HG', 'Virtual path connection termination point, VpcTp, is used to represent the point where the VPC and associated overhead (F4 OAM cells) are terminated/originated.', 'MOID.VpcTp', 'DC_E_TEST:((202))', 0, 1, 'KEY', null );
insert into Measurementcolumn ( MTABLEID, DATANAME, COLNUMBER, DATATYPE, DATASIZE, DATASCALE, UNIQUEVALUE, NULLABLE, INDEXES, DESCRIPTION, DATAID, RELEASEID, UNIQUEKEY, INCLUDESQL, COLTYPE, FOLLOWJOHN ) values ( 'DC_E_TEST:((202)):DC_E_TEST_VCLTP_V:DAYBH', 'VclTp', 12, 'varchar', 35, 0, 255, 1, 'HG', 'This MO is used to represent the termination of an external VC link in the node.', 'MOID.VclTp', 'DC_E_TEST:((202))', 0, 1, 'KEY', null );
insert into Measurementcolumn ( MTABLEID, DATANAME, COLNUMBER, DATATYPE, DATASIZE, DATASCALE, UNIQUEVALUE, NULLABLE, INDEXES, DESCRIPTION, DATAID, RELEASEID, UNIQUEKEY, INCLUDESQL, COLTYPE, FOLLOWJOHN ) values ( 'DC_E_TEST:((202)):DC_E_TEST_VCLTP_V:DAYBH', 'atmTrafficDescriptorId', 13, 'varchar', 255, 0, 255, 1, 'HG', 'Reference to the AtmTrafficDescriptor profile.', 'atmTrafficDescriptorId', 'DC_E_TEST:((202))', 0, 1, 'KEY', null );
insert into Measurementcolumn ( MTABLEID, DATANAME, COLNUMBER, DATATYPE, DATASIZE, DATASCALE, UNIQUEVALUE, NULLABLE, INDEXES, DESCRIPTION, DATAID, RELEASEID, UNIQUEKEY, INCLUDESQL, COLTYPE, FOLLOWJOHN ) values ( 'DC_E_TEST:((202)):DC_E_TEST_VCLTP_V:DAYBH', 'userLabel', 14, 'varchar', 128, 0, 255, 1, 'HG', 'Label for free use', 'userLabel', 'DC_E_TEST:((202))', 0, 1, 'KEY', null );
insert into Measurementcolumn ( MTABLEID, DATANAME, COLNUMBER, DATATYPE, DATASIZE, DATASCALE, UNIQUEVALUE, NULLABLE, INDEXES, DESCRIPTION, DATAID, RELEASEID, UNIQUEKEY, INCLUDESQL, COLTYPE, FOLLOWJOHN ) values ( 'DC_E_TEST:((202)):DC_E_TEST_VCLTP_V:DAYBH', 'DCVECTOR_INDEX', 15, 'integer', 0, 0, 255, 0, 'HG', 'Vector Index', 'DCVECTOR_INDEX', 'DC_E_TEST:((202))', 1, 1, 'KEY', null );
insert into Measurementcolumn ( MTABLEID, DATANAME, COLNUMBER, DATATYPE, DATASIZE, DATASCALE, UNIQUEVALUE, NULLABLE, INDEXES, DESCRIPTION, DATAID, RELEASEID, UNIQUEKEY, INCLUDESQL, COLTYPE, FOLLOWJOHN ) values ( 'DC_E_TEST:((202)):DC_E_TEST_VCLTP_V:DAYBH', 'DATE_ID', 16, 'date', 0, 0, 255, 1, 'LF', '', 'DATE_ID', 'BASE_TP_090421', 1, 1, 'PUBLICKEY', null );
insert into Measurementcolumn ( MTABLEID, DATANAME, COLNUMBER, DATATYPE, DATASIZE, DATASCALE, UNIQUEVALUE, NULLABLE, INDEXES, DESCRIPTION, DATAID, RELEASEID, UNIQUEKEY, INCLUDESQL, COLTYPE, FOLLOWJOHN ) values ( 'DC_E_TEST:((202)):DC_E_TEST_VCLTP_V:DAYBH', 'YEAR_ID', 17, 'smallint', 0, 0, 20, 1, 'LF', '', 'YEAR_ID', 'BASE_TP_090421', 0, 0, 'PUBLICKEY', null );
insert into Measurementcolumn ( MTABLEID, DATANAME, COLNUMBER, DATATYPE, DATASIZE, DATASCALE, UNIQUEVALUE, NULLABLE, INDEXES, DESCRIPTION, DATAID, RELEASEID, UNIQUEKEY, INCLUDESQL, COLTYPE, FOLLOWJOHN ) values ( 'DC_E_TEST:((202)):DC_E_TEST_VCLTP_V:DAYBH', 'MONTH_ID', 18, 'tinyint', 0, 0, 12, 1, 'LF', '', 'MONTH_ID', 'BASE_TP_090421', 0, 0, 'PUBLICKEY', null );
insert into Measurementcolumn ( MTABLEID, DATANAME, COLNUMBER, DATATYPE, DATASIZE, DATASCALE, UNIQUEVALUE, NULLABLE, INDEXES, DESCRIPTION, DATAID, RELEASEID, UNIQUEKEY, INCLUDESQL, COLTYPE, FOLLOWJOHN ) values ( 'DC_E_TEST:((202)):DC_E_TEST_VCLTP_V:DAYBH', 'DAY_ID', 19, 'tinyint', 0, 0, 31, 1, 'LF', '', 'DAY_ID', 'BASE_TP_090421', 0, 0, 'PUBLICKEY', null );
insert into Measurementcolumn ( MTABLEID, DATANAME, COLNUMBER, DATATYPE, DATASIZE, DATASCALE, UNIQUEVALUE, NULLABLE, INDEXES, DESCRIPTION, DATAID, RELEASEID, UNIQUEKEY, INCLUDESQL, COLTYPE, FOLLOWJOHN ) values ( 'DC_E_TEST:((202)):DC_E_TEST_VCLTP_V:DAYBH', 'MIN_ID', 20, 'tinyint', 0, 0, 60, 1, 'LF', '', 'MIN_ID', 'BASE_TP_090421', 1, 1, 'PUBLICKEY', null );
insert into Measurementcolumn ( MTABLEID, DATANAME, COLNUMBER, DATATYPE, DATASIZE, DATASCALE, UNIQUEVALUE, NULLABLE, INDEXES, DESCRIPTION, DATAID, RELEASEID, UNIQUEKEY, INCLUDESQL, COLTYPE, FOLLOWJOHN ) values ( 'DC_E_TEST:((202)):DC_E_TEST_VCLTP_V:DAYBH', 'BHTYPE', 21, 'varchar', 50, 0, 20, 1, 'LF', '', 'BHTYPE', 'BASE_TP_090421', 1, 1, 'PUBLICKEY', null );
insert into Measurementcolumn ( MTABLEID, DATANAME, COLNUMBER, DATATYPE, DATASIZE, DATASCALE, UNIQUEVALUE, NULLABLE, INDEXES, DESCRIPTION, DATAID, RELEASEID, UNIQUEKEY, INCLUDESQL, COLTYPE, FOLLOWJOHN ) values ( 'DC_E_TEST:((202)):DC_E_TEST_VCLTP_V:DAYBH', 'BUSYHOUR', 22, 'tinyint', 0, 0, 24, 1, 'LF', '', 'BUSYHOUR', 'BASE_TP_090421', 0, 1, 'PUBLICKEY', null );
insert into Measurementcolumn ( MTABLEID, DATANAME, COLNUMBER, DATATYPE, DATASIZE, DATASCALE, UNIQUEVALUE, NULLABLE, INDEXES, DESCRIPTION, DATAID, RELEASEID, UNIQUEKEY, INCLUDESQL, COLTYPE, FOLLOWJOHN ) values ( 'DC_E_TEST:((202)):DC_E_TEST_VCLTP_V:DAYBH', 'BHCLASS', 23, 'smallint', 0, 0, 10, 1, 'LF', '', 'BHCLASS', 'BASE_TP_090421', 0, 1, 'PUBLICKEY', null );
insert into Measurementcolumn ( MTABLEID, DATANAME, COLNUMBER, DATATYPE, DATASIZE, DATASCALE, UNIQUEVALUE, NULLABLE, INDEXES, DESCRIPTION, DATAID, RELEASEID, UNIQUEKEY, INCLUDESQL, COLTYPE, FOLLOWJOHN ) values ( 'DC_E_TEST:((202)):DC_E_TEST_VCLTP_V:DAYBH', 'TIMELEVEL', 24, 'varchar', 10, 0, 10, 1, 'LF', '', 'TIMELEVEL', 'BASE_TP_090421', 0, 0, 'PUBLICKEY', null );
insert into Measurementcolumn ( MTABLEID, DATANAME, COLNUMBER, DATATYPE, DATASIZE, DATASCALE, UNIQUEVALUE, NULLABLE, INDEXES, DESCRIPTION, DATAID, RELEASEID, UNIQUEKEY, INCLUDESQL, COLTYPE, FOLLOWJOHN ) values ( 'DC_E_TEST:((202)):DC_E_TEST_VCLTP_V:DAYBH', 'SESSION_ID', 25, 'unsigned int', 0, 0, 255, 1, '', '', 'SESSION_ID', 'BASE_TP_090421', 0, 0, 'PUBLICKEY', null );
insert into Measurementcolumn ( MTABLEID, DATANAME, COLNUMBER, DATATYPE, DATASIZE, DATASCALE, UNIQUEVALUE, NULLABLE, INDEXES, DESCRIPTION, DATAID, RELEASEID, UNIQUEKEY, INCLUDESQL, COLTYPE, FOLLOWJOHN ) values ( 'DC_E_TEST:((202)):DC_E_TEST_VCLTP_V:DAYBH', 'BATCH_ID', 26, 'smallint', 0, 0, 255, 1, '', '', 'BATCH_ID', 'BASE_TP_090421', 0, 0, 'PUBLICKEY', null );
insert into Measurementcolumn ( MTABLEID, DATANAME, COLNUMBER, DATATYPE, DATASIZE, DATASCALE, UNIQUEVALUE, NULLABLE, INDEXES, DESCRIPTION, DATAID, RELEASEID, UNIQUEKEY, INCLUDESQL, COLTYPE, FOLLOWJOHN ) values ( 'DC_E_TEST:((202)):DC_E_TEST_VCLTP_V:DAYBH', 'PERIOD_DURATION', 27, 'unsigned int', 0, 0, 10, 1, '', '', 'PERIOD_DURATION', 'BASE_TP_090421', 0, 1, 'PUBLICKEY', null );
insert into Measurementcolumn ( MTABLEID, DATANAME, COLNUMBER, DATATYPE, DATASIZE, DATASCALE, UNIQUEVALUE, NULLABLE, INDEXES, DESCRIPTION, DATAID, RELEASEID, UNIQUEKEY, INCLUDESQL, COLTYPE, FOLLOWJOHN ) values ( 'DC_E_TEST:((202)):DC_E_TEST_VCLTP_V:DAYBH', 'ROWSTATUS', 28, 'varchar', 16, 0, 10, 1, '', '', 'ROWSTATUS', 'BASE_TP_090421', 0, 1, 'PUBLICKEY', null );
insert into Measurementcolumn ( MTABLEID, DATANAME, COLNUMBER, DATATYPE, DATASIZE, DATASCALE, UNIQUEVALUE, NULLABLE, INDEXES, DESCRIPTION, DATAID, RELEASEID, UNIQUEKEY, INCLUDESQL, COLTYPE, FOLLOWJOHN ) values ( 'DC_E_TEST:((202)):DC_E_TEST_VCLTP_V:DAYBH', 'DC_RELEASE', 29, 'varchar', 16, 0, 2, 1, 'LF', '', 'DC_RELEASE', 'BASE_TP_090421', 0, 1, 'PUBLICKEY', null );
insert into Measurementcolumn ( MTABLEID, DATANAME, COLNUMBER, DATATYPE, DATASIZE, DATASCALE, UNIQUEVALUE, NULLABLE, INDEXES, DESCRIPTION, DATAID, RELEASEID, UNIQUEKEY, INCLUDESQL, COLTYPE, FOLLOWJOHN ) values ( 'DC_E_TEST:((202)):DC_E_TEST_VCLTP_V:DAYBH', 'DC_SOURCE', 30, 'varchar', 16, 0, 2, 1, 'LF', '', 'DC_SOURCE', 'BASE_TP_090421', 0, 1, 'PUBLICKEY', null );
insert into Measurementcolumn ( MTABLEID, DATANAME, COLNUMBER, DATATYPE, DATASIZE, DATASCALE, UNIQUEVALUE, NULLABLE, INDEXES, DESCRIPTION, DATAID, RELEASEID, UNIQUEKEY, INCLUDESQL, COLTYPE, FOLLOWJOHN ) values ( 'DC_E_TEST:((202)):DC_E_TEST_VCLTP_V:DAYBH', 'DC_TIMEZONE', 31, 'varchar', 16, 0, 2, 1, 'LF', '', 'DC_TIMEZONE', 'BASE_TP_090421', 0, 1, 'PUBLICKEY', null );
insert into Measurementcolumn ( MTABLEID, DATANAME, COLNUMBER, DATATYPE, DATASIZE, DATASCALE, UNIQUEVALUE, NULLABLE, INDEXES, DESCRIPTION, DATAID, RELEASEID, UNIQUEKEY, INCLUDESQL, COLTYPE, FOLLOWJOHN ) values ( 'DC_E_TEST:((202)):DC_E_TEST_VCLTP_V:DAYBH', 'DC_SUSPECTFLAG', 32, 'int', 0, 0, 2, 1, 'LF', '', 'DC_SUSPECTFLAG', 'BASE_TP_090421', 0, 1, 'PUBLICKEY', null );
insert into Measurementcolumn ( MTABLEID, DATANAME, COLNUMBER, DATATYPE, DATASIZE, DATASCALE, UNIQUEVALUE, NULLABLE, INDEXES, DESCRIPTION, DATAID, RELEASEID, UNIQUEKEY, INCLUDESQL, COLTYPE, FOLLOWJOHN ) values ( 'DC_E_TEST:((202)):DC_E_TEST_VCLTP_V:DAYBH', 'BH_ID', 33, 'unsigned int', 0, 0, 255, 1, '', '', 'BH_ID', 'BASE_TP_20100318', 0, 0, 'PUBLICKEY', null );
insert into Measurementcolumn ( MTABLEID, DATANAME, COLNUMBER, DATATYPE, DATASIZE, DATASCALE, UNIQUEVALUE, NULLABLE, INDEXES, DESCRIPTION, DATAID, RELEASEID, UNIQUEKEY, INCLUDESQL, COLTYPE, FOLLOWJOHN ) values ( 'DC_E_TEST:((202)):DC_E_TEST_VCLTP_V:DAYBH', 'OFFSET', 34, 'unsigned int', 0, 0, 255, 1, '', '', 'OFFSET', 'BASE_TP_20100318', 0, 0, 'PUBLICKEY', null );
insert into Measurementcolumn ( MTABLEID, DATANAME, COLNUMBER, DATATYPE, DATASIZE, DATASCALE, UNIQUEVALUE, NULLABLE, INDEXES, DESCRIPTION, DATAID, RELEASEID, UNIQUEKEY, INCLUDESQL, COLTYPE, FOLLOWJOHN ) values ( 'DC_E_TEST:((202)):DC_E_TEST_VCLTP_V:DAYBH', 'pmBwUtilizationRx', 35, 'numeric', 18, 8, 255, 1, '', 'pmBwUtilizationRx: The counter shows the utilization of the virtual connection in the receiving direction represented by a histogram, consisting of a list of 21 numbers. The first number is Peak Cell Rate (PCR) and the next 20 numbers are different load ranges (range counters) for the VclTp MO. The load is sampled every 10s and depending on the sampled value, the corresponding range counter is increased. PDF ranges: The number is rounded upwards to the nearest integer. [0]: PCR, [1]: [0..5.0]%, [2]: [>5.0..10.0]%, [3]: [>10.0..15.0]%, [4]: [>15.0..20.0]%, [5]: [>20.0..25.0]%, [6]: [>25.0..30.0]%, [7]: [>30.0..35.0]%, [8]: [>35.0..40.0]%, [9]: [>40.0..45.0]%, [10]: [>45.0..50.0]%, [11]: [>50.0..55.0]%, [12]: [>55.0..60.0]%, [13]: [>60.0..65.0]%, [14]: [>65.0..70.0]%, [15]: [>70.0..75.0]%, [16]: [>75.0..80.0]%, [17]: [>80.0..85.0]%, [18]: [>85.0..90.0]%, [19]: [>90.0..95.0]%, [20]: [>95.0..100]% Condition: Continuous measurement of load during the last measurement period. Counter is reset after measurement period: Yes Counter type: PDF Unit: (for range 0) PCR, (for ranges 1 to 20) % of VC bandwidth ', 'pmBwUtilizationRx', 'DC_E_TEST:((202))', 0, 1, 'COUNTER', null );
insert into Measurementcolumn ( MTABLEID, DATANAME, COLNUMBER, DATATYPE, DATASIZE, DATASCALE, UNIQUEVALUE, NULLABLE, INDEXES, DESCRIPTION, DATAID, RELEASEID, UNIQUEKEY, INCLUDESQL, COLTYPE, FOLLOWJOHN ) values ( 'DC_E_TEST:((202)):DC_E_TEST_VCLTP_V:DAYBH', 'pmBwUtilizationTx', 36, 'numeric', 18, 8, 255, 1, '', 'pmBwUtilizationTx: The counter shows the utilization of the virtual connection in the transmitting direction represented by a histogram, consisting of a list of 21 numbers, indexed from zero. The first number is Peak Cell Rate (PCR) and the next 20 numbers are different load ranges (range counters) for the VclTp MO. The load is sampled every 10s and depending on the sampled value, the corresponding range counter is increased. PDF ranges: The number is rounded upwards to the nearest integer. [0]: PCR, [1]: [0..5.0]%, [2]: [>5.0..10.0]%, [3]: [>10.0..15.0]%, [4]: [>15.0..20.0]%, [5]: [>20.0..25.0]%, [6]: [>25.0..30.0]%, [7]: [>30.0..35.0]%, [8]: [>35.0..40.0]%, [9]: [>40.0..45.0]%, [10]: [>45.0..50.0]%, [11]: [>50.0..55.0]%, [12]: [>55.0..60.0]%, [13]: [>60.0..65.0]%, [14]: [>65.0..70.0]%, [15]: [>70.0..75.0]%, [16]: [>75.0..80.0]%, [17]: [>80.0..85.0]%, [18]: [>85.0..90.0]%, [19]: [>90.0..95.0]%, [20]: [>95.0..100]% Condition: Continuous measurement of load during the last measurement period. Counter is reset after measurement period: Yes Counter type: PDF Unit: (for range 0) PCR, (for ranges 1 to 20) % of VC bandwidth ', 'pmBwUtilizationTx', 'DC_E_TEST:((202))', 0, 1, 'COUNTER', null );
insert into Measurementcolumn ( MTABLEID, DATANAME, COLNUMBER, DATATYPE, DATASIZE, DATASCALE, UNIQUEVALUE, NULLABLE, INDEXES, DESCRIPTION, DATAID, RELEASEID, UNIQUEKEY, INCLUDESQL, COLTYPE, FOLLOWJOHN ) values ( 'DC_E_TEST:((202)):DC_E_TEST_VCLTP_V:DAYBH', 'OSS_ID', 1, 'varchar', 50, 0, 255, 0, 'HG', 'OSS Id', 'OSS_ID', 'DC_E_TEST:((202))', 1, 1, 'KEY', null );
insert into Measurementcolumn ( MTABLEID, DATANAME, COLNUMBER, DATATYPE, DATASIZE, DATASCALE, UNIQUEVALUE, NULLABLE, INDEXES, DESCRIPTION, DATAID, RELEASEID, UNIQUEKEY, INCLUDESQL, COLTYPE, FOLLOWJOHN ) values ( 'DC_E_TEST:((202)):DC_E_TEST_VCLTP_V:DAYBH', 'SN', 2, 'varchar', 255, 0, 255, 1, '', 'Sendername', 'SN', 'DC_E_TEST:((202))', 0, 1, 'KEY', null );
insert into Measurementtypeclass ( TYPECLASSID, VERSIONID, DESCRIPTION ) values ( 'DC_E_TEST:((202)):DC_E_TEST_M3UAREMOTESP', 'DC_E_TEST:((202))', 'M3UAREMOTESP' );
insert into Measurementtypeclass ( TYPECLASSID, VERSIONID, DESCRIPTION ) values ( 'DC_E_TEST:((202)):DC_E_TEST_DeviceGroup', 'DC_E_TEST:((202))', 'DeviceGroup' );
insert into Measurementtypeclass ( TYPECLASSID, VERSIONID, DESCRIPTION ) values ( 'DC_E_TEST:((202)):DC_E_TEST_TEST_Application', 'DC_E_TEST:((202))', 'TEST Application' );
insert into Measurementtypeclass ( TYPECLASSID, VERSIONID, DESCRIPTION ) values ( 'DC_E_TEST:((202)):DC_E_TEST_DevicePool', 'DC_E_TEST:((202))', 'DevicePool' );
insert into Measurementtypeclass ( TYPECLASSID, VERSIONID, DESCRIPTION ) values ( 'DC_E_TEST:((202)):DC_E_TEST_MediumAccessUnit', 'DC_E_TEST:((202))', 'MediumAccessUnit' );
insert into Measurementtypeclass ( TYPECLASSID, VERSIONID, DESCRIPTION ) values ( 'DC_E_TEST:((202)):DC_E_TEST_TDM', 'DC_E_TEST:((202))', 'TDM' );
insert into Measurementtypeclass ( TYPECLASSID, VERSIONID, DESCRIPTION ) values ( 'DC_E_TEST:((202)):DC_E_TEST_NniSaal', 'DC_E_TEST:((202))', 'NniSaal' );
insert into Measurementtypeclass ( TYPECLASSID, VERSIONID, DESCRIPTION ) values ( 'DC_E_TEST:((202)):DC_E_TEST_SCCP', 'DC_E_TEST:((202))', 'SCCP' );
insert into Measurementtypeclass ( TYPECLASSID, VERSIONID, DESCRIPTION ) values ( 'DC_E_TEST:((202)):DC_E_TEST_DEFAULT', 'DC_E_TEST:((202))', 'DEFAULT' );
insert into Measurementtypeclass ( TYPECLASSID, VERSIONID, DESCRIPTION ) values ( 'DC_E_TEST:((202)):DC_E_TEST_MTP3b', 'DC_E_TEST:((202))', 'MTP3b' );
insert into Measurementtypeclass ( TYPECLASSID, VERSIONID, DESCRIPTION ) values ( 'DC_E_TEST:((202)):DC_E_TEST_E1', 'DC_E_TEST:((202))', 'E1' );
insert into Measurementtypeclass ( TYPECLASSID, VERSIONID, DESCRIPTION ) values ( 'DC_E_TEST:((202)):DC_E_TEST_TEST', 'DC_E_TEST:((202))', 'TEST' );
insert into Measurementtypeclass ( TYPECLASSID, VERSIONID, DESCRIPTION ) values ( 'DC_E_TEST:((202)):DC_E_TEST_AAL2APBH', 'DC_E_TEST:((202))', 'AAL2APBH' );
insert into Measurementtypeclass ( TYPECLASSID, VERSIONID, DESCRIPTION ) values ( 'DC_E_TEST:((202)):DC_E_TEST_Network_Probe', 'DC_E_TEST:((202))', 'Network Probe' );
insert into Measurementtypeclass ( TYPECLASSID, VERSIONID, DESCRIPTION ) values ( 'DC_E_TEST:((202)):DC_E_TEST_Os155', 'DC_E_TEST:((202))', 'Os155' );
insert into Measurementtypeclass ( TYPECLASSID, VERSIONID, DESCRIPTION ) values ( 'DC_E_TEST:((202)):DC_E_TEST_SwitchFabric', 'DC_E_TEST:((202))', 'SwitchFabric' );
insert into Measurementtype ( TYPEID, TYPECLASSID, TYPENAME, VENDORID, FOLDERNAME, DESCRIPTION, STATUS, VERSIONID, OBJECTID, OBJECTNAME, OBJECTVERSION, OBJECTTYPE, JOINABLE, SIZING, TOTALAGG, ELEMENTBHSUPPORT, RANKINGTABLE, DELTACALCSUPPORT, PLAINTABLE, UNIVERSEEXTENSION, VECTORSUPPORT, DATAFORMATSUPPORT, FOLLOWJOHN, ONEMINAGG, FIFTEENMINAGG, EVENTSCALCTABLE, MIXEDPARTITIONSTABLE, LOADFILE_DUP_CHECK ) values ( 'DC_E_TEST:((202)):DC_E_TEST_INTERNALLINKGROUP_V', 'DC_E_TEST:((202)):DC_E_TEST_SwitchFabric', 'DC_E_TEST_INTERNALLINKGROUP_V', 'DC_E_TEST', 'DC_E_TEST_INTERNALLINKGROUP_V', 'Internal Link Group counters.The Internal Link Group MO represents all switch internal links connecting the main switch to an external switch. Switch internal links are automatically grouped in Reliable Groups for redundancy.', null, 'DC_E_TEST:((202))', 'DC_E_TEST:((202)):DC_E_TEST_INTERNALLINKGROUP_V', 'DC_E_TEST_INTERNALLINKGROUP_V', null, null, '', 'extrasmall', 1, 1, 0, 0, 0, 'b', 1, 1, null, null, null, null, null, null );
insert into Measurementkey ( TYPEID, DATANAME, DESCRIPTION, ISELEMENT, UNIQUEKEY, COLNUMBER, DATATYPE, DATASIZE, DATASCALE, UNIQUEVALUE, NULLABLE, INDEXES, INCLUDESQL, UNIVOBJECT, JOINABLE, DATAID ) values ( 'DC_E_TEST:((202)):DC_E_TEST_INTERNALLINKGROUP_V', 'DCVECTOR_INDEX', 'Vector Index', 0, 1, 23, 'integer', 0, 0, 255, 0, 'HG', 1, 'DCVECTOR_INDEX', 0, 'DCVECTOR_INDEX' );
insert into Measurementkey ( TYPEID, DATANAME, DESCRIPTION, ISELEMENT, UNIQUEKEY, COLNUMBER, DATATYPE, DATASIZE, DATASCALE, UNIQUEVALUE, NULLABLE, INDEXES, INCLUDESQL, UNIVOBJECT, JOINABLE, DATAID ) values ( 'DC_E_TEST:((202)):DC_E_TEST_INTERNALLINKGROUP_V', 'InternalLinkGroup', 'The Internal Link Group MO represents all switch internal links connecting the main switch to an external switch.', 0, 0, 21, 'varchar', 35, 0, 255, 1, 'HG', 1, 'InternalLinkGroup', 0, 'MOID.InternalLinkGroup' );
insert into Measurementkey ( TYPEID, DATANAME, DESCRIPTION, ISELEMENT, UNIQUEKEY, COLNUMBER, DATATYPE, DATASIZE, DATASCALE, UNIQUEVALUE, NULLABLE, INDEXES, INCLUDESQL, UNIVOBJECT, JOINABLE, DATAID ) values ( 'DC_E_TEST:((202)):DC_E_TEST_INTERNALLINKGROUP_V', 'MOID', 'Measured Object Id', 0, 1, 19, 'varchar', 255, 0, 255, 0, 'HG', 1, 'MOID', 0, 'MOID' );
insert into Measurementkey ( TYPEID, DATANAME, DESCRIPTION, ISELEMENT, UNIQUEKEY, COLNUMBER, DATATYPE, DATASIZE, DATASCALE, UNIQUEVALUE, NULLABLE, INDEXES, INCLUDESQL, UNIVOBJECT, JOINABLE, DATAID ) values ( 'DC_E_TEST:((202)):DC_E_TEST_INTERNALLINKGROUP_V', 'NEDN', 'Network element distinguished name', 0, 0, 16, 'varchar', 255, 0, 255, 1, '', 1, '', 0, 'nedn' );
insert into Measurementkey ( TYPEID, DATANAME, DESCRIPTION, ISELEMENT, UNIQUEKEY, COLNUMBER, DATATYPE, DATASIZE, DATASCALE, UNIQUEVALUE, NULLABLE, INDEXES, INCLUDESQL, UNIVOBJECT, JOINABLE, DATAID ) values ( 'DC_E_TEST:((202)):DC_E_TEST_INTERNALLINKGROUP_V', 'NESW', 'Network element software version', 0, 0, 17, 'varchar', 35, 0, 255, 1, '', 1, 'NESW', 0, 'nesw' );
insert into Measurementkey ( TYPEID, DATANAME, DESCRIPTION, ISELEMENT, UNIQUEKEY, COLNUMBER, DATATYPE, DATASIZE, DATASCALE, UNIQUEVALUE, NULLABLE, INDEXES, INCLUDESQL, UNIVOBJECT, JOINABLE, DATAID ) values ( 'DC_E_TEST:((202)):DC_E_TEST_INTERNALLINKGROUP_V', 'NEUN', 'Network element user name', 0, 0, 15, 'varchar', 64, 0, 255, 1, '', 1, 'NEUN', 0, 'NEUN' );
insert into Measurementkey ( TYPEID, DATANAME, DESCRIPTION, ISELEMENT, UNIQUEKEY, COLNUMBER, DATATYPE, DATASIZE, DATASCALE, UNIQUEVALUE, NULLABLE, INDEXES, INCLUDESQL, UNIVOBJECT, JOINABLE, DATAID ) values ( 'DC_E_TEST:((202)):DC_E_TEST_INTERNALLINKGROUP_V', 'OSS_ID', 'OSS Id', 0, 1, 13, 'varchar', 50, 0, 255, 0, 'HG', 1, 'OSS_ID', 0, 'OSS_ID' );
insert into Measurementkey ( TYPEID, DATANAME, DESCRIPTION, ISELEMENT, UNIQUEKEY, COLNUMBER, DATATYPE, DATASIZE, DATASCALE, UNIQUEVALUE, NULLABLE, INDEXES, INCLUDESQL, UNIVOBJECT, JOINABLE, DATAID ) values ( 'DC_E_TEST:((202)):DC_E_TEST_INTERNALLINKGROUP_V', 'SN', 'Sendername', 0, 0, 14, 'varchar', 255, 0, 255, 1, '', 1, '', 0, 'SN' );
insert into Measurementkey ( TYPEID, DATANAME, DESCRIPTION, ISELEMENT, UNIQUEKEY, COLNUMBER, DATATYPE, DATASIZE, DATASCALE, UNIQUEVALUE, NULLABLE, INDEXES, INCLUDESQL, UNIVOBJECT, JOINABLE, DATAID ) values ( 'DC_E_TEST:((202)):DC_E_TEST_INTERNALLINKGROUP_V', 'SwitchFabric', 'SwitchFabric', 0, 0, 20, 'varchar', 35, 0, 255, 1, 'HG', 1, 'SwitchFabric', 0, 'MOID.SwitchFabric' );
insert into Measurementkey ( TYPEID, DATANAME, DESCRIPTION, ISELEMENT, UNIQUEKEY, COLNUMBER, DATATYPE, DATASIZE, DATASCALE, UNIQUEVALUE, NULLABLE, INDEXES, INCLUDESQL, UNIVOBJECT, JOINABLE, DATAID ) values ( 'DC_E_TEST:((202)):DC_E_TEST_INTERNALLINKGROUP_V', 'TEST', 'Object parent ID', 1, 1, 18, 'varchar', 64, 0, 255, 0, 'HG', 1, 'TEST', 0, 'NEName' );
insert into Measurementkey ( TYPEID, DATANAME, DESCRIPTION, ISELEMENT, UNIQUEKEY, COLNUMBER, DATATYPE, DATASIZE, DATASCALE, UNIQUEVALUE, NULLABLE, INDEXES, INCLUDESQL, UNIVOBJECT, JOINABLE, DATAID ) values ( 'DC_E_TEST:((202)):DC_E_TEST_INTERNALLINKGROUP_V', 'userLabel', 'Label for free use', 0, 0, 22, 'varchar', 35, 0, 255, 1, 'HG', 1, 'userLabel', 0, 'userLabel' );
insert into Measurementcounter ( TYPEID, DATANAME, DESCRIPTION, TIMEAGGREGATION, GROUPAGGREGATION, COUNTAGGREGATION, COLNUMBER, DATATYPE, DATASIZE, DATASCALE, INCLUDESQL, UNIVOBJECT, UNIVCLASS, COUNTERTYPE, COUNTERPROCESS, DATAID, FOLLOWJOHN ) values ( 'DC_E_TEST:((202)):DC_E_TEST_INTERNALLINKGROUP_V', 'pmPeakBwLevel', 'The counter shows the traffic load for each internal link group, consisting of a list of 8 numbers. The counter is not supported on some boards. If enabled on unsupported boards, this can lead to traffic loss. Refer to the description of the relevant board for details. PDF ranges: [0]: [0..74]%, [1]: [75..79]%, [2]: [80..84]%, [3]: [85..89]%, [4]: [90..93]%, [5]: [94..96]%, [6]: [97..99]%, [7]: [100]% Condition: Continuous measurement of load during the last measurement period. Counter is reset after measurement period: Yes Counter type: PDF Unit: (ranges 0 to 7): % of traffic load', 'SUM', 'SUM', 'GAUGE', 2, 'numeric', 18, 0, 1, 'pmPeakBwLevel', '', 'VECTOR', 'VECTOR', null, null );
insert into Measurementtable ( MTABLEID, TABLELEVEL, TYPEID, BASETABLENAME, DEFAULT_TEMPLATE, PARTITIONPLAN ) values ( 'DC_E_TEST:((202)):DC_E_TEST_INTERNALLINKGROUP_V:RAW', 'RAW', 'DC_E_TEST:((202)):DC_E_TEST_INTERNALLINKGROUP_V', 'DC_E_TEST_INTERNALLINKGROUP_V_RAW', null, 'extrasmall_raw' );
insert into Measurementcolumn ( MTABLEID, DATANAME, COLNUMBER, DATATYPE, DATASIZE, DATASCALE, UNIQUEVALUE, NULLABLE, INDEXES, DESCRIPTION, DATAID, RELEASEID, UNIQUEKEY, INCLUDESQL, COLTYPE, FOLLOWJOHN ) values ( 'DC_E_TEST:((202)):DC_E_TEST_INTERNALLINKGROUP_V:RAW', 'OSS_ID', 1, 'varchar', 50, 0, 255, 0, 'HG', 'OSS Id', 'OSS_ID', 'DC_E_TEST:((101))', 1, 1, 'KEY', null );
insert into Measurementcolumn ( MTABLEID, DATANAME, COLNUMBER, DATATYPE, DATASIZE, DATASCALE, UNIQUEVALUE, NULLABLE, INDEXES, DESCRIPTION, DATAID, RELEASEID, UNIQUEKEY, INCLUDESQL, COLTYPE, FOLLOWJOHN ) values ( 'DC_E_TEST:((202)):DC_E_TEST_INTERNALLINKGROUP_V:RAW', 'SN', 2, 'varchar', 255, 0, 255, 1, '', 'Sendername', 'SN', 'DC_E_TEST:((101))', 0, 1, 'KEY', null );
insert into Measurementcolumn ( MTABLEID, DATANAME, COLNUMBER, DATATYPE, DATASIZE, DATASCALE, UNIQUEVALUE, NULLABLE, INDEXES, DESCRIPTION, DATAID, RELEASEID, UNIQUEKEY, INCLUDESQL, COLTYPE, FOLLOWJOHN ) values ( 'DC_E_TEST:((202)):DC_E_TEST_INTERNALLINKGROUP_V:RAW', 'NEUN', 3, 'varchar', 64, 0, 255, 1, '', 'Network element user name', 'NEUN', 'DC_E_TEST:((101))', 0, 1, 'KEY', null );
insert into Measurementcolumn ( MTABLEID, DATANAME, COLNUMBER, DATATYPE, DATASIZE, DATASCALE, UNIQUEVALUE, NULLABLE, INDEXES, DESCRIPTION, DATAID, RELEASEID, UNIQUEKEY, INCLUDESQL, COLTYPE, FOLLOWJOHN ) values ( 'DC_E_TEST:((202)):DC_E_TEST_INTERNALLINKGROUP_V:RAW', 'NEDN', 4, 'varchar', 255, 0, 255, 1, '', 'Network element distinguished name', 'nedn', 'DC_E_TEST:((101))', 0, 1, 'KEY', null );
insert into Measurementcolumn ( MTABLEID, DATANAME, COLNUMBER, DATATYPE, DATASIZE, DATASCALE, UNIQUEVALUE, NULLABLE, INDEXES, DESCRIPTION, DATAID, RELEASEID, UNIQUEKEY, INCLUDESQL, COLTYPE, FOLLOWJOHN ) values ( 'DC_E_TEST:((202)):DC_E_TEST_INTERNALLINKGROUP_V:RAW', 'NESW', 5, 'varchar', 35, 0, 255, 1, '', 'Network element software version', 'nesw', 'DC_E_TEST:((101))', 0, 1, 'KEY', null );
insert into Measurementcolumn ( MTABLEID, DATANAME, COLNUMBER, DATATYPE, DATASIZE, DATASCALE, UNIQUEVALUE, NULLABLE, INDEXES, DESCRIPTION, DATAID, RELEASEID, UNIQUEKEY, INCLUDESQL, COLTYPE, FOLLOWJOHN ) values ( 'DC_E_TEST:((202)):DC_E_TEST_INTERNALLINKGROUP_V:RAW', 'TEST', 6, 'varchar', 64, 0, 255, 0, 'HG', 'Object parent ID', 'NEName', 'DC_E_TEST:((101))', 1, 1, 'KEY', null );
insert into Measurementcolumn ( MTABLEID, DATANAME, COLNUMBER, DATATYPE, DATASIZE, DATASCALE, UNIQUEVALUE, NULLABLE, INDEXES, DESCRIPTION, DATAID, RELEASEID, UNIQUEKEY, INCLUDESQL, COLTYPE, FOLLOWJOHN ) values ( 'DC_E_TEST:((202)):DC_E_TEST_INTERNALLINKGROUP_V:RAW', 'MOID', 7, 'varchar', 255, 0, 255, 0, 'HG', 'Measured Object Id', 'MOID', 'DC_E_TEST:((101))', 1, 1, 'KEY', null );
insert into Measurementcolumn ( MTABLEID, DATANAME, COLNUMBER, DATATYPE, DATASIZE, DATASCALE, UNIQUEVALUE, NULLABLE, INDEXES, DESCRIPTION, DATAID, RELEASEID, UNIQUEKEY, INCLUDESQL, COLTYPE, FOLLOWJOHN ) values ( 'DC_E_TEST:((202)):DC_E_TEST_INTERNALLINKGROUP_V:RAW', 'SwitchFabric', 8, 'varchar', 35, 0, 255, 1, 'HG', 'SwitchFabric', 'MOID.SwitchFabric', 'DC_E_TEST:((101))', 0, 1, 'KEY', null );
insert into Measurementcolumn ( MTABLEID, DATANAME, COLNUMBER, DATATYPE, DATASIZE, DATASCALE, UNIQUEVALUE, NULLABLE, INDEXES, DESCRIPTION, DATAID, RELEASEID, UNIQUEKEY, INCLUDESQL, COLTYPE, FOLLOWJOHN ) values ( 'DC_E_TEST:((202)):DC_E_TEST_INTERNALLINKGROUP_V:RAW', 'InternalLinkGroup', 9, 'varchar', 35, 0, 255, 1, 'HG', 'The Internal Link Group MO represents all switch internal links connecting the main switch to an external switch.', 'MOID.InternalLinkGroup', 'DC_E_TEST:((101))', 0, 1, 'KEY', null );
insert into Measurementcolumn ( MTABLEID, DATANAME, COLNUMBER, DATATYPE, DATASIZE, DATASCALE, UNIQUEVALUE, NULLABLE, INDEXES, DESCRIPTION, DATAID, RELEASEID, UNIQUEKEY, INCLUDESQL, COLTYPE, FOLLOWJOHN ) values ( 'DC_E_TEST:((202)):DC_E_TEST_INTERNALLINKGROUP_V:RAW', 'userLabel', 10, 'varchar', 35, 0, 255, 1, 'HG', 'Label for free use', 'userLabel', 'DC_E_TEST:((101))', 0, 1, 'KEY', null );
insert into Measurementcolumn ( MTABLEID, DATANAME, COLNUMBER, DATATYPE, DATASIZE, DATASCALE, UNIQUEVALUE, NULLABLE, INDEXES, DESCRIPTION, DATAID, RELEASEID, UNIQUEKEY, INCLUDESQL, COLTYPE, FOLLOWJOHN ) values ( 'DC_E_TEST:((202)):DC_E_TEST_INTERNALLINKGROUP_V:RAW', 'DCVECTOR_INDEX', 11, 'integer', 0, 0, 255, 0, 'HG', 'Vector Index', 'DCVECTOR_INDEX', 'DC_E_TEST:((101))', 1, 1, 'KEY', null );
insert into Measurementcolumn ( MTABLEID, DATANAME, COLNUMBER, DATATYPE, DATASIZE, DATASCALE, UNIQUEVALUE, NULLABLE, INDEXES, DESCRIPTION, DATAID, RELEASEID, UNIQUEKEY, INCLUDESQL, COLTYPE, FOLLOWJOHN ) values ( 'DC_E_TEST:((202)):DC_E_TEST_INTERNALLINKGROUP_V:RAW', 'DATE_ID', 12, 'date', 0, 0, 255, 1, 'LF', '', 'DATE_ID', 'BASE_TP_090421', 0, 0, 'PUBLICKEY', null );
insert into Measurementcolumn ( MTABLEID, DATANAME, COLNUMBER, DATATYPE, DATASIZE, DATASCALE, UNIQUEVALUE, NULLABLE, INDEXES, DESCRIPTION, DATAID, RELEASEID, UNIQUEKEY, INCLUDESQL, COLTYPE, FOLLOWJOHN ) values ( 'DC_E_TEST:((202)):DC_E_TEST_INTERNALLINKGROUP_V:RAW', 'YEAR_ID', 13, 'smallint', 0, 0, 20, 1, 'LF', '', 'YEAR_ID', 'BASE_TP_090421', 0, 0, 'PUBLICKEY', null );
insert into Measurementcolumn ( MTABLEID, DATANAME, COLNUMBER, DATATYPE, DATASIZE, DATASCALE, UNIQUEVALUE, NULLABLE, INDEXES, DESCRIPTION, DATAID, RELEASEID, UNIQUEKEY, INCLUDESQL, COLTYPE, FOLLOWJOHN ) values ( 'DC_E_TEST:((202)):DC_E_TEST_INTERNALLINKGROUP_V:RAW', 'MONTH_ID', 14, 'tinyint', 0, 0, 12, 1, 'LF', '', 'MONTH_ID', 'BASE_TP_090421', 0, 0, 'PUBLICKEY', null );
insert into Measurementcolumn ( MTABLEID, DATANAME, COLNUMBER, DATATYPE, DATASIZE, DATASCALE, UNIQUEVALUE, NULLABLE, INDEXES, DESCRIPTION, DATAID, RELEASEID, UNIQUEKEY, INCLUDESQL, COLTYPE, FOLLOWJOHN ) values ( 'DC_E_TEST:((202)):DC_E_TEST_INTERNALLINKGROUP_V:RAW', 'DAY_ID', 15, 'tinyint', 0, 0, 31, 1, 'LF', '', 'DAY_ID', 'BASE_TP_090421', 0, 0, 'PUBLICKEY', null );
insert into Measurementcolumn ( MTABLEID, DATANAME, COLNUMBER, DATATYPE, DATASIZE, DATASCALE, UNIQUEVALUE, NULLABLE, INDEXES, DESCRIPTION, DATAID, RELEASEID, UNIQUEKEY, INCLUDESQL, COLTYPE, FOLLOWJOHN ) values ( 'DC_E_TEST:((202)):DC_E_TEST_INTERNALLINKGROUP_V:RAW', 'HOUR_ID', 16, 'tinyint', 0, 0, 24, 1, 'LF', '', 'HOUR_ID', 'BASE_TP_090421', 0, 0, 'PUBLICKEY', null );
insert into Measurementcolumn ( MTABLEID, DATANAME, COLNUMBER, DATATYPE, DATASIZE, DATASCALE, UNIQUEVALUE, NULLABLE, INDEXES, DESCRIPTION, DATAID, RELEASEID, UNIQUEKEY, INCLUDESQL, COLTYPE, FOLLOWJOHN ) values ( 'DC_E_TEST:((202)):DC_E_TEST_INTERNALLINKGROUP_V:RAW', 'DATETIME_ID', 17, 'datetime', 0, 0, 255, 1, 'HG', '', 'DATETIME_ID', 'BASE_TP_090421', 1, 1, 'PUBLICKEY', null );
insert into Measurementcolumn ( MTABLEID, DATANAME, COLNUMBER, DATATYPE, DATASIZE, DATASCALE, UNIQUEVALUE, NULLABLE, INDEXES, DESCRIPTION, DATAID, RELEASEID, UNIQUEKEY, INCLUDESQL, COLTYPE, FOLLOWJOHN ) values ( 'DC_E_TEST:((202)):DC_E_TEST_INTERNALLINKGROUP_V:RAW', 'MIN_ID', 18, 'tinyint', 0, 0, 60, 1, 'LF', '', 'MIN_ID', 'BASE_TP_090421', 0, 0, 'PUBLICKEY', null );
insert into Measurementcolumn ( MTABLEID, DATANAME, COLNUMBER, DATATYPE, DATASIZE, DATASCALE, UNIQUEVALUE, NULLABLE, INDEXES, DESCRIPTION, DATAID, RELEASEID, UNIQUEKEY, INCLUDESQL, COLTYPE, FOLLOWJOHN ) values ( 'DC_E_TEST:((202)):DC_E_TEST_INTERNALLINKGROUP_V:RAW', 'TIMELEVEL', 19, 'varchar', 10, 0, 10, 1, 'LF', '', 'TIMELEVEL', 'BASE_TP_090421', 0, 0, 'PUBLICKEY', null );
insert into Measurementcolumn ( MTABLEID, DATANAME, COLNUMBER, DATATYPE, DATASIZE, DATASCALE, UNIQUEVALUE, NULLABLE, INDEXES, DESCRIPTION, DATAID, RELEASEID, UNIQUEKEY, INCLUDESQL, COLTYPE, FOLLOWJOHN ) values ( 'DC_E_TEST:((202)):DC_E_TEST_INTERNALLINKGROUP_V:RAW', 'SESSION_ID', 20, 'unsigned int', 0, 0, 255, 1, '', '', 'SESSION_ID', 'BASE_TP_090421', 0, 0, 'PUBLICKEY', null );
insert into Measurementcolumn ( MTABLEID, DATANAME, COLNUMBER, DATATYPE, DATASIZE, DATASCALE, UNIQUEVALUE, NULLABLE, INDEXES, DESCRIPTION, DATAID, RELEASEID, UNIQUEKEY, INCLUDESQL, COLTYPE, FOLLOWJOHN ) values ( 'DC_E_TEST:((202)):DC_E_TEST_INTERNALLINKGROUP_V:RAW', 'BATCH_ID', 21, 'smallint', 0, 0, 255, 1, '', '', 'BATCH_ID', 'BASE_TP_090421', 0, 0, 'PUBLICKEY', null );
insert into Measurementcolumn ( MTABLEID, DATANAME, COLNUMBER, DATATYPE, DATASIZE, DATASCALE, UNIQUEVALUE, NULLABLE, INDEXES, DESCRIPTION, DATAID, RELEASEID, UNIQUEKEY, INCLUDESQL, COLTYPE, FOLLOWJOHN ) values ( 'DC_E_TEST:((202)):DC_E_TEST_INTERNALLINKGROUP_V:RAW', 'PERIOD_DURATION', 22, 'unsigned int', 0, 0, 10, 1, '', '', 'PERIOD_DURATION', 'BASE_TP_090421', 0, 1, 'PUBLICKEY', null );
insert into Measurementcolumn ( MTABLEID, DATANAME, COLNUMBER, DATATYPE, DATASIZE, DATASCALE, UNIQUEVALUE, NULLABLE, INDEXES, DESCRIPTION, DATAID, RELEASEID, UNIQUEKEY, INCLUDESQL, COLTYPE, FOLLOWJOHN ) values ( 'DC_E_TEST:((202)):DC_E_TEST_INTERNALLINKGROUP_V:RAW', 'ROWSTATUS', 23, 'varchar', 16, 0, 10, 1, '', '', 'ROWSTATUS', 'BASE_TP_090421', 0, 1, 'PUBLICKEY', null );
insert into Measurementcolumn ( MTABLEID, DATANAME, COLNUMBER, DATATYPE, DATASIZE, DATASCALE, UNIQUEVALUE, NULLABLE, INDEXES, DESCRIPTION, DATAID, RELEASEID, UNIQUEKEY, INCLUDESQL, COLTYPE, FOLLOWJOHN ) values ( 'DC_E_TEST:((202)):DC_E_TEST_INTERNALLINKGROUP_V:RAW', 'DC_RELEASE', 24, 'varchar', 16, 0, 2, 1, 'LF', '', 'DC_RELEASE', 'BASE_TP_090421', 0, 1, 'PUBLICKEY', null );
insert into Measurementcolumn ( MTABLEID, DATANAME, COLNUMBER, DATATYPE, DATASIZE, DATASCALE, UNIQUEVALUE, NULLABLE, INDEXES, DESCRIPTION, DATAID, RELEASEID, UNIQUEKEY, INCLUDESQL, COLTYPE, FOLLOWJOHN ) values ( 'DC_E_TEST:((202)):DC_E_TEST_INTERNALLINKGROUP_V:RAW', 'DC_SOURCE', 25, 'varchar', 16, 0, 2, 1, 'LF', '', 'DC_SOURCE', 'BASE_TP_090421', 0, 1, 'PUBLICKEY', null );
insert into Measurementcolumn ( MTABLEID, DATANAME, COLNUMBER, DATATYPE, DATASIZE, DATASCALE, UNIQUEVALUE, NULLABLE, INDEXES, DESCRIPTION, DATAID, RELEASEID, UNIQUEKEY, INCLUDESQL, COLTYPE, FOLLOWJOHN ) values ( 'DC_E_TEST:((202)):DC_E_TEST_INTERNALLINKGROUP_V:RAW', 'DC_TIMEZONE', 26, 'varchar', 16, 0, 2, 1, 'LF', '', 'DC_TIMEZONE', 'BASE_TP_090421', 0, 1, 'PUBLICKEY', null );
insert into Measurementcolumn ( MTABLEID, DATANAME, COLNUMBER, DATATYPE, DATASIZE, DATASCALE, UNIQUEVALUE, NULLABLE, INDEXES, DESCRIPTION, DATAID, RELEASEID, UNIQUEKEY, INCLUDESQL, COLTYPE, FOLLOWJOHN ) values ( 'DC_E_TEST:((202)):DC_E_TEST_INTERNALLINKGROUP_V:RAW', 'DC_SUSPECTFLAG', 27, 'int', 0, 0, 2, 1, 'LF', '', 'DC_SUSPECTFLAG', 'BASE_TP_090421', 0, 1, 'PUBLICKEY', null );
insert into Measurementcolumn ( MTABLEID, DATANAME, COLNUMBER, DATATYPE, DATASIZE, DATASCALE, UNIQUEVALUE, NULLABLE, INDEXES, DESCRIPTION, DATAID, RELEASEID, UNIQUEKEY, INCLUDESQL, COLTYPE, FOLLOWJOHN ) values ( 'DC_E_TEST:((202)):DC_E_TEST_INTERNALLINKGROUP_V:RAW', 'UTC_DATETIME_ID', 28, 'datetime', 0, 0, 255, 1, 'HG', '', 'UTC_DATETIME_ID', 'BASE_TP_090421', 1, 1, 'PUBLICKEY', null );
insert into Measurementcolumn ( MTABLEID, DATANAME, COLNUMBER, DATATYPE, DATASIZE, DATASCALE, UNIQUEVALUE, NULLABLE, INDEXES, DESCRIPTION, DATAID, RELEASEID, UNIQUEKEY, INCLUDESQL, COLTYPE, FOLLOWJOHN ) values ( 'DC_E_TEST:((202)):DC_E_TEST_INTERNALLINKGROUP_V:RAW', 'pmPeakBwLevel', 29, 'numeric', 18, 0, 255, 1, '', 'The counter shows the traffic load for each internal link group, consisting of a list of 8 numbers. The counter is not supported on some boards. If enabled on unsupported boards, this can lead to traffic loss. Refer to the description of the relevant board for details. PDF ranges: [0]: [0..74]%, [1]: [75..79]%, [2]: [80..84]%, [3]: [85..89]%, [4]: [90..93]%, [5]: [94..96]%, [6]: [97..99]%, [7]: [100]% Condition: Continuous measurement of load during the last measurement period. Counter is reset after measurement period: Yes Counter type: PDF Unit: (ranges 0 to 7): % of traffic load', 'pmPeakBwLevel', 'DC_E_TEST:((101))', 0, 1, 'COUNTER', null );
insert into Measurementtable ( MTABLEID, TABLELEVEL, TYPEID, BASETABLENAME, DEFAULT_TEMPLATE, PARTITIONPLAN ) values ( 'DC_E_TEST:((202)):DC_E_TEST_INTERNALLINKGROUP_V:DAY', 'DAY', 'DC_E_TEST:((202)):DC_E_TEST_INTERNALLINKGROUP_V', 'DC_E_TEST_INTERNALLINKGROUP_V_DAY', null, 'extrasmall_day' );
insert into Measurementcolumn ( MTABLEID, DATANAME, COLNUMBER, DATATYPE, DATASIZE, DATASCALE, UNIQUEVALUE, NULLABLE, INDEXES, DESCRIPTION, DATAID, RELEASEID, UNIQUEKEY, INCLUDESQL, COLTYPE, FOLLOWJOHN ) values ( 'DC_E_TEST:((202)):DC_E_TEST_INTERNALLINKGROUP_V:DAY', 'OSS_ID', 1, 'varchar', 50, 0, 255, 0, 'HG', 'OSS Id', 'OSS_ID', 'DC_E_TEST:((101))', 1, 1, 'KEY', null );
insert into Measurementcolumn ( MTABLEID, DATANAME, COLNUMBER, DATATYPE, DATASIZE, DATASCALE, UNIQUEVALUE, NULLABLE, INDEXES, DESCRIPTION, DATAID, RELEASEID, UNIQUEKEY, INCLUDESQL, COLTYPE, FOLLOWJOHN ) values ( 'DC_E_TEST:((202)):DC_E_TEST_INTERNALLINKGROUP_V:DAY', 'SN', 2, 'varchar', 255, 0, 255, 1, '', 'Sendername', 'SN', 'DC_E_TEST:((101))', 0, 1, 'KEY', null );
insert into Measurementcolumn ( MTABLEID, DATANAME, COLNUMBER, DATATYPE, DATASIZE, DATASCALE, UNIQUEVALUE, NULLABLE, INDEXES, DESCRIPTION, DATAID, RELEASEID, UNIQUEKEY, INCLUDESQL, COLTYPE, FOLLOWJOHN ) values ( 'DC_E_TEST:((202)):DC_E_TEST_INTERNALLINKGROUP_V:DAY', 'NEUN', 3, 'varchar', 64, 0, 255, 1, '', 'Network element user name', 'NEUN', 'DC_E_TEST:((101))', 0, 1, 'KEY', null );
insert into Measurementcolumn ( MTABLEID, DATANAME, COLNUMBER, DATATYPE, DATASIZE, DATASCALE, UNIQUEVALUE, NULLABLE, INDEXES, DESCRIPTION, DATAID, RELEASEID, UNIQUEKEY, INCLUDESQL, COLTYPE, FOLLOWJOHN ) values ( 'DC_E_TEST:((202)):DC_E_TEST_INTERNALLINKGROUP_V:DAY', 'NEDN', 4, 'varchar', 255, 0, 255, 1, '', 'Network element distinguished name', 'nedn', 'DC_E_TEST:((101))', 0, 1, 'KEY', null );
insert into Measurementcolumn ( MTABLEID, DATANAME, COLNUMBER, DATATYPE, DATASIZE, DATASCALE, UNIQUEVALUE, NULLABLE, INDEXES, DESCRIPTION, DATAID, RELEASEID, UNIQUEKEY, INCLUDESQL, COLTYPE, FOLLOWJOHN ) values ( 'DC_E_TEST:((202)):DC_E_TEST_INTERNALLINKGROUP_V:DAY', 'NESW', 5, 'varchar', 35, 0, 255, 1, '', 'Network element software version', 'nesw', 'DC_E_TEST:((101))', 0, 1, 'KEY', null );
insert into Measurementcolumn ( MTABLEID, DATANAME, COLNUMBER, DATATYPE, DATASIZE, DATASCALE, UNIQUEVALUE, NULLABLE, INDEXES, DESCRIPTION, DATAID, RELEASEID, UNIQUEKEY, INCLUDESQL, COLTYPE, FOLLOWJOHN ) values ( 'DC_E_TEST:((202)):DC_E_TEST_INTERNALLINKGROUP_V:DAY', 'TEST', 6, 'varchar', 64, 0, 255, 0, 'HG', 'Object parent ID', 'NEName', 'DC_E_TEST:((101))', 1, 1, 'KEY', null );
insert into Measurementcolumn ( MTABLEID, DATANAME, COLNUMBER, DATATYPE, DATASIZE, DATASCALE, UNIQUEVALUE, NULLABLE, INDEXES, DESCRIPTION, DATAID, RELEASEID, UNIQUEKEY, INCLUDESQL, COLTYPE, FOLLOWJOHN ) values ( 'DC_E_TEST:((202)):DC_E_TEST_INTERNALLINKGROUP_V:DAY', 'MOID', 7, 'varchar', 255, 0, 255, 0, 'HG', 'Measured Object Id', 'MOID', 'DC_E_TEST:((101))', 1, 1, 'KEY', null );
insert into Measurementcolumn ( MTABLEID, DATANAME, COLNUMBER, DATATYPE, DATASIZE, DATASCALE, UNIQUEVALUE, NULLABLE, INDEXES, DESCRIPTION, DATAID, RELEASEID, UNIQUEKEY, INCLUDESQL, COLTYPE, FOLLOWJOHN ) values ( 'DC_E_TEST:((202)):DC_E_TEST_INTERNALLINKGROUP_V:DAY', 'SwitchFabric', 8, 'varchar', 35, 0, 255, 1, 'HG', 'SwitchFabric', 'MOID.SwitchFabric', 'DC_E_TEST:((101))', 0, 1, 'KEY', null );
insert into Measurementcolumn ( MTABLEID, DATANAME, COLNUMBER, DATATYPE, DATASIZE, DATASCALE, UNIQUEVALUE, NULLABLE, INDEXES, DESCRIPTION, DATAID, RELEASEID, UNIQUEKEY, INCLUDESQL, COLTYPE, FOLLOWJOHN ) values ( 'DC_E_TEST:((202)):DC_E_TEST_INTERNALLINKGROUP_V:DAY', 'InternalLinkGroup', 9, 'varchar', 35, 0, 255, 1, 'HG', 'The Internal Link Group MO represents all switch internal links connecting the main switch to an external switch.', 'MOID.InternalLinkGroup', 'DC_E_TEST:((101))', 0, 1, 'KEY', null );
insert into Measurementcolumn ( MTABLEID, DATANAME, COLNUMBER, DATATYPE, DATASIZE, DATASCALE, UNIQUEVALUE, NULLABLE, INDEXES, DESCRIPTION, DATAID, RELEASEID, UNIQUEKEY, INCLUDESQL, COLTYPE, FOLLOWJOHN ) values ( 'DC_E_TEST:((202)):DC_E_TEST_INTERNALLINKGROUP_V:DAY', 'userLabel', 10, 'varchar', 35, 0, 255, 1, 'HG', 'Label for free use', 'userLabel', 'DC_E_TEST:((101))', 0, 1, 'KEY', null );
insert into Measurementcolumn ( MTABLEID, DATANAME, COLNUMBER, DATATYPE, DATASIZE, DATASCALE, UNIQUEVALUE, NULLABLE, INDEXES, DESCRIPTION, DATAID, RELEASEID, UNIQUEKEY, INCLUDESQL, COLTYPE, FOLLOWJOHN ) values ( 'DC_E_TEST:((202)):DC_E_TEST_INTERNALLINKGROUP_V:DAY', 'DCVECTOR_INDEX', 11, 'integer', 0, 0, 255, 0, 'HG', 'Vector Index', 'DCVECTOR_INDEX', 'DC_E_TEST:((101))', 1, 1, 'KEY', null );
insert into Measurementcolumn ( MTABLEID, DATANAME, COLNUMBER, DATATYPE, DATASIZE, DATASCALE, UNIQUEVALUE, NULLABLE, INDEXES, DESCRIPTION, DATAID, RELEASEID, UNIQUEKEY, INCLUDESQL, COLTYPE, FOLLOWJOHN ) values ( 'DC_E_TEST:((202)):DC_E_TEST_INTERNALLINKGROUP_V:DAY', 'DATE_ID', 12, 'date', 0, 0, 255, 1, 'LF', '', 'DATE_ID', 'BASE_TP_090421', 1, 1, 'PUBLICKEY', null );
insert into Measurementcolumn ( MTABLEID, DATANAME, COLNUMBER, DATATYPE, DATASIZE, DATASCALE, UNIQUEVALUE, NULLABLE, INDEXES, DESCRIPTION, DATAID, RELEASEID, UNIQUEKEY, INCLUDESQL, COLTYPE, FOLLOWJOHN ) values ( 'DC_E_TEST:((202)):DC_E_TEST_INTERNALLINKGROUP_V:DAY', 'YEAR_ID', 13, 'smallint', 0, 0, 20, 1, 'LF', '', 'YEAR_ID', 'BASE_TP_090421', 0, 0, 'PUBLICKEY', null );
insert into Measurementcolumn ( MTABLEID, DATANAME, COLNUMBER, DATATYPE, DATASIZE, DATASCALE, UNIQUEVALUE, NULLABLE, INDEXES, DESCRIPTION, DATAID, RELEASEID, UNIQUEKEY, INCLUDESQL, COLTYPE, FOLLOWJOHN ) values ( 'DC_E_TEST:((202)):DC_E_TEST_INTERNALLINKGROUP_V:DAY', 'MONTH_ID', 14, 'tinyint', 0, 0, 12, 1, 'LF', '', 'MONTH_ID', 'BASE_TP_090421', 0, 0, 'PUBLICKEY', null );
insert into Measurementcolumn ( MTABLEID, DATANAME, COLNUMBER, DATATYPE, DATASIZE, DATASCALE, UNIQUEVALUE, NULLABLE, INDEXES, DESCRIPTION, DATAID, RELEASEID, UNIQUEKEY, INCLUDESQL, COLTYPE, FOLLOWJOHN ) values ( 'DC_E_TEST:((202)):DC_E_TEST_INTERNALLINKGROUP_V:DAY', 'DAY_ID', 15, 'tinyint', 0, 0, 31, 1, 'LF', '', 'DAY_ID', 'BASE_TP_090421', 0, 0, 'PUBLICKEY', null );
insert into Measurementcolumn ( MTABLEID, DATANAME, COLNUMBER, DATATYPE, DATASIZE, DATASCALE, UNIQUEVALUE, NULLABLE, INDEXES, DESCRIPTION, DATAID, RELEASEID, UNIQUEKEY, INCLUDESQL, COLTYPE, FOLLOWJOHN ) values ( 'DC_E_TEST:((202)):DC_E_TEST_INTERNALLINKGROUP_V:DAY', 'WEEK_ID', 16, 'tinyint', 0, 0, 53, 1, 'LF', '', 'WEEK_ID', 'BASE_TP_090421', 0, 0, 'PUBLICKEY', null );
insert into Measurementcolumn ( MTABLEID, DATANAME, COLNUMBER, DATATYPE, DATASIZE, DATASCALE, UNIQUEVALUE, NULLABLE, INDEXES, DESCRIPTION, DATAID, RELEASEID, UNIQUEKEY, INCLUDESQL, COLTYPE, FOLLOWJOHN ) values ( 'DC_E_TEST:((202)):DC_E_TEST_INTERNALLINKGROUP_V:DAY', 'DATACOVERAGE', 17, 'unsigned int', 0, 0, 255, 1, '', '', 'DATACOVERAGE', 'BASE_TP_090421', 0, 1, 'PUBLICKEY', null );
insert into Measurementcolumn ( MTABLEID, DATANAME, COLNUMBER, DATATYPE, DATASIZE, DATASCALE, UNIQUEVALUE, NULLABLE, INDEXES, DESCRIPTION, DATAID, RELEASEID, UNIQUEKEY, INCLUDESQL, COLTYPE, FOLLOWJOHN ) values ( 'DC_E_TEST:((202)):DC_E_TEST_INTERNALLINKGROUP_V:DAY', 'AGG_COUNT', 18, 'smallint', 0, 0, 255, 1, '', '', 'AGG_COUNT', 'BASE_TP_090421', 0, 0, 'PUBLICKEY', null );
insert into Measurementcolumn ( MTABLEID, DATANAME, COLNUMBER, DATATYPE, DATASIZE, DATASCALE, UNIQUEVALUE, NULLABLE, INDEXES, DESCRIPTION, DATAID, RELEASEID, UNIQUEKEY, INCLUDESQL, COLTYPE, FOLLOWJOHN ) values ( 'DC_E_TEST:((202)):DC_E_TEST_INTERNALLINKGROUP_V:DAY', 'TIMELEVEL', 19, 'varchar', 10, 0, 10, 1, 'LF', '', 'TIMELEVEL', 'BASE_TP_090421', 0, 0, 'PUBLICKEY', null );
insert into Measurementcolumn ( MTABLEID, DATANAME, COLNUMBER, DATATYPE, DATASIZE, DATASCALE, UNIQUEVALUE, NULLABLE, INDEXES, DESCRIPTION, DATAID, RELEASEID, UNIQUEKEY, INCLUDESQL, COLTYPE, FOLLOWJOHN ) values ( 'DC_E_TEST:((202)):DC_E_TEST_INTERNALLINKGROUP_V:DAY', 'SESSION_ID', 20, 'unsigned int', 0, 0, 255, 1, '', '', 'SESSION_ID', 'BASE_TP_090421', 0, 0, 'PUBLICKEY', null );
insert into Measurementcolumn ( MTABLEID, DATANAME, COLNUMBER, DATATYPE, DATASIZE, DATASCALE, UNIQUEVALUE, NULLABLE, INDEXES, DESCRIPTION, DATAID, RELEASEID, UNIQUEKEY, INCLUDESQL, COLTYPE, FOLLOWJOHN ) values ( 'DC_E_TEST:((202)):DC_E_TEST_INTERNALLINKGROUP_V:DAY', 'BATCH_ID', 21, 'smallint', 0, 0, 255, 1, '', '', 'BATCH_ID', 'BASE_TP_090421', 0, 0, 'PUBLICKEY', null );
insert into Measurementcolumn ( MTABLEID, DATANAME, COLNUMBER, DATATYPE, DATASIZE, DATASCALE, UNIQUEVALUE, NULLABLE, INDEXES, DESCRIPTION, DATAID, RELEASEID, UNIQUEKEY, INCLUDESQL, COLTYPE, FOLLOWJOHN ) values ( 'DC_E_TEST:((202)):DC_E_TEST_INTERNALLINKGROUP_V:DAY', 'PERIOD_DURATION', 22, 'unsigned int', 0, 0, 10, 1, '', '', 'PERIOD_DURATION', 'BASE_TP_090421', 0, 1, 'PUBLICKEY', null );
insert into Measurementcolumn ( MTABLEID, DATANAME, COLNUMBER, DATATYPE, DATASIZE, DATASCALE, UNIQUEVALUE, NULLABLE, INDEXES, DESCRIPTION, DATAID, RELEASEID, UNIQUEKEY, INCLUDESQL, COLTYPE, FOLLOWJOHN ) values ( 'DC_E_TEST:((202)):DC_E_TEST_INTERNALLINKGROUP_V:DAY', 'ROWSTATUS', 23, 'varchar', 16, 0, 10, 1, '', '', 'ROWSTATUS', 'BASE_TP_090421', 0, 1, 'PUBLICKEY', null );
insert into Measurementcolumn ( MTABLEID, DATANAME, COLNUMBER, DATATYPE, DATASIZE, DATASCALE, UNIQUEVALUE, NULLABLE, INDEXES, DESCRIPTION, DATAID, RELEASEID, UNIQUEKEY, INCLUDESQL, COLTYPE, FOLLOWJOHN ) values ( 'DC_E_TEST:((202)):DC_E_TEST_INTERNALLINKGROUP_V:DAY', 'DC_RELEASE', 24, 'varchar', 16, 0, 2, 1, 'LF', '', 'DC_RELEASE', 'BASE_TP_090421', 1, 1, 'PUBLICKEY', null );
insert into Measurementcolumn ( MTABLEID, DATANAME, COLNUMBER, DATATYPE, DATASIZE, DATASCALE, UNIQUEVALUE, NULLABLE, INDEXES, DESCRIPTION, DATAID, RELEASEID, UNIQUEKEY, INCLUDESQL, COLTYPE, FOLLOWJOHN ) values ( 'DC_E_TEST:((202)):DC_E_TEST_INTERNALLINKGROUP_V:DAY', 'DC_SOURCE', 25, 'varchar', 16, 0, 2, 1, 'LF', '', 'DC_SOURCE', 'BASE_TP_090421', 0, 1, 'PUBLICKEY', null );
insert into Measurementcolumn ( MTABLEID, DATANAME, COLNUMBER, DATATYPE, DATASIZE, DATASCALE, UNIQUEVALUE, NULLABLE, INDEXES, DESCRIPTION, DATAID, RELEASEID, UNIQUEKEY, INCLUDESQL, COLTYPE, FOLLOWJOHN ) values ( 'DC_E_TEST:((202)):DC_E_TEST_INTERNALLINKGROUP_V:DAY', 'DC_TIMEZONE', 26, 'varchar', 16, 0, 2, 1, 'LF', '', 'DC_TIMEZONE', 'BASE_TP_090421', 0, 1, 'PUBLICKEY', null );
insert into Measurementcolumn ( MTABLEID, DATANAME, COLNUMBER, DATATYPE, DATASIZE, DATASCALE, UNIQUEVALUE, NULLABLE, INDEXES, DESCRIPTION, DATAID, RELEASEID, UNIQUEKEY, INCLUDESQL, COLTYPE, FOLLOWJOHN ) values ( 'DC_E_TEST:((202)):DC_E_TEST_INTERNALLINKGROUP_V:DAY', 'DC_SUSPECTFLAG', 27, 'int', 0, 0, 2, 1, 'LF', '', 'DC_SUSPECTFLAG', 'BASE_TP_090421', 0, 1, 'PUBLICKEY', null );
insert into Measurementcolumn ( MTABLEID, DATANAME, COLNUMBER, DATATYPE, DATASIZE, DATASCALE, UNIQUEVALUE, NULLABLE, INDEXES, DESCRIPTION, DATAID, RELEASEID, UNIQUEKEY, INCLUDESQL, COLTYPE, FOLLOWJOHN ) values ( 'DC_E_TEST:((202)):DC_E_TEST_INTERNALLINKGROUP_V:DAY', 'pmPeakBwLevel', 28, 'numeric', 18, 0, 255, 1, '', 'The counter shows the traffic load for each internal link group, consisting of a list of 8 numbers. The counter is not supported on some boards. If enabled on unsupported boards, this can lead to traffic loss. Refer to the description of the relevant board for details. PDF ranges: [0]: [0..74]%, [1]: [75..79]%, [2]: [80..84]%, [3]: [85..89]%, [4]: [90..93]%, [5]: [94..96]%, [6]: [97..99]%, [7]: [100]% Condition: Continuous measurement of load during the last measurement period. Counter is reset after measurement period: Yes Counter type: PDF Unit: (ranges 0 to 7): % of traffic load', 'pmPeakBwLevel', 'DC_E_TEST:((101))', 0, 1, 'COUNTER', null );
insert into Measurementtypeclass ( TYPECLASSID, VERSIONID, DESCRIPTION ) values ( 'DC_E_TEST:((202)):DC_E_TEST_ElemBH', 'DC_E_TEST:((202))', 'ElemBH' );
insert into Measurementtype ( TYPEID, TYPECLASSID, TYPENAME, VENDORID, FOLDERNAME, DESCRIPTION, STATUS, VERSIONID, OBJECTID, OBJECTNAME, OBJECTVERSION, OBJECTTYPE, JOINABLE, SIZING, TOTALAGG, ELEMENTBHSUPPORT, RANKINGTABLE, DELTACALCSUPPORT, PLAINTABLE, UNIVERSEEXTENSION, VECTORSUPPORT, DATAFORMATSUPPORT, FOLLOWJOHN, ONEMINAGG, FIFTEENMINAGG, EVENTSCALCTABLE, MIXEDPARTITIONSTABLE, LOADFILE_DUP_CHECK ) values ( 'DC_E_TEST:((202)):DC_E_TEST_ELEMBH', 'DC_E_TEST:((202)):DC_E_TEST_ElemBH', 'DC_E_TEST_ELEMBH', 'DC_E_TEST', 'DC_E_TEST_ELEMBH', 'Element BusyHour', null, 'DC_E_TEST:((202))', 'DC_E_TEST:((202)):DC_E_TEST_ELEMBH', 'DC_E_TEST_ELEMBH', null, null, '', 'extrasmall', 0, 1, 1, 0, 0, 'ALL', 0, 0, null, null, null, null, null, null );
insert into Measurementkey ( TYPEID, DATANAME, DESCRIPTION, ISELEMENT, UNIQUEKEY, COLNUMBER, DATATYPE, DATASIZE, DATASCALE, UNIQUEVALUE, NULLABLE, INDEXES, INCLUDESQL, UNIVOBJECT, JOINABLE, DATAID ) values ( 'DC_E_TEST:((202)):DC_E_TEST_ELEMBH', 'ELEMENT_NAME', 'Element Name', 0, 1, 3, 'varchar', 128, 0, 255, 0, 'HG', 1, 'Element Name', null, null );
insert into Measurementkey ( TYPEID, DATANAME, DESCRIPTION, ISELEMENT, UNIQUEKEY, COLNUMBER, DATATYPE, DATASIZE, DATASCALE, UNIQUEVALUE, NULLABLE, INDEXES, INCLUDESQL, UNIVOBJECT, JOINABLE, DATAID ) values ( 'DC_E_TEST:((202)):DC_E_TEST_ELEMBH', 'ELEMENT_TYPE', 'Element Type', 0, 1, 4, 'varchar', 50, 0, 255, 0, 'HG', 1, 'Element Type', null, null );
insert into Measurementkey ( TYPEID, DATANAME, DESCRIPTION, ISELEMENT, UNIQUEKEY, COLNUMBER, DATATYPE, DATASIZE, DATASCALE, UNIQUEVALUE, NULLABLE, INDEXES, INCLUDESQL, UNIVOBJECT, JOINABLE, DATAID ) values ( 'DC_E_TEST:((202)):DC_E_TEST_ELEMBH', 'OSS_ID', 'OSS Id', 0, 1, 1, 'varchar', 50, 0, 255, 0, 'HG', 1, 'OSS Id', null, null );
insert into Measurementkey ( TYPEID, DATANAME, DESCRIPTION, ISELEMENT, UNIQUEKEY, COLNUMBER, DATATYPE, DATASIZE, DATASCALE, UNIQUEVALUE, NULLABLE, INDEXES, INCLUDESQL, UNIVOBJECT, JOINABLE, DATAID ) values ( 'DC_E_TEST:((202)):DC_E_TEST_ELEMBH', 'TEST', 'Object parent ID', 1, 1, 2, 'varchar', 64, 0, 255, 0, 'HG', 1, 'TEST', null, null );
insert into Measurementtable ( MTABLEID, TABLELEVEL, TYPEID, BASETABLENAME, DEFAULT_TEMPLATE, PARTITIONPLAN ) values ( 'DC_E_TEST:((202)):DC_E_TEST_ELEMBH:RANKBH', 'RANKBH', 'DC_E_TEST:((202)):DC_E_TEST_ELEMBH', 'DC_E_TEST_ELEMBH_RANKBH', null, 'extrasmall_rankbh' );
insert into Measurementcolumn ( MTABLEID, DATANAME, COLNUMBER, DATATYPE, DATASIZE, DATASCALE, UNIQUEVALUE, NULLABLE, INDEXES, DESCRIPTION, DATAID, RELEASEID, UNIQUEKEY, INCLUDESQL, COLTYPE, FOLLOWJOHN ) values ( 'DC_E_TEST:((202)):DC_E_TEST_ELEMBH:RANKBH', 'OSS_ID', 1, 'varchar', 50, 0, 255, 0, 'HG', 'OSS Id', 'OSS_ID', 'DC_E_TEST:((101))', 1, 1, 'KEY', null );
insert into Measurementcolumn ( MTABLEID, DATANAME, COLNUMBER, DATATYPE, DATASIZE, DATASCALE, UNIQUEVALUE, NULLABLE, INDEXES, DESCRIPTION, DATAID, RELEASEID, UNIQUEKEY, INCLUDESQL, COLTYPE, FOLLOWJOHN ) values ( 'DC_E_TEST:((202)):DC_E_TEST_ELEMBH:RANKBH', 'TEST', 2, 'varchar', 64, 0, 255, 0, 'HG', 'Object parent ID', 'TEST', 'DC_E_TEST:((101))', 1, 1, 'KEY', null );
insert into Measurementcolumn ( MTABLEID, DATANAME, COLNUMBER, DATATYPE, DATASIZE, DATASCALE, UNIQUEVALUE, NULLABLE, INDEXES, DESCRIPTION, DATAID, RELEASEID, UNIQUEKEY, INCLUDESQL, COLTYPE, FOLLOWJOHN ) values ( 'DC_E_TEST:((202)):DC_E_TEST_ELEMBH:RANKBH', 'ELEMENT_NAME', 3, 'varchar', 128, 0, 255, 0, 'HG', 'Element Name', 'ELEMENT_NAME', 'DC_E_TEST:((101))', 1, 1, 'KEY', null );
insert into Measurementcolumn ( MTABLEID, DATANAME, COLNUMBER, DATATYPE, DATASIZE, DATASCALE, UNIQUEVALUE, NULLABLE, INDEXES, DESCRIPTION, DATAID, RELEASEID, UNIQUEKEY, INCLUDESQL, COLTYPE, FOLLOWJOHN ) values ( 'DC_E_TEST:((202)):DC_E_TEST_ELEMBH:RANKBH', 'ELEMENT_TYPE', 4, 'varchar', 50, 0, 255, 0, 'HG', 'Element Type', 'ELEMENT_TYPE', 'DC_E_TEST:((101))', 1, 1, 'KEY', null );
insert into Measurementcolumn ( MTABLEID, DATANAME, COLNUMBER, DATATYPE, DATASIZE, DATASCALE, UNIQUEVALUE, NULLABLE, INDEXES, DESCRIPTION, DATAID, RELEASEID, UNIQUEKEY, INCLUDESQL, COLTYPE, FOLLOWJOHN ) values ( 'DC_E_TEST:((202)):DC_E_TEST_ELEMBH:RANKBH', 'DATE_ID', 5, 'date', 0, 0, 255, 1, 'LF', '', 'DATE_ID', 'BASE_TP_090421', 1, 0, 'PUBLICKEY', null );
insert into Measurementcolumn ( MTABLEID, DATANAME, COLNUMBER, DATATYPE, DATASIZE, DATASCALE, UNIQUEVALUE, NULLABLE, INDEXES, DESCRIPTION, DATAID, RELEASEID, UNIQUEKEY, INCLUDESQL, COLTYPE, FOLLOWJOHN ) values ( 'DC_E_TEST:((202)):DC_E_TEST_ELEMBH:RANKBH', 'BHTYPE', 6, 'varchar', 50, 0, 20, 1, 'LF', '', 'BHTYPE', 'BASE_TP_090421', 1, 0, 'PUBLICKEY', null );
insert into Measurementcolumn ( MTABLEID, DATANAME, COLNUMBER, DATATYPE, DATASIZE, DATASCALE, UNIQUEVALUE, NULLABLE, INDEXES, DESCRIPTION, DATAID, RELEASEID, UNIQUEKEY, INCLUDESQL, COLTYPE, FOLLOWJOHN ) values ( 'DC_E_TEST:((202)):DC_E_TEST_ELEMBH:RANKBH', 'BHVALUE', 7, 'numeric', 18, 8, 255, 1, 'HNG', '', 'BHVALUE', 'BASE_TP_090421', 0, 0, 'PUBLICKEY', null );
insert into Measurementcolumn ( MTABLEID, DATANAME, COLNUMBER, DATATYPE, DATASIZE, DATASCALE, UNIQUEVALUE, NULLABLE, INDEXES, DESCRIPTION, DATAID, RELEASEID, UNIQUEKEY, INCLUDESQL, COLTYPE, FOLLOWJOHN ) values ( 'DC_E_TEST:((202)):DC_E_TEST_ELEMBH:RANKBH', 'BHCLASS', 8, 'tinyint', 0, 0, 10, 1, 'LF', '', 'BHCLASS', 'BASE_TP_090421', 0, 0, 'PUBLICKEY', null );
insert into Measurementcolumn ( MTABLEID, DATANAME, COLNUMBER, DATATYPE, DATASIZE, DATASCALE, UNIQUEVALUE, NULLABLE, INDEXES, DESCRIPTION, DATAID, RELEASEID, UNIQUEKEY, INCLUDESQL, COLTYPE, FOLLOWJOHN ) values ( 'DC_E_TEST:((202)):DC_E_TEST_ELEMBH:RANKBH', 'WEEKBH', 9, 'tinyint', 0, 0, 2, 1, 'LF', '', 'WEEKBH', 'BASE_TP_090421', 0, 0, 'PUBLICKEY', null );
insert into Measurementcolumn ( MTABLEID, DATANAME, COLNUMBER, DATATYPE, DATASIZE, DATASCALE, UNIQUEVALUE, NULLABLE, INDEXES, DESCRIPTION, DATAID, RELEASEID, UNIQUEKEY, INCLUDESQL, COLTYPE, FOLLOWJOHN ) values ( 'DC_E_TEST:((202)):DC_E_TEST_ELEMBH:RANKBH', 'MONTHBH', 10, 'tinyint', 0, 0, 2, 1, 'LF', '', 'MONTHBH', 'BASE_TP_090421', 0, 0, 'PUBLICKEY', null );
insert into Measurementcolumn ( MTABLEID, DATANAME, COLNUMBER, DATATYPE, DATASIZE, DATASCALE, UNIQUEVALUE, NULLABLE, INDEXES, DESCRIPTION, DATAID, RELEASEID, UNIQUEKEY, INCLUDESQL, COLTYPE, FOLLOWJOHN ) values ( 'DC_E_TEST:((202)):DC_E_TEST_ELEMBH:RANKBH', 'BUSYHOUR', 11, 'tinyint', 0, 0, 24, 1, 'LF', '', 'BUSYHOUR', 'BASE_TP_090421', 0, 0, 'PUBLICKEY', null );
insert into Measurementcolumn ( MTABLEID, DATANAME, COLNUMBER, DATATYPE, DATASIZE, DATASCALE, UNIQUEVALUE, NULLABLE, INDEXES, DESCRIPTION, DATAID, RELEASEID, UNIQUEKEY, INCLUDESQL, COLTYPE, FOLLOWJOHN ) values ( 'DC_E_TEST:((202)):DC_E_TEST_ELEMBH:RANKBH', 'DATACOVERAGE', 12, 'unsigned int', 0, 0, 255, 1, '', '', 'DATACOVERAGE', 'BASE_TP_090421', 0, 1, 'PUBLICKEY', null );
insert into Measurementcolumn ( MTABLEID, DATANAME, COLNUMBER, DATATYPE, DATASIZE, DATASCALE, UNIQUEVALUE, NULLABLE, INDEXES, DESCRIPTION, DATAID, RELEASEID, UNIQUEKEY, INCLUDESQL, COLTYPE, FOLLOWJOHN ) values ( 'DC_E_TEST:((202)):DC_E_TEST_ELEMBH:RANKBH', 'PERIOD_DURATION', 13, 'unsigned int', 0, 0, 10, 1, '', '', 'PERIOD_DURATION', 'BASE_TP_090421', 0, 1, 'PUBLICKEY', null );
insert into Measurementcolumn ( MTABLEID, DATANAME, COLNUMBER, DATATYPE, DATASIZE, DATASCALE, UNIQUEVALUE, NULLABLE, INDEXES, DESCRIPTION, DATAID, RELEASEID, UNIQUEKEY, INCLUDESQL, COLTYPE, FOLLOWJOHN ) values ( 'DC_E_TEST:((202)):DC_E_TEST_ELEMBH:RANKBH', 'TIMELEVEL', 14, 'varchar', 10, 0, 10, 1, 'LF', '', 'TIMELEVEL', 'BASE_TP_090421', 0, 0, 'PUBLICKEY', null );
insert into Measurementcolumn ( MTABLEID, DATANAME, COLNUMBER, DATATYPE, DATASIZE, DATASCALE, UNIQUEVALUE, NULLABLE, INDEXES, DESCRIPTION, DATAID, RELEASEID, UNIQUEKEY, INCLUDESQL, COLTYPE, FOLLOWJOHN ) values ( 'DC_E_TEST:((202)):DC_E_TEST_ELEMBH:RANKBH', 'SESSION_ID', 15, 'unsigned int', 0, 0, 255, 1, '', '', 'SESSION_ID', 'BASE_TP_090421', 0, 0, 'PUBLICKEY', null );
insert into Measurementcolumn ( MTABLEID, DATANAME, COLNUMBER, DATATYPE, DATASIZE, DATASCALE, UNIQUEVALUE, NULLABLE, INDEXES, DESCRIPTION, DATAID, RELEASEID, UNIQUEKEY, INCLUDESQL, COLTYPE, FOLLOWJOHN ) values ( 'DC_E_TEST:((202)):DC_E_TEST_ELEMBH:RANKBH', 'BATCH_ID', 16, 'smallint', 0, 0, 255, 1, '', '', 'BATCH_ID', 'BASE_TP_090421', 0, 0, 'PUBLICKEY', null );
insert into Measurementcolumn ( MTABLEID, DATANAME, COLNUMBER, DATATYPE, DATASIZE, DATASCALE, UNIQUEVALUE, NULLABLE, INDEXES, DESCRIPTION, DATAID, RELEASEID, UNIQUEKEY, INCLUDESQL, COLTYPE, FOLLOWJOHN ) values ( 'DC_E_TEST:((202)):DC_E_TEST_ELEMBH:RANKBH', 'ROWSTATUS', 17, 'varchar', 16, 0, 10, 1, '', '', 'ROWSTATUS', 'BASE_TP_090421', 0, 1, 'PUBLICKEY', null );
insert into Measurementcolumn ( MTABLEID, DATANAME, COLNUMBER, DATATYPE, DATASIZE, DATASCALE, UNIQUEVALUE, NULLABLE, INDEXES, DESCRIPTION, DATAID, RELEASEID, UNIQUEKEY, INCLUDESQL, COLTYPE, FOLLOWJOHN ) values ( 'DC_E_TEST:((202)):DC_E_TEST_ELEMBH:RANKBH', 'DC_RELEASE', 18, 'varchar', 16, 0, 2, 1, 'LF', '', 'DC_RELEASE', 'BASE_TP_090421', 0, 1, 'PUBLICKEY', null );
insert into Measurementcolumn ( MTABLEID, DATANAME, COLNUMBER, DATATYPE, DATASIZE, DATASCALE, UNIQUEVALUE, NULLABLE, INDEXES, DESCRIPTION, DATAID, RELEASEID, UNIQUEKEY, INCLUDESQL, COLTYPE, FOLLOWJOHN ) values ( 'DC_E_TEST:((202)):DC_E_TEST_ELEMBH:RANKBH', 'DC_SOURCE', 19, 'varchar', 16, 0, 2, 1, 'LF', '', 'DC_SOURCE', 'BASE_TP_090421', 0, 1, 'PUBLICKEY', null );
insert into Measurementcolumn ( MTABLEID, DATANAME, COLNUMBER, DATATYPE, DATASIZE, DATASCALE, UNIQUEVALUE, NULLABLE, INDEXES, DESCRIPTION, DATAID, RELEASEID, UNIQUEKEY, INCLUDESQL, COLTYPE, FOLLOWJOHN ) values ( 'DC_E_TEST:((202)):DC_E_TEST_ELEMBH:RANKBH', 'DC_TIMEZONE', 20, 'varchar', 16, 0, 2, 1, 'LF', '', 'DC_TIMEZONE', 'BASE_TP_090421', 0, 1, 'PUBLICKEY', null );
insert into Measurementcolumn ( MTABLEID, DATANAME, COLNUMBER, DATATYPE, DATASIZE, DATASCALE, UNIQUEVALUE, NULLABLE, INDEXES, DESCRIPTION, DATAID, RELEASEID, UNIQUEKEY, INCLUDESQL, COLTYPE, FOLLOWJOHN ) values ( 'DC_E_TEST:((202)):DC_E_TEST_ELEMBH:RANKBH', 'DC_SUSPECTFLAG', 21, 'int', 0, 0, 2, 1, 'LF', '', 'DC_SUSPECTFLAG', 'BASE_TP_090421', 0, 1, 'PUBLICKEY', null );
insert into Measurementcolumn ( MTABLEID, DATANAME, COLNUMBER, DATATYPE, DATASIZE, DATASCALE, UNIQUEVALUE, NULLABLE, INDEXES, DESCRIPTION, DATAID, RELEASEID, UNIQUEKEY, INCLUDESQL, COLTYPE, FOLLOWJOHN ) values ( 'DC_E_TEST:((202)):DC_E_TEST_ELEMBH:RANKBH', 'BH_ID', 22, 'unsigned int', 0, 0, 255, 1, 'LF', '', 'BH_ID', 'BASE_TP_20101117', 0, 0, 'PUBLICKEY', null );
insert into Measurementcolumn ( MTABLEID, DATANAME, COLNUMBER, DATATYPE, DATASIZE, DATASCALE, UNIQUEVALUE, NULLABLE, INDEXES, DESCRIPTION, DATAID, RELEASEID, UNIQUEKEY, INCLUDESQL, COLTYPE, FOLLOWJOHN ) values ( 'DC_E_TEST:((202)):DC_E_TEST_ELEMBH:RANKBH', 'WINDOWSIZE', 23, 'unsigned int', 0, 0, 255, 1, '', '', 'WINDOWSIZE', 'BASE_TP_20101117', 0, 0, 'PUBLICKEY', null );
insert into Measurementcolumn ( MTABLEID, DATANAME, COLNUMBER, DATATYPE, DATASIZE, DATASCALE, UNIQUEVALUE, NULLABLE, INDEXES, DESCRIPTION, DATAID, RELEASEID, UNIQUEKEY, INCLUDESQL, COLTYPE, FOLLOWJOHN ) values ( 'DC_E_TEST:((202)):DC_E_TEST_ELEMBH:RANKBH', 'OFFSET', 24, 'unsigned int', 0, 0, 255, 1, '', '', 'OFFSET', 'BASE_TP_20101117', 0, 0, 'PUBLICKEY', null );
insert into Measurementcolumn ( MTABLEID, DATANAME, COLNUMBER, DATATYPE, DATASIZE, DATASCALE, UNIQUEVALUE, NULLABLE, INDEXES, DESCRIPTION, DATAID, RELEASEID, UNIQUEKEY, INCLUDESQL, COLTYPE, FOLLOWJOHN ) values ( 'DC_E_TEST:((202)):DC_E_TEST_ELEMBH:RANKBH', 'BHOBJECT', 25, 'varchar', 30, 0, 2, 1, 'LF', '', 'BHOBJECT', 'BASE_TP_20101117', 0, 0, 'PUBLICKEY', null );
insert into Measurementtypeclass ( TYPECLASSID, VERSIONID, DESCRIPTION ) values ( 'DC_E_TEST:((202)):DC_E_TEST_MsProcessing', 'DC_E_TEST:((202))', 'MsProcessing' );
insert into Measurementtypeclass ( TYPECLASSID, VERSIONID, DESCRIPTION ) values ( 'DC_E_TEST:((202)):DC_E_TEST_AtmportBh', 'DC_E_TEST:((202))', 'AtmportBh' );
insert into Measurementtypeclass ( TYPECLASSID, VERSIONID, DESCRIPTION ) values ( 'DC_E_TEST:((202)):DC_E_TEST_Interactive_Messa', 'DC_E_TEST:((202))', 'Interactive Messaging' );
insert into Measurementtypeclass ( TYPECLASSID, VERSIONID, DESCRIPTION ) values ( 'DC_E_TEST:((202)):DC_E_TEST_Bgf', 'DC_E_TEST:((202))', 'Bgf' );
insert into Measurementtypeclass ( TYPECLASSID, VERSIONID, DESCRIPTION ) values ( 'DC_E_TEST:((202)):DC_E_TEST_VppUnit', 'DC_E_TEST:((202))', 'VppUnit' );
insert into Busyhour ( VERSIONID, BHLEVEL, BHTYPE, BHCRITERIA, WHERECLAUSE, DESCRIPTION, TARGETVERSIONID, BHOBJECT, BHELEMENT, ENABLE, AGGREGATIONTYPE, OFFSET, WINDOWSIZE, LOOKBACK, P_THRESHOLD, N_THRESHOLD, CLAUSE, PLACEHOLDERTYPE, GROUPING, REACTIVATEVIEWS ) values ( 'DC_E_TEST:((202))', 'DC_E_TEST_ELEMBH', 'CP0', '', '', '', 'DC_E_TEST:((202))', 'ELEM', 1, 0, 'RANKBH_TIMELIMITED', 0, 60, 0, 0, 0, '', 'CP', 'None', 0 );
insert into Busyhour ( VERSIONID, BHLEVEL, BHTYPE, BHCRITERIA, WHERECLAUSE, DESCRIPTION, TARGETVERSIONID, BHOBJECT, BHELEMENT, ENABLE, AGGREGATIONTYPE, OFFSET, WINDOWSIZE, LOOKBACK, P_THRESHOLD, N_THRESHOLD, CLAUSE, PLACEHOLDERTYPE, GROUPING, REACTIVATEVIEWS ) values ( 'DC_E_TEST:((202))', 'DC_E_TEST_ELEMBH', 'CP1', '', '', '', 'DC_E_TEST:((202))', 'ELEM', 1, 0, 'RANKBH_TIMELIMITED', 0, 60, 0, 0, 0, '', 'CP', 'None', 0 );
insert into Busyhour ( VERSIONID, BHLEVEL, BHTYPE, BHCRITERIA, WHERECLAUSE, DESCRIPTION, TARGETVERSIONID, BHOBJECT, BHELEMENT, ENABLE, AGGREGATIONTYPE, OFFSET, WINDOWSIZE, LOOKBACK, P_THRESHOLD, N_THRESHOLD, CLAUSE, PLACEHOLDERTYPE, GROUPING, REACTIVATEVIEWS ) values ( 'DC_E_TEST:((202))', 'DC_E_TEST_ELEMBH', 'CP2', '', '', '', 'DC_E_TEST:((202))', 'ELEM', 1, 0, 'RANKBH_TIMELIMITED', 0, 60, 0, 0, 0, '', 'CP', 'None', 0 );
insert into Busyhour ( VERSIONID, BHLEVEL, BHTYPE, BHCRITERIA, WHERECLAUSE, DESCRIPTION, TARGETVERSIONID, BHOBJECT, BHELEMENT, ENABLE, AGGREGATIONTYPE, OFFSET, WINDOWSIZE, LOOKBACK, P_THRESHOLD, N_THRESHOLD, CLAUSE, PLACEHOLDERTYPE, GROUPING, REACTIVATEVIEWS ) values ( 'DC_E_TEST:((202))', 'DC_E_TEST_ELEMBH', 'CP3', '', '', '', 'DC_E_TEST:((202))', 'ELEM', 1, 0, 'RANKBH_TIMELIMITED', 0, 60, 0, 0, 0, '', 'CP', 'None', 0 );
insert into Busyhour ( VERSIONID, BHLEVEL, BHTYPE, BHCRITERIA, WHERECLAUSE, DESCRIPTION, TARGETVERSIONID, BHOBJECT, BHELEMENT, ENABLE, AGGREGATIONTYPE, OFFSET, WINDOWSIZE, LOOKBACK, P_THRESHOLD, N_THRESHOLD, CLAUSE, PLACEHOLDERTYPE, GROUPING, REACTIVATEVIEWS ) values ( 'DC_E_TEST:((202))', 'DC_E_TEST_ELEMBH', 'CP4', '', '', '', 'DC_E_TEST:((202))', 'ELEM', 1, 0, 'RANKBH_TIMELIMITED', 0, 60, 0, 0, 0, '', 'CP', 'None', 0 );
insert into Busyhour ( VERSIONID, BHLEVEL, BHTYPE, BHCRITERIA, WHERECLAUSE, DESCRIPTION, TARGETVERSIONID, BHOBJECT, BHELEMENT, ENABLE, AGGREGATIONTYPE, OFFSET, WINDOWSIZE, LOOKBACK, P_THRESHOLD, N_THRESHOLD, CLAUSE, PLACEHOLDERTYPE, GROUPING, REACTIVATEVIEWS ) values ( 'DC_E_TEST:((202))', 'DC_E_TEST_ELEMBH', 'PP0', '', '', '', 'DC_E_TEST:((202))', 'ELEM', 1, 0, 'RANKBH_TIMELIMITED', 0, 60, 0, 0, 0, '', 'PP', 'None', 0 );
insert into Busyhour ( VERSIONID, BHLEVEL, BHTYPE, BHCRITERIA, WHERECLAUSE, DESCRIPTION, TARGETVERSIONID, BHOBJECT, BHELEMENT, ENABLE, AGGREGATIONTYPE, OFFSET, WINDOWSIZE, LOOKBACK, P_THRESHOLD, N_THRESHOLD, CLAUSE, PLACEHOLDERTYPE, GROUPING, REACTIVATEVIEWS ) values ( 'DC_E_TEST:((202))', 'DC_E_TEST_ELEMBH', 'PP1', '', '', '', 'DC_E_TEST:((202))', 'ELEM', 1, 0, 'RANKBH_TIMELIMITED', 0, 60, 0, 0, 0, '', 'PP', 'None', 0 );
insert into Busyhour ( VERSIONID, BHLEVEL, BHTYPE, BHCRITERIA, WHERECLAUSE, DESCRIPTION, TARGETVERSIONID, BHOBJECT, BHELEMENT, ENABLE, AGGREGATIONTYPE, OFFSET, WINDOWSIZE, LOOKBACK, P_THRESHOLD, N_THRESHOLD, CLAUSE, PLACEHOLDERTYPE, GROUPING, REACTIVATEVIEWS ) values ( 'DC_E_TEST:((202))', 'DC_E_TEST_ELEMBH', 'PP2', '', '', '', 'DC_E_TEST:((202))', 'ELEM', 1, 0, 'RANKBH_TIMELIMITED', 0, 60, 0, 0, 0, '', 'PP', 'None', 0 );
insert into Busyhour ( VERSIONID, BHLEVEL, BHTYPE, BHCRITERIA, WHERECLAUSE, DESCRIPTION, TARGETVERSIONID, BHOBJECT, BHELEMENT, ENABLE, AGGREGATIONTYPE, OFFSET, WINDOWSIZE, LOOKBACK, P_THRESHOLD, N_THRESHOLD, CLAUSE, PLACEHOLDERTYPE, GROUPING, REACTIVATEVIEWS ) values ( 'DC_E_TEST:((202))', 'DC_E_TEST_ELEMBH', 'PP3', '', '', '', 'DC_E_TEST:((202))', 'ELEM', 1, 0, 'RANKBH_TIMELIMITED', 0, 60, 0, 0, 0, '', 'PP', 'None', 0 );
insert into Busyhour ( VERSIONID, BHLEVEL, BHTYPE, BHCRITERIA, WHERECLAUSE, DESCRIPTION, TARGETVERSIONID, BHOBJECT, BHELEMENT, ENABLE, AGGREGATIONTYPE, OFFSET, WINDOWSIZE, LOOKBACK, P_THRESHOLD, N_THRESHOLD, CLAUSE, PLACEHOLDERTYPE, GROUPING, REACTIVATEVIEWS ) values ( 'DC_E_TEST:((202))', 'DC_E_TEST_ELEMBH', 'PP4', '', '', '', 'DC_E_TEST:((202))', 'ELEM', 1, 0, 'RANKBH_TIMELIMITED', 0, 60, 0, 0, 0, '', 'PP', 'None', 0 );
insert into Busyhour ( VERSIONID, BHLEVEL, BHTYPE, BHCRITERIA, WHERECLAUSE, DESCRIPTION, TARGETVERSIONID, BHOBJECT, BHELEMENT, ENABLE, AGGREGATIONTYPE, OFFSET, WINDOWSIZE, LOOKBACK, P_THRESHOLD, N_THRESHOLD, CLAUSE, PLACEHOLDERTYPE, GROUPING, REACTIVATEVIEWS ) values ( 'DC_E_TEST:((202))', 'DC_E_TEST_VCLTPBH', 'CP0', '', '', '', 'DC_E_TEST:((202))', 'VCLTP', 0, 0, 'RANKBH_TIMELIMITED', 0, 60, 0, 0, 0, '', 'CP', 'None', 0 );
insert into Busyhour ( VERSIONID, BHLEVEL, BHTYPE, BHCRITERIA, WHERECLAUSE, DESCRIPTION, TARGETVERSIONID, BHOBJECT, BHELEMENT, ENABLE, AGGREGATIONTYPE, OFFSET, WINDOWSIZE, LOOKBACK, P_THRESHOLD, N_THRESHOLD, CLAUSE, PLACEHOLDERTYPE, GROUPING, REACTIVATEVIEWS ) values ( 'DC_E_TEST:((202))', 'DC_E_TEST_VCLTPBH', 'CP1', '', '', '', 'DC_E_TEST:((202))', 'VCLTP', 0, 0, 'RANKBH_TIMELIMITED', 0, 60, 0, 0, 0, '', 'CP', 'None', 0 );
insert into Busyhour ( VERSIONID, BHLEVEL, BHTYPE, BHCRITERIA, WHERECLAUSE, DESCRIPTION, TARGETVERSIONID, BHOBJECT, BHELEMENT, ENABLE, AGGREGATIONTYPE, OFFSET, WINDOWSIZE, LOOKBACK, P_THRESHOLD, N_THRESHOLD, CLAUSE, PLACEHOLDERTYPE, GROUPING, REACTIVATEVIEWS ) values ( 'DC_E_TEST:((202))', 'DC_E_TEST_VCLTPBH', 'CP2', '', '', '', 'DC_E_TEST:((202))', 'VCLTP', 0, 0, 'RANKBH_TIMELIMITED', 0, 60, 0, 0, 0, '', 'CP', 'None', 0 );
insert into Busyhour ( VERSIONID, BHLEVEL, BHTYPE, BHCRITERIA, WHERECLAUSE, DESCRIPTION, TARGETVERSIONID, BHOBJECT, BHELEMENT, ENABLE, AGGREGATIONTYPE, OFFSET, WINDOWSIZE, LOOKBACK, P_THRESHOLD, N_THRESHOLD, CLAUSE, PLACEHOLDERTYPE, GROUPING, REACTIVATEVIEWS ) values ( 'DC_E_TEST:((202))', 'DC_E_TEST_VCLTPBH', 'CP3', '', '', '', 'DC_E_TEST:((202))', 'VCLTP', 0, 0, 'RANKBH_TIMELIMITED', 0, 60, 0, 0, 0, '', 'CP', 'None', 0 );
insert into Busyhour ( VERSIONID, BHLEVEL, BHTYPE, BHCRITERIA, WHERECLAUSE, DESCRIPTION, TARGETVERSIONID, BHOBJECT, BHELEMENT, ENABLE, AGGREGATIONTYPE, OFFSET, WINDOWSIZE, LOOKBACK, P_THRESHOLD, N_THRESHOLD, CLAUSE, PLACEHOLDERTYPE, GROUPING, REACTIVATEVIEWS ) values ( 'DC_E_TEST:((202))', 'DC_E_TEST_VCLTPBH', 'CP4', '', '', '', 'DC_E_TEST:((202))', 'VCLTP', 0, 0, 'RANKBH_TIMELIMITED', 0, 60, 0, 0, 0, '', 'CP', 'None', 0 );
insert into Busyhour ( VERSIONID, BHLEVEL, BHTYPE, BHCRITERIA, WHERECLAUSE, DESCRIPTION, TARGETVERSIONID, BHOBJECT, BHELEMENT, ENABLE, AGGREGATIONTYPE, OFFSET, WINDOWSIZE, LOOKBACK, P_THRESHOLD, N_THRESHOLD, CLAUSE, PLACEHOLDERTYPE, GROUPING, REACTIVATEVIEWS ) values ( 'DC_E_TEST:((202))', 'DC_E_TEST_VCLTPBH', 'PP0', 'cast((sum(ifnull(pmReceivedAtmCells,0,pmReceivedAtmCells)) + sum(ifnull(pmTransmittedAtmCells,0,pmTransmittedAtmCells))) as numeric(18,8))', 'ROWSTATUS NOT IN (''SUSPECTED'') ', 'VclTp RxTx maximum hour.', 'DC_E_TEST:((202))', 'VCLTP', 0, 1, 'RANKBH_TIMELIMITED', 0, 60, 0, 0, 0, '', 'PP', 'None', 0 );
insert into Busyhour ( VERSIONID, BHLEVEL, BHTYPE, BHCRITERIA, WHERECLAUSE, DESCRIPTION, TARGETVERSIONID, BHOBJECT, BHELEMENT, ENABLE, AGGREGATIONTYPE, OFFSET, WINDOWSIZE, LOOKBACK, P_THRESHOLD, N_THRESHOLD, CLAUSE, PLACEHOLDERTYPE, GROUPING, REACTIVATEVIEWS ) values ( 'DC_E_TEST:((202))', 'DC_E_TEST_VCLTPBH', 'PP1', 'cast((sum(ifnull(pmReceivedAtmCells,0,pmReceivedAtmCells))) as numeric(18,8))', 'ROWSTATUS NOT IN (''SUSPECTED'') ', 'VclTp Rx maximum hour.', 'DC_E_TEST:((202))', 'VCLTP', 0, 1, 'RANKBH_TIMELIMITED', 0, 60, 0, 0, 0, '', 'PP', 'None', 0 );
insert into Busyhour ( VERSIONID, BHLEVEL, BHTYPE, BHCRITERIA, WHERECLAUSE, DESCRIPTION, TARGETVERSIONID, BHOBJECT, BHELEMENT, ENABLE, AGGREGATIONTYPE, OFFSET, WINDOWSIZE, LOOKBACK, P_THRESHOLD, N_THRESHOLD, CLAUSE, PLACEHOLDERTYPE, GROUPING, REACTIVATEVIEWS ) values ( 'DC_E_TEST:((202))', 'DC_E_TEST_VCLTPBH', 'PP2', 'cast((sum(ifnull(pmTransmittedAtmCells,0,pmTransmittedAtmCells))) as numeric(18,8))', 'ROWSTATUS NOT IN (''SUSPECTED'') ', 'VclTp Tx maximum hour.', 'DC_E_TEST:((202))', 'VCLTP', 0, 1, 'RANKBH_TIMELIMITED', 0, 60, 0, 0, 0, '', 'PP', 'None', 0 );
insert into Busyhour ( VERSIONID, BHLEVEL, BHTYPE, BHCRITERIA, WHERECLAUSE, DESCRIPTION, TARGETVERSIONID, BHOBJECT, BHELEMENT, ENABLE, AGGREGATIONTYPE, OFFSET, WINDOWSIZE, LOOKBACK, P_THRESHOLD, N_THRESHOLD, CLAUSE, PLACEHOLDERTYPE, GROUPING, REACTIVATEVIEWS ) values ( 'DC_E_TEST:((202))', 'DC_E_TEST_VCLTPBH', 'PP3', '', '', '', 'DC_E_TEST:((202))', 'VCLTP', 0, 0, 'RANKBH_TIMELIMITED', 0, 60, 0, 0, 0, '', 'PP', 'None', 0 );
insert into Busyhour ( VERSIONID, BHLEVEL, BHTYPE, BHCRITERIA, WHERECLAUSE, DESCRIPTION, TARGETVERSIONID, BHOBJECT, BHELEMENT, ENABLE, AGGREGATIONTYPE, OFFSET, WINDOWSIZE, LOOKBACK, P_THRESHOLD, N_THRESHOLD, CLAUSE, PLACEHOLDERTYPE, GROUPING, REACTIVATEVIEWS ) values ( 'DC_E_TEST:((202))', 'DC_E_TEST_VCLTPBH', 'PP4', '', '', '', 'DC_E_TEST:((202))', 'VCLTP', 0, 0, 'RANKBH_TIMELIMITED', 0, 60, 0, 0, 0, '', 'PP', 'None', 0 );
insert into Busyhourrankkeys ( VERSIONID, BHLEVEL, BHTYPE, KEYNAME, KEYVALUE, ORDERNBR, TARGETVERSIONID, BHOBJECT ) values ( 'DC_E_TEST:((202))', 'DC_E_TEST_VCLTPBH', 'PP0', 'OSS_ID', 'OSS_ID', 0, 'DC_E_TEST:((202))', 'VCLTP' );
insert into Busyhourrankkeys ( VERSIONID, BHLEVEL, BHTYPE, KEYNAME, KEYVALUE, ORDERNBR, TARGETVERSIONID, BHOBJECT ) values ( 'DC_E_TEST:((202))', 'DC_E_TEST_VCLTPBH', 'PP0', 'TEST', 'TEST', 1, 'DC_E_TEST:((202))', 'VCLTP' );
insert into Busyhourrankkeys ( VERSIONID, BHLEVEL, BHTYPE, KEYNAME, KEYVALUE, ORDERNBR, TARGETVERSIONID, BHOBJECT ) values ( 'DC_E_TEST:((202))', 'DC_E_TEST_VCLTPBH', 'PP0', 'TRANSPORTNETWORK', 'TRANSPORTNETWORK', 2, 'DC_E_TEST:((202))', 'VCLTP' );
insert into Busyhourrankkeys ( VERSIONID, BHLEVEL, BHTYPE, KEYNAME, KEYVALUE, ORDERNBR, TARGETVERSIONID, BHOBJECT ) values ( 'DC_E_TEST:((202))', 'DC_E_TEST_VCLTPBH', 'PP0', 'ATMPORT', 'ATMPORT', 3, 'DC_E_TEST:((202))', 'VCLTP' );
insert into Busyhourrankkeys ( VERSIONID, BHLEVEL, BHTYPE, KEYNAME, KEYVALUE, ORDERNBR, TARGETVERSIONID, BHOBJECT ) values ( 'DC_E_TEST:((202))', 'DC_E_TEST_VCLTPBH', 'PP0', 'VPLTP', 'VPLTP', 4, 'DC_E_TEST:((202))', 'VCLTP' );
insert into Busyhourrankkeys ( VERSIONID, BHLEVEL, BHTYPE, KEYNAME, KEYVALUE, ORDERNBR, TARGETVERSIONID, BHOBJECT ) values ( 'DC_E_TEST:((202))', 'DC_E_TEST_VCLTPBH', 'PP0', 'VPCTP', 'VPCTP', 5, 'DC_E_TEST:((202))', 'VCLTP' );
insert into Busyhourrankkeys ( VERSIONID, BHLEVEL, BHTYPE, KEYNAME, KEYVALUE, ORDERNBR, TARGETVERSIONID, BHOBJECT ) values ( 'DC_E_TEST:((202))', 'DC_E_TEST_VCLTPBH', 'PP0', 'VCLTP', 'VCLTP', 6, 'DC_E_TEST:((202))', 'VCLTP' );
insert into Busyhourrankkeys ( VERSIONID, BHLEVEL, BHTYPE, KEYNAME, KEYVALUE, ORDERNBR, TARGETVERSIONID, BHOBJECT ) values ( 'DC_E_TEST:((202))', 'DC_E_TEST_VCLTPBH', 'PP1', 'OSS_ID', 'OSS_ID', 0, 'DC_E_TEST:((202))', 'VCLTP' );
insert into Busyhourrankkeys ( VERSIONID, BHLEVEL, BHTYPE, KEYNAME, KEYVALUE, ORDERNBR, TARGETVERSIONID, BHOBJECT ) values ( 'DC_E_TEST:((202))', 'DC_E_TEST_VCLTPBH', 'PP1', 'TEST', 'TEST', 1, 'DC_E_TEST:((202))', 'VCLTP' );
insert into Busyhourrankkeys ( VERSIONID, BHLEVEL, BHTYPE, KEYNAME, KEYVALUE, ORDERNBR, TARGETVERSIONID, BHOBJECT ) values ( 'DC_E_TEST:((202))', 'DC_E_TEST_VCLTPBH', 'PP1', 'TRANSPORTNETWORK', 'TRANSPORTNETWORK', 2, 'DC_E_TEST:((202))', 'VCLTP' );
insert into Busyhourrankkeys ( VERSIONID, BHLEVEL, BHTYPE, KEYNAME, KEYVALUE, ORDERNBR, TARGETVERSIONID, BHOBJECT ) values ( 'DC_E_TEST:((202))', 'DC_E_TEST_VCLTPBH', 'PP1', 'ATMPORT', 'ATMPORT', 3, 'DC_E_TEST:((202))', 'VCLTP' );
insert into Busyhourrankkeys ( VERSIONID, BHLEVEL, BHTYPE, KEYNAME, KEYVALUE, ORDERNBR, TARGETVERSIONID, BHOBJECT ) values ( 'DC_E_TEST:((202))', 'DC_E_TEST_VCLTPBH', 'PP1', 'VPLTP', 'VPLTP', 4, 'DC_E_TEST:((202))', 'VCLTP' );
insert into Busyhourrankkeys ( VERSIONID, BHLEVEL, BHTYPE, KEYNAME, KEYVALUE, ORDERNBR, TARGETVERSIONID, BHOBJECT ) values ( 'DC_E_TEST:((202))', 'DC_E_TEST_VCLTPBH', 'PP1', 'VPCTP', 'VPCTP', 5, 'DC_E_TEST:((202))', 'VCLTP' );
insert into Busyhourrankkeys ( VERSIONID, BHLEVEL, BHTYPE, KEYNAME, KEYVALUE, ORDERNBR, TARGETVERSIONID, BHOBJECT ) values ( 'DC_E_TEST:((202))', 'DC_E_TEST_VCLTPBH', 'PP1', 'VCLTP', 'VCLTP', 6, 'DC_E_TEST:((202))', 'VCLTP' );
insert into Busyhourrankkeys ( VERSIONID, BHLEVEL, BHTYPE, KEYNAME, KEYVALUE, ORDERNBR, TARGETVERSIONID, BHOBJECT ) values ( 'DC_E_TEST:((202))', 'DC_E_TEST_VCLTPBH', 'PP2', 'OSS_ID', 'OSS_ID', 0, 'DC_E_TEST:((202))', 'VCLTP' );
insert into Busyhourrankkeys ( VERSIONID, BHLEVEL, BHTYPE, KEYNAME, KEYVALUE, ORDERNBR, TARGETVERSIONID, BHOBJECT ) values ( 'DC_E_TEST:((202))', 'DC_E_TEST_VCLTPBH', 'PP2', 'TEST', 'TEST', 1, 'DC_E_TEST:((202))', 'VCLTP' );
insert into Busyhourrankkeys ( VERSIONID, BHLEVEL, BHTYPE, KEYNAME, KEYVALUE, ORDERNBR, TARGETVERSIONID, BHOBJECT ) values ( 'DC_E_TEST:((202))', 'DC_E_TEST_VCLTPBH', 'PP2', 'TRANSPORTNETWORK', 'TRANSPORTNETWORK', 2, 'DC_E_TEST:((202))', 'VCLTP' );
insert into Busyhourrankkeys ( VERSIONID, BHLEVEL, BHTYPE, KEYNAME, KEYVALUE, ORDERNBR, TARGETVERSIONID, BHOBJECT ) values ( 'DC_E_TEST:((202))', 'DC_E_TEST_VCLTPBH', 'PP2', 'ATMPORT', 'ATMPORT', 3, 'DC_E_TEST:((202))', 'VCLTP' );
insert into Busyhourrankkeys ( VERSIONID, BHLEVEL, BHTYPE, KEYNAME, KEYVALUE, ORDERNBR, TARGETVERSIONID, BHOBJECT ) values ( 'DC_E_TEST:((202))', 'DC_E_TEST_VCLTPBH', 'PP2', 'VPLTP', 'VPLTP', 4, 'DC_E_TEST:((202))', 'VCLTP' );
insert into Busyhourrankkeys ( VERSIONID, BHLEVEL, BHTYPE, KEYNAME, KEYVALUE, ORDERNBR, TARGETVERSIONID, BHOBJECT ) values ( 'DC_E_TEST:((202))', 'DC_E_TEST_VCLTPBH', 'PP2', 'VPCTP', 'VPCTP', 5, 'DC_E_TEST:((202))', 'VCLTP' );
insert into Busyhourrankkeys ( VERSIONID, BHLEVEL, BHTYPE, KEYNAME, KEYVALUE, ORDERNBR, TARGETVERSIONID, BHOBJECT ) values ( 'DC_E_TEST:((202))', 'DC_E_TEST_VCLTPBH', 'PP2', 'VCLTP', 'VCLTP', 6, 'DC_E_TEST:((202))', 'VCLTP' );
insert into Busyhoursource ( VERSIONID, BHLEVEL, BHTYPE, TYPENAME, TARGETVERSIONID, BHOBJECT ) values ( 'DC_E_TEST:((202))', 'DC_E_TEST_VCLTPBH', 'PP0', 'DC_E_TEST_VCLTP_COUNT', 'DC_E_TEST:((202))', 'VCLTP' );
insert into Busyhoursource ( VERSIONID, BHLEVEL, BHTYPE, TYPENAME, TARGETVERSIONID, BHOBJECT ) values ( 'DC_E_TEST:((202))', 'DC_E_TEST_VCLTPBH', 'PP1', 'DC_E_TEST_VCLTP_COUNT', 'DC_E_TEST:((202))', 'VCLTP' );
insert into Busyhoursource ( VERSIONID, BHLEVEL, BHTYPE, TYPENAME, TARGETVERSIONID, BHOBJECT ) values ( 'DC_E_TEST:((202))', 'DC_E_TEST_VCLTPBH', 'PP2', 'DC_E_TEST_VCLTP_COUNT', 'DC_E_TEST:((202))', 'VCLTP' );
insert into Busyhourmapping ( VERSIONID, BHLEVEL, BHTYPE, TARGETVERSIONID, BHOBJECT, TYPEID, BHTARGETTYPE, BHTARGETLEVEL, ENABLE ) values ( 'DC_E_TEST:((202))', 'DC_E_TEST_VCLTPBH', 'CP0', 'DC_E_TEST:((202))', 'VCLTP', 'DC_E_TEST:((202)):DC_E_TEST_VCLTP', 'DC_E_TEST_VCLTP', 'VCLTP_CP0', 1 );
insert into Busyhourmapping ( VERSIONID, BHLEVEL, BHTYPE, TARGETVERSIONID, BHOBJECT, TYPEID, BHTARGETTYPE, BHTARGETLEVEL, ENABLE ) values ( 'DC_E_TEST:((202))', 'DC_E_TEST_VCLTPBH', 'CP0', 'DC_E_TEST:((202))', 'VCLTP', 'DC_E_TEST:((202)):DC_E_TEST_VCLTP_V', 'DC_E_TEST_VCLTP_V', 'VCLTP_CP0', 1 );
insert into Busyhourmapping ( VERSIONID, BHLEVEL, BHTYPE, TARGETVERSIONID, BHOBJECT, TYPEID, BHTARGETTYPE, BHTARGETLEVEL, ENABLE ) values ( 'DC_E_TEST:((202))', 'DC_E_TEST_VCLTPBH', 'CP1', 'DC_E_TEST:((202))', 'VCLTP', 'DC_E_TEST:((202)):DC_E_TEST_VCLTP', 'DC_E_TEST_VCLTP', 'VCLTP_CP1', 1 );
insert into Busyhourmapping ( VERSIONID, BHLEVEL, BHTYPE, TARGETVERSIONID, BHOBJECT, TYPEID, BHTARGETTYPE, BHTARGETLEVEL, ENABLE ) values ( 'DC_E_TEST:((202))', 'DC_E_TEST_VCLTPBH', 'CP1', 'DC_E_TEST:((202))', 'VCLTP', 'DC_E_TEST:((202)):DC_E_TEST_VCLTP_V', 'DC_E_TEST_VCLTP_V', 'VCLTP_CP1', 1 );
insert into Busyhourmapping ( VERSIONID, BHLEVEL, BHTYPE, TARGETVERSIONID, BHOBJECT, TYPEID, BHTARGETTYPE, BHTARGETLEVEL, ENABLE ) values ( 'DC_E_TEST:((202))', 'DC_E_TEST_VCLTPBH', 'CP2', 'DC_E_TEST:((202))', 'VCLTP', 'DC_E_TEST:((202)):DC_E_TEST_VCLTP', 'DC_E_TEST_VCLTP', 'VCLTP_CP2', 1 );
insert into Busyhourmapping ( VERSIONID, BHLEVEL, BHTYPE, TARGETVERSIONID, BHOBJECT, TYPEID, BHTARGETTYPE, BHTARGETLEVEL, ENABLE ) values ( 'DC_E_TEST:((202))', 'DC_E_TEST_VCLTPBH', 'CP2', 'DC_E_TEST:((202))', 'VCLTP', 'DC_E_TEST:((202)):DC_E_TEST_VCLTP_V', 'DC_E_TEST_VCLTP_V', 'VCLTP_CP2', 1 );
insert into Busyhourmapping ( VERSIONID, BHLEVEL, BHTYPE, TARGETVERSIONID, BHOBJECT, TYPEID, BHTARGETTYPE, BHTARGETLEVEL, ENABLE ) values ( 'DC_E_TEST:((202))', 'DC_E_TEST_VCLTPBH', 'CP3', 'DC_E_TEST:((202))', 'VCLTP', 'DC_E_TEST:((202)):DC_E_TEST_VCLTP', 'DC_E_TEST_VCLTP', 'VCLTP_CP3', 1 );
insert into Busyhourmapping ( VERSIONID, BHLEVEL, BHTYPE, TARGETVERSIONID, BHOBJECT, TYPEID, BHTARGETTYPE, BHTARGETLEVEL, ENABLE ) values ( 'DC_E_TEST:((202))', 'DC_E_TEST_VCLTPBH', 'CP3', 'DC_E_TEST:((202))', 'VCLTP', 'DC_E_TEST:((202)):DC_E_TEST_VCLTP_V', 'DC_E_TEST_VCLTP_V', 'VCLTP_CP3', 1 );
insert into Busyhourmapping ( VERSIONID, BHLEVEL, BHTYPE, TARGETVERSIONID, BHOBJECT, TYPEID, BHTARGETTYPE, BHTARGETLEVEL, ENABLE ) values ( 'DC_E_TEST:((202))', 'DC_E_TEST_VCLTPBH', 'CP4', 'DC_E_TEST:((202))', 'VCLTP', 'DC_E_TEST:((202)):DC_E_TEST_VCLTP', 'DC_E_TEST_VCLTP', 'VCLTP_CP4', 1 );
insert into Busyhourmapping ( VERSIONID, BHLEVEL, BHTYPE, TARGETVERSIONID, BHOBJECT, TYPEID, BHTARGETTYPE, BHTARGETLEVEL, ENABLE ) values ( 'DC_E_TEST:((202))', 'DC_E_TEST_VCLTPBH', 'CP4', 'DC_E_TEST:((202))', 'VCLTP', 'DC_E_TEST:((202)):DC_E_TEST_VCLTP_V', 'DC_E_TEST_VCLTP_V', 'VCLTP_CP4', 1 );
insert into Busyhourmapping ( VERSIONID, BHLEVEL, BHTYPE, TARGETVERSIONID, BHOBJECT, TYPEID, BHTARGETTYPE, BHTARGETLEVEL, ENABLE ) values ( 'DC_E_TEST:((202))', 'DC_E_TEST_VCLTPBH', 'PP0', 'DC_E_TEST:((202))', 'VCLTP', 'DC_E_TEST:((202)):DC_E_TEST_VCLTP', 'DC_E_TEST_VCLTP', 'VCLTP_PP0', 1 );
insert into Busyhourmapping ( VERSIONID, BHLEVEL, BHTYPE, TARGETVERSIONID, BHOBJECT, TYPEID, BHTARGETTYPE, BHTARGETLEVEL, ENABLE ) values ( 'DC_E_TEST:((202))', 'DC_E_TEST_VCLTPBH', 'PP0', 'DC_E_TEST:((202))', 'VCLTP', 'DC_E_TEST:((202)):DC_E_TEST_VCLTP_V', 'DC_E_TEST_VCLTP_V', 'VCLTP_PP0', 1 );
insert into Busyhourmapping ( VERSIONID, BHLEVEL, BHTYPE, TARGETVERSIONID, BHOBJECT, TYPEID, BHTARGETTYPE, BHTARGETLEVEL, ENABLE ) values ( 'DC_E_TEST:((202))', 'DC_E_TEST_VCLTPBH', 'PP1', 'DC_E_TEST:((202))', 'VCLTP', 'DC_E_TEST:((202)):DC_E_TEST_VCLTP', 'DC_E_TEST_VCLTP', 'VCLTP_PP1', 1 );
insert into Busyhourmapping ( VERSIONID, BHLEVEL, BHTYPE, TARGETVERSIONID, BHOBJECT, TYPEID, BHTARGETTYPE, BHTARGETLEVEL, ENABLE ) values ( 'DC_E_TEST:((202))', 'DC_E_TEST_VCLTPBH', 'PP1', 'DC_E_TEST:((202))', 'VCLTP', 'DC_E_TEST:((202)):DC_E_TEST_VCLTP_V', 'DC_E_TEST_VCLTP_V', 'VCLTP_PP1', 1 );
insert into Busyhourmapping ( VERSIONID, BHLEVEL, BHTYPE, TARGETVERSIONID, BHOBJECT, TYPEID, BHTARGETTYPE, BHTARGETLEVEL, ENABLE ) values ( 'DC_E_TEST:((202))', 'DC_E_TEST_VCLTPBH', 'PP2', 'DC_E_TEST:((202))', 'VCLTP', 'DC_E_TEST:((202)):DC_E_TEST_VCLTP', 'DC_E_TEST_VCLTP', 'VCLTP_PP2', 1 );
insert into Busyhourmapping ( VERSIONID, BHLEVEL, BHTYPE, TARGETVERSIONID, BHOBJECT, TYPEID, BHTARGETTYPE, BHTARGETLEVEL, ENABLE ) values ( 'DC_E_TEST:((202))', 'DC_E_TEST_VCLTPBH', 'PP2', 'DC_E_TEST:((202))', 'VCLTP', 'DC_E_TEST:((202)):DC_E_TEST_VCLTP_V', 'DC_E_TEST_VCLTP_V', 'VCLTP_PP2', 1 );
insert into Busyhourmapping ( VERSIONID, BHLEVEL, BHTYPE, TARGETVERSIONID, BHOBJECT, TYPEID, BHTARGETTYPE, BHTARGETLEVEL, ENABLE ) values ( 'DC_E_TEST:((202))', 'DC_E_TEST_VCLTPBH', 'PP3', 'DC_E_TEST:((202))', 'VCLTP', 'DC_E_TEST:((202)):DC_E_TEST_VCLTP', 'DC_E_TEST_VCLTP', 'VCLTP_PP3', 1 );
insert into Busyhourmapping ( VERSIONID, BHLEVEL, BHTYPE, TARGETVERSIONID, BHOBJECT, TYPEID, BHTARGETTYPE, BHTARGETLEVEL, ENABLE ) values ( 'DC_E_TEST:((202))', 'DC_E_TEST_VCLTPBH', 'PP3', 'DC_E_TEST:((202))', 'VCLTP', 'DC_E_TEST:((202)):DC_E_TEST_VCLTP_V', 'DC_E_TEST_VCLTP_V', 'VCLTP_PP3', 1 );
insert into Busyhourmapping ( VERSIONID, BHLEVEL, BHTYPE, TARGETVERSIONID, BHOBJECT, TYPEID, BHTARGETTYPE, BHTARGETLEVEL, ENABLE ) values ( 'DC_E_TEST:((202))', 'DC_E_TEST_VCLTPBH', 'PP4', 'DC_E_TEST:((202))', 'VCLTP', 'DC_E_TEST:((202)):DC_E_TEST_VCLTP', 'DC_E_TEST_VCLTP', 'VCLTP_PP4', 1 );
insert into Busyhourmapping ( VERSIONID, BHLEVEL, BHTYPE, TARGETVERSIONID, BHOBJECT, TYPEID, BHTARGETTYPE, BHTARGETLEVEL, ENABLE ) values ( 'DC_E_TEST:((202))', 'DC_E_TEST_VCLTPBH', 'PP4', 'DC_E_TEST:((202))', 'VCLTP', 'DC_E_TEST:((202)):DC_E_TEST_VCLTP_V', 'DC_E_TEST_VCLTP_V', 'VCLTP_PP4', 1 );
insert into Busyhourplaceholders ( VERSIONID, BHLEVEL, PRODUCTPLACEHOLDERS, CUSTOMPLACEHOLDERS ) values ( 'DC_E_TEST:((202))', 'DC_E_TEST_ELEMBH', 5, 5 );
insert into Busyhourplaceholders ( VERSIONID, BHLEVEL, PRODUCTPLACEHOLDERS, CUSTOMPLACEHOLDERS ) values ( 'DC_E_TEST:((202))', 'DC_E_TEST_VCLTPBH', 5, 5 );
insert into Techpackdependency ( VERSIONID, TECHPACKNAME, VERSION ) values ( 'DC_E_TEST:((202))', 'DIM_E_CN', 'R7A' );
insert into Techpackdependency ( VERSIONID, TECHPACKNAME, VERSION ) values ( 'DC_E_TEST:((202))', 'DWH_BASE', 'R3C' );
insert into Techpackdependency ( VERSIONID, TECHPACKNAME, VERSION ) values ( 'DC_E_TEST:((202))', 'DWH_MONITOR', 'R4A' );
insert into Universeclass ( VERSIONID, CLASSNAME, UNIVERSEEXTENSION, DESCRIPTION, PARENT, OBJ_BH_REL, ELEM_BH_REL, INHERITANCE, ORDERNRO ) values ( 'DC_E_TEST:((202))', 'DC_E_TEST_VCLTP_Keys', 'a', 'Keys for DC_E_TEST_VCLTP', 'DC_E_TEST_VCLTP', 0, 0, 0, 9223372036854775807 );
insert into Universeclass ( VERSIONID, CLASSNAME, UNIVERSEEXTENSION, DESCRIPTION, PARENT, OBJ_BH_REL, ELEM_BH_REL, INHERITANCE, ORDERNRO ) values ( 'DC_E_TEST:((202))', 'DC_E_TEST_VCLTP_RAW_Keys', 'a', 'RAW keys for DC_E_TEST_VCLTP', 'DC_E_TEST_VCLTP', 0, 0, 0, 9223372036854775807 );
insert into Universeclass ( VERSIONID, CLASSNAME, UNIVERSEEXTENSION, DESCRIPTION, PARENT, OBJ_BH_REL, ELEM_BH_REL, INHERITANCE, ORDERNRO ) values ( 'DC_E_TEST:((202))', 'DC_E_TEST_VCLTP_V_Keys', 'a', 'Keys for DC_E_TEST_VCLTP_V', 'DC_E_TEST_VCLTP_V', 0, 0, 0, 9223372036854775807 );
insert into Universeclass ( VERSIONID, CLASSNAME, UNIVERSEEXTENSION, DESCRIPTION, PARENT, OBJ_BH_REL, ELEM_BH_REL, INHERITANCE, ORDERNRO ) values ( 'DC_E_TEST:((202))', 'DC_E_TEST_VCLTPBH_Keys', 'a', 'Keys for DC_E_TEST_VCLTPBH', 'DC_E_TEST_VCLTPBH', 0, 0, 0, 9223372036854775807 );
insert into Universeclass ( VERSIONID, CLASSNAME, UNIVERSEEXTENSION, DESCRIPTION, PARENT, OBJ_BH_REL, ELEM_BH_REL, INHERITANCE, ORDERNRO ) values ( 'DC_E_TEST:((202))', 'DC_E_TEST_SERVICE_Keys', 'b', 'Keys for DC_E_TEST_SERVICE', 'DC_E_TEST_SERVICE', 0, 0, 0, 9223372036854775807 );
insert into Universeclass ( VERSIONID, CLASSNAME, UNIVERSEEXTENSION, DESCRIPTION, PARENT, OBJ_BH_REL, ELEM_BH_REL, INHERITANCE, ORDERNRO ) values ( 'DC_E_TEST:((202))', 'DC_E_TEST_SERVICE_RAW_Keys', 'b', 'RAW keys for DC_E_TEST_SERVICE', 'DC_E_TEST_SERVICE', 0, 0, 0, 9223372036854775807 );
insert into Universeclass ( VERSIONID, CLASSNAME, UNIVERSEEXTENSION, DESCRIPTION, PARENT, OBJ_BH_REL, ELEM_BH_REL, INHERITANCE, ORDERNRO ) values ( 'DC_E_TEST:((202))', 'DC_E_TEST_ELEMBH_Keys', 'ALL', 'Keys for DC_E_TEST_ELEMBH', 'DC_E_TEST_ELEMBH', 0, 0, 0, 9223372036854775807 );
insert into Universeclass ( VERSIONID, CLASSNAME, UNIVERSEEXTENSION, DESCRIPTION, PARENT, OBJ_BH_REL, ELEM_BH_REL, INHERITANCE, ORDERNRO ) values ( 'DC_E_TEST:((202))', 'DC_E_TEST_ETHERNETLINK_Keys', 'b', 'Keys for DC_E_TEST_ETHERNETLINK', 'DC_E_TEST_ETHERNETLINK', 0, 0, 0, 9223372036854775807 );
insert into Universeclass ( VERSIONID, CLASSNAME, UNIVERSEEXTENSION, DESCRIPTION, PARENT, OBJ_BH_REL, ELEM_BH_REL, INHERITANCE, ORDERNRO ) values ( 'DC_E_TEST:((202))', 'DC_E_TEST_ETHERNETLINK_RAW_Keys', 'b', 'RAW keys for DC_E_TEST_ETHERNETLINK', 'DC_E_TEST_ETHERNETLINK', 0, 0, 0, 9223372036854775807 );
insert into Universeclass ( VERSIONID, CLASSNAME, UNIVERSEEXTENSION, DESCRIPTION, PARENT, OBJ_BH_REL, ELEM_BH_REL, INHERITANCE, ORDERNRO ) values ( 'DC_E_TEST:((202))', 'DC_E_TEST_INTERNALLINKGROUP_V_Keys', 'b', 'Keys for DC_E_TEST_INTERNALLINKGROUP_V', 'DC_E_TEST_INTERNALLINKGROUP_V', 0, 0, 0, 9223372036854775807 );
insert into Transformer ( TRANSFORMERID, VERSIONID, DESCRIPTION, TYPE ) values ( 'DC_E_TEST:((202)):DC_E_TEST_VCLTP_V:mdc', 'DC_E_TEST:((202))', null, 'SPECIFIC' );
insert into Transformation ( TRANSFORMERID, ORDERNO, TYPE, SOURCE, TARGET, CONFIG, DESCRIPTION ) values ( 'DC_E_TEST:((202)):DC_E_TEST_VCLTP_V:mdc', 144, 'lookup', 'DIRNAME', 'OSS_ID', 'pattern=.+/(.+)/.+?/.+?', null );
insert into Transformation ( TRANSFORMERID, ORDERNO, TYPE, SOURCE, TARGET, CONFIG, DESCRIPTION ) values ( 'DC_E_TEST:((202)):DC_E_TEST_VCLTP_V:mdc', 145, 'lookup', 'filename', 'NEName', 'pattern=^A.+?_(.+?)(?:\\.|:).+', null );
insert into Transformation ( TRANSFORMERID, ORDERNO, TYPE, SOURCE, TARGET, CONFIG, DESCRIPTION ) values ( 'DC_E_TEST:((202)):DC_E_TEST_VCLTP_V:mdc', 146, 'propertytokenizer', 'MOID', 'MOID', 'delim=,', null );
insert into Transformation ( TRANSFORMERID, ORDERNO, TYPE, SOURCE, TARGET, CONFIG, DESCRIPTION ) values ( 'DC_E_TEST:((202)):DC_E_TEST_VCLTP_V:mdc', 147, 'calculation', 'PERIOD_DURATION', 'PERIOD_DURATION', 'formula=/60', null );
insert into Transformation ( TRANSFORMERID, ORDERNO, TYPE, SOURCE, TARGET, CONFIG, DESCRIPTION ) values ( 'DC_E_TEST:((202)):DC_E_TEST_VCLTP_V:mdc', 148, 'databaseLookup', 'PERIOD_DURATION', 'TIMELEVEL', 'sql=select DURATIONMIN, TIMELEVEL from DIM_TIMELEVEL where TABLELEVEL = ''RAW''
basetable = DIM_TIMELEVEL', null );
insert into Transformation ( TRANSFORMERID, ORDERNO, TYPE, SOURCE, TARGET, CONFIG, DESCRIPTION ) values ( 'DC_E_TEST:((202)):DC_E_TEST_VCLTP_V:mdc', 149, 'copy', 'NEName', 'TempRelease_TEST', '', null );
insert into Transformation ( TRANSFORMERID, ORDERNO, TYPE, SOURCE, TARGET, CONFIG, DESCRIPTION ) values ( 'DC_E_TEST:((202)):DC_E_TEST_VCLTP_V:mdc', 150, 'preappender', 'TempRelease_TEST', 'TempRelease_TEST', 'fixed=:', null );
insert into Transformation ( TRANSFORMERID, ORDERNO, TYPE, SOURCE, TARGET, CONFIG, DESCRIPTION ) values ( 'DC_E_TEST:((202)):DC_E_TEST_VCLTP_V:mdc', 151, 'preappender', 'TempRelease_TEST', 'TempRelease_TEST', 'field=OSS_ID', null );
insert into Transformation ( TRANSFORMERID, ORDERNO, TYPE, SOURCE, TARGET, CONFIG, DESCRIPTION ) values ( 'DC_E_TEST:((202)):DC_E_TEST_VCLTP_V:mdc', 152, 'databaseLookup', 'TempRelease_TEST', 'DC_RELEASE', 'sql=select OSS_ID||'':''||NE_ID, NE_VERSION from DIM_E_CN_TEST 
basetable = DIM_E_CN_TEST', null );
insert into Transformation ( TRANSFORMERID, ORDERNO, TYPE, SOURCE, TARGET, CONFIG, DESCRIPTION ) values ( 'DC_E_TEST:((202)):DC_E_TEST_VCLTP_V:mdc', 153, 'copy', 'OSS_ID', 'DC_SOURCE', '', null );
insert into Transformation ( TRANSFORMERID, ORDERNO, TYPE, SOURCE, TARGET, CONFIG, DESCRIPTION ) values ( 'DC_E_TEST:((202)):DC_E_TEST_VCLTP_V:mdc', 154, 'condition', 'DC_SUSPECTFLAG', 'ROWSTATUS', 'factor=TRUE
result1=SUSPECTED
result2field=ROWSTATUS', null );
insert into Transformation ( TRANSFORMERID, ORDERNO, TYPE, SOURCE, TARGET, CONFIG, DESCRIPTION ) values ( 'DC_E_TEST:((202)):DC_E_TEST_VCLTP_V:mdc', 155, 'condition', 'DC_SUSPECTFLAG', 'DC_SUSPECTFLAG', 'factor=TRUE
result1=1
result2field=DC_SUSPECTFLAG', null );
insert into Transformation ( TRANSFORMERID, ORDERNO, TYPE, SOURCE, TARGET, CONFIG, DESCRIPTION ) values ( 'DC_E_TEST:((202)):DC_E_TEST_VCLTP_V:mdc', 156, 'condition', 'DC_SUSPECTFLAG', 'DC_SUSPECTFLAG', 'factor=FALSE
result1=0
result2field=DC_SUSPECTFLAG', null );
insert into Transformation ( TRANSFORMERID, ORDERNO, TYPE, SOURCE, TARGET, CONFIG, DESCRIPTION ) values ( 'DC_E_TEST:((202)):DC_E_TEST_VCLTP_V:mdc', 157, 'databaseLookup', 'TempRelease_TEST', 'SITE_FDN', 'sql=select OSS_ID||'':''||NE_ID, SITE_FDN from DIM_E_CN_TEST
basetable = DIM_E_CN_TEST', null );
insert into Transformation ( TRANSFORMERID, ORDERNO, TYPE, SOURCE, TARGET, CONFIG, DESCRIPTION ) values ( 'DC_E_TEST:((202)):DC_E_TEST_VCLTP_V:mdc', 158, 'copy', 'SITE_FDN', 'TempRelease_SITE', '', null );
insert into Transformation ( TRANSFORMERID, ORDERNO, TYPE, SOURCE, TARGET, CONFIG, DESCRIPTION ) values ( 'DC_E_TEST:((202)):DC_E_TEST_VCLTP_V:mdc', 159, 'preappender', 'TempRelease_SITE', 'TempRelease_SITE', 'fixed=:', null );
insert into Transformation ( TRANSFORMERID, ORDERNO, TYPE, SOURCE, TARGET, CONFIG, DESCRIPTION ) values ( 'DC_E_TEST:((202)):DC_E_TEST_VCLTP_V:mdc', 160, 'preappender', 'TempRelease_SITE', 'TempRelease_SITE', 'field=OSS_ID', null );
insert into Transformation ( TRANSFORMERID, ORDERNO, TYPE, SOURCE, TARGET, CONFIG, DESCRIPTION ) values ( 'DC_E_TEST:((202)):DC_E_TEST_VCLTP_V:mdc', 161, 'databaseLookup', 'TempRelease_SITE', 'DC_TIMEZONE', 'sql=select OSS_ID||'':''||SITE_FDN, TIMEZONE_VALUE from DIM_E_CN_SITE
basetable = DIM_E_CN_SITE', null );
insert into Transformation ( TRANSFORMERID, ORDERNO, TYPE, SOURCE, TARGET, CONFIG, DESCRIPTION ) values ( 'DC_E_TEST:((202)):DC_E_TEST_VCLTP_V:mdc', 162, 'lookup', 'filename', 'DateTime', 'pattern=A(.{13}).+', null );
insert into Transformation ( TRANSFORMERID, ORDERNO, TYPE, SOURCE, TARGET, CONFIG, DESCRIPTION ) values ( 'DC_E_TEST:((202)):DC_E_TEST_VCLTP_V:mdc', 163, 'Fixed', '', 'TZONE', 'value=null', null );
insert into Transformation ( TRANSFORMERID, ORDERNO, TYPE, SOURCE, TARGET, CONFIG, DESCRIPTION ) values ( 'DC_E_TEST:((202)):DC_E_TEST_VCLTP_V:mdc', 164, 'copy', 'DC_TIMEZONE', 'TZONE', '', null );
insert into Transformation ( TRANSFORMERID, ORDERNO, TYPE, SOURCE, TARGET, CONFIG, DESCRIPTION ) values ( 'DC_E_TEST:((202)):DC_E_TEST_VCLTP_V:mdc', 165, 'condition', 'TZONE', 'TIMEZONE_VALUE', 'factor=null
result1field=JVM_TIMEZONE
result2field=DC_TIMEZONE', null );
insert into Transformation ( TRANSFORMERID, ORDERNO, TYPE, SOURCE, TARGET, CONFIG, DESCRIPTION ) values ( 'DC_E_TEST:((202)):DC_E_TEST_VCLTP_V:mdc', 166, 'copy', 'TIMEZONE_VALUE', 'DC_TIMEZONE', '', null );
insert into Transformation ( TRANSFORMERID, ORDERNO, TYPE, SOURCE, TARGET, CONFIG, DESCRIPTION ) values ( 'DC_E_TEST:((202)):DC_E_TEST_VCLTP_V:mdc', 167, 'DateFormat', 'DateTime', 'DateTime_NE', 'oldformat=yyyyMMdd.HHmm
oldtimezone=+0000
newformat=yyyy-MM-dd HH:mm:ss
newtimezonefield=TIMEZONE_VALUE', null );
insert into Transformation ( TRANSFORMERID, ORDERNO, TYPE, SOURCE, TARGET, CONFIG, DESCRIPTION ) values ( 'DC_E_TEST:((202)):DC_E_TEST_VCLTP_V:mdc', 168, 'defaulttimehandler', 'DateTime_NE', '', 'oldformat=yyyy-MM-dd HH:mm:ss', null );
insert into Transformation ( TRANSFORMERID, ORDERNO, TYPE, SOURCE, TARGET, CONFIG, DESCRIPTION ) values ( 'DC_E_TEST:((202)):DC_E_TEST_VCLTP_V:mdc', 169, 'DateFormat', 'DateTime', 'UTC_DATETIME_ID', 'oldformat=yyyyMMdd.HHmm
newformat=yyyy-MM-dd HH:mm:ss', null );
insert into Transformation ( TRANSFORMERID, ORDERNO, TYPE, SOURCE, TARGET, CONFIG, DESCRIPTION ) values ( 'DC_E_TEST:((202)):DC_E_TEST_VCLTP_V:mdc', 170, 'copy', 'SN', 'SN_temp', '', null );
insert into Transformation ( TRANSFORMERID, ORDERNO, TYPE, SOURCE, TARGET, CONFIG, DESCRIPTION ) values ( 'DC_E_TEST:((202)):DC_E_TEST_VCLTP_V:mdc', 171, 'fixed', 'SubNtwrk_R_SN', 'SubNtwrk_R_SN', 'value=null
', null );
insert into Transformation ( TRANSFORMERID, ORDERNO, TYPE, SOURCE, TARGET, CONFIG, DESCRIPTION ) values ( 'DC_E_TEST:((202)):DC_E_TEST_VCLTP_V:mdc', 172, 'lookup', 'SN_temp', 'SubNetwork_SN', 'pattern=(SubNetwork=.*?),.*
', null );
insert into Transformation ( TRANSFORMERID, ORDERNO, TYPE, SOURCE, TARGET, CONFIG, DESCRIPTION ) values ( 'DC_E_TEST:((202)):DC_E_TEST_VCLTP_V:mdc', 173, 'lookup', 'SubNetwork_SN', 'SubNtwrk_R_SN', 'pattern=(SubNetwork=.*)_R$
', null );
insert into Transformation ( TRANSFORMERID, ORDERNO, TYPE, SOURCE, TARGET, CONFIG, DESCRIPTION ) values ( 'DC_E_TEST:((202)):DC_E_TEST_VCLTP_V:mdc', 174, 'lookup', 'SN_temp', 'rest_of_SN', 'pattern=SubNetwork=.*?(,.*)
', null );
insert into Transformation ( TRANSFORMERID, ORDERNO, TYPE, SOURCE, TARGET, CONFIG, DESCRIPTION ) values ( 'DC_E_TEST:((202)):DC_E_TEST_VCLTP_V:mdc', 175, 'preappender', 'rest_of_SN', 'final_SN', 'field=SubNtwrk_R_SN
', null );
insert into Transformation ( TRANSFORMERID, ORDERNO, TYPE, SOURCE, TARGET, CONFIG, DESCRIPTION ) values ( 'DC_E_TEST:((202)):DC_E_TEST_VCLTP_V:mdc', 176, 'condition', 'SubNtwrk_R_SN', 'SN', 'factor=null
result1field=SN
result2field=final_SN
', null );
insert into Transformation ( TRANSFORMERID, ORDERNO, TYPE, SOURCE, TARGET, CONFIG, DESCRIPTION ) values ( 'DC_E_TEST:((202)):DC_E_TEST_VCLTP_V:mdc', 177, 'copy', 'neun', 'neun_temp', '', null );
insert into Transformation ( TRANSFORMERID, ORDERNO, TYPE, SOURCE, TARGET, CONFIG, DESCRIPTION ) values ( 'DC_E_TEST:((202)):DC_E_TEST_VCLTP_V:mdc', 178, 'fixed', 'SubNtwrk_R_neun', 'SubNtwrk_R_neun', 'value=null
', null );
insert into Transformation ( TRANSFORMERID, ORDERNO, TYPE, SOURCE, TARGET, CONFIG, DESCRIPTION ) values ( 'DC_E_TEST:((202)):DC_E_TEST_VCLTP_V:mdc', 179, 'lookup', 'neun_temp', 'SubNetwork_neun', 'pattern=(SubNetwork=.*?),.*
', null );
insert into Transformation ( TRANSFORMERID, ORDERNO, TYPE, SOURCE, TARGET, CONFIG, DESCRIPTION ) values ( 'DC_E_TEST:((202)):DC_E_TEST_VCLTP_V:mdc', 180, 'lookup', 'SubNetwork_neun', 'SubNtwrk_R_neun', 'pattern=(SubNetwork=.*)_R$
', null );
insert into Transformation ( TRANSFORMERID, ORDERNO, TYPE, SOURCE, TARGET, CONFIG, DESCRIPTION ) values ( 'DC_E_TEST:((202)):DC_E_TEST_VCLTP_V:mdc', 181, 'lookup', 'neun_temp', 'rest_of_neun', 'pattern=SubNetwork=.*?(,.*)
', null );
insert into Transformation ( TRANSFORMERID, ORDERNO, TYPE, SOURCE, TARGET, CONFIG, DESCRIPTION ) values ( 'DC_E_TEST:((202)):DC_E_TEST_VCLTP_V:mdc', 182, 'preappender', 'rest_of_neun', 'final_neun', 'field=SubNtwrk_R_neun
', null );
insert into Transformation ( TRANSFORMERID, ORDERNO, TYPE, SOURCE, TARGET, CONFIG, DESCRIPTION ) values ( 'DC_E_TEST:((202)):DC_E_TEST_VCLTP_V:mdc', 183, 'condition', 'SubNtwrk_R_neun', 'neun', 'factor=null
result1field=neun
result2field=final_neun
', null );
insert into Transformation ( TRANSFORMERID, ORDERNO, TYPE, SOURCE, TARGET, CONFIG, DESCRIPTION ) values ( 'DC_E_TEST:((202)):DC_E_TEST_VCLTP_V:mdc', 184, 'copy', 'nedn', 'nedn_temp', '', null );
insert into Transformation ( TRANSFORMERID, ORDERNO, TYPE, SOURCE, TARGET, CONFIG, DESCRIPTION ) values ( 'DC_E_TEST:((202)):DC_E_TEST_VCLTP_V:mdc', 185, 'fixed', 'SubNtwrk_R_nedn', 'SubNtwrk_R_nedn', 'value=null
', null );
insert into Transformation ( TRANSFORMERID, ORDERNO, TYPE, SOURCE, TARGET, CONFIG, DESCRIPTION ) values ( 'DC_E_TEST:((202)):DC_E_TEST_VCLTP_V:mdc', 186, 'lookup', 'nedn_temp', 'SubNetwork_nedn', 'pattern=(SubNetwork=.*?),.*
', null );
insert into Transformation ( TRANSFORMERID, ORDERNO, TYPE, SOURCE, TARGET, CONFIG, DESCRIPTION ) values ( 'DC_E_TEST:((202)):DC_E_TEST_VCLTP_V:mdc', 187, 'lookup', 'SubNetwork_nedn', 'SubNtwrk_R_nedn', 'pattern=(SubNetwork=.*)_R$
', null );
insert into Transformation ( TRANSFORMERID, ORDERNO, TYPE, SOURCE, TARGET, CONFIG, DESCRIPTION ) values ( 'DC_E_TEST:((202)):DC_E_TEST_VCLTP_V:mdc', 188, 'lookup', 'nedn_temp', 'rest_of_nedn', 'pattern=SubNetwork=.*?(,.*)
', null );
insert into Transformation ( TRANSFORMERID, ORDERNO, TYPE, SOURCE, TARGET, CONFIG, DESCRIPTION ) values ( 'DC_E_TEST:((202)):DC_E_TEST_VCLTP_V:mdc', 189, 'preappender', 'rest_of_nedn', 'final_nedn', 'field=SubNtwrk_R_nedn
', null );
insert into Transformation ( TRANSFORMERID, ORDERNO, TYPE, SOURCE, TARGET, CONFIG, DESCRIPTION ) values ( 'DC_E_TEST:((202)):DC_E_TEST_VCLTP_V:mdc', 190, 'condition', 'SubNtwrk_R_nedn', 'nedn', 'factor=null
result1field=nedn
result2field=final_nedn
', null );
insert into Transformer ( TRANSFORMERID, VERSIONID, DESCRIPTION, TYPE ) values ( 'DC_E_TEST:((202)):DC_E_TEST_VCLTP:mdc', 'DC_E_TEST:((202))', null, 'SPECIFIC' );
insert into Transformation ( TRANSFORMERID, ORDERNO, TYPE, SOURCE, TARGET, CONFIG, DESCRIPTION ) values ( 'DC_E_TEST:((202)):DC_E_TEST_VCLTP:mdc', 2870, 'lookup', 'DIRNAME', 'OSS_ID', 'pattern=.+/(.+)/.+?/.+?', null );
insert into Transformation ( TRANSFORMERID, ORDERNO, TYPE, SOURCE, TARGET, CONFIG, DESCRIPTION ) values ( 'DC_E_TEST:((202)):DC_E_TEST_VCLTP:mdc', 2871, 'lookup', 'filename', 'NEName', 'pattern=^A.+?_(.+?)(?:\\.|:).+', null );
insert into Transformation ( TRANSFORMERID, ORDERNO, TYPE, SOURCE, TARGET, CONFIG, DESCRIPTION ) values ( 'DC_E_TEST:((202)):DC_E_TEST_VCLTP:mdc', 2872, 'propertytokenizer', 'MOID', 'MOID', 'delim=,', null );
insert into Transformation ( TRANSFORMERID, ORDERNO, TYPE, SOURCE, TARGET, CONFIG, DESCRIPTION ) values ( 'DC_E_TEST:((202)):DC_E_TEST_VCLTP:mdc', 2873, 'calculation', 'PERIOD_DURATION', 'PERIOD_DURATION', 'formula=/60', null );
insert into Transformation ( TRANSFORMERID, ORDERNO, TYPE, SOURCE, TARGET, CONFIG, DESCRIPTION ) values ( 'DC_E_TEST:((202)):DC_E_TEST_VCLTP:mdc', 2874, 'databaseLookup', 'PERIOD_DURATION', 'TIMELEVEL', 'sql=select DURATIONMIN, TIMELEVEL from DIM_TIMELEVEL where TABLELEVEL = ''RAW''
basetable = DIM_TIMELEVEL', null );
insert into Transformation ( TRANSFORMERID, ORDERNO, TYPE, SOURCE, TARGET, CONFIG, DESCRIPTION ) values ( 'DC_E_TEST:((202)):DC_E_TEST_VCLTP:mdc', 2875, 'copy', 'NEName', 'TempRelease_TEST', '', null );
insert into Transformation ( TRANSFORMERID, ORDERNO, TYPE, SOURCE, TARGET, CONFIG, DESCRIPTION ) values ( 'DC_E_TEST:((202)):DC_E_TEST_VCLTP:mdc', 2876, 'preappender', 'TempRelease_TEST', 'TempRelease_TEST', 'fixed=:', null );
insert into Transformation ( TRANSFORMERID, ORDERNO, TYPE, SOURCE, TARGET, CONFIG, DESCRIPTION ) values ( 'DC_E_TEST:((202)):DC_E_TEST_VCLTP:mdc', 2877, 'preappender', 'TempRelease_TEST', 'TempRelease_TEST', 'field=OSS_ID', null );
insert into Transformation ( TRANSFORMERID, ORDERNO, TYPE, SOURCE, TARGET, CONFIG, DESCRIPTION ) values ( 'DC_E_TEST:((202)):DC_E_TEST_VCLTP:mdc', 2878, 'databaseLookup', 'TempRelease_TEST', 'DC_RELEASE', 'sql=select OSS_ID||'':''||NE_ID, NE_VERSION from DIM_E_CN_TEST 
basetable = DIM_E_CN_TEST', null );
insert into Transformation ( TRANSFORMERID, ORDERNO, TYPE, SOURCE, TARGET, CONFIG, DESCRIPTION ) values ( 'DC_E_TEST:((202)):DC_E_TEST_VCLTP:mdc', 2879, 'copy', 'OSS_ID', 'DC_SOURCE', '', null );
insert into Transformation ( TRANSFORMERID, ORDERNO, TYPE, SOURCE, TARGET, CONFIG, DESCRIPTION ) values ( 'DC_E_TEST:((202)):DC_E_TEST_VCLTP:mdc', 2880, 'condition', 'DC_SUSPECTFLAG', 'ROWSTATUS', 'factor=TRUE
result1=SUSPECTED
result2field=ROWSTATUS', null );
insert into Transformation ( TRANSFORMERID, ORDERNO, TYPE, SOURCE, TARGET, CONFIG, DESCRIPTION ) values ( 'DC_E_TEST:((202)):DC_E_TEST_VCLTP:mdc', 2881, 'condition', 'DC_SUSPECTFLAG', 'DC_SUSPECTFLAG', 'factor=TRUE
result1=1
result2field=DC_SUSPECTFLAG', null );
insert into Transformation ( TRANSFORMERID, ORDERNO, TYPE, SOURCE, TARGET, CONFIG, DESCRIPTION ) values ( 'DC_E_TEST:((202)):DC_E_TEST_VCLTP:mdc', 2882, 'condition', 'DC_SUSPECTFLAG', 'DC_SUSPECTFLAG', 'factor=FALSE
result1=0
result2field=DC_SUSPECTFLAG', null );
insert into Transformation ( TRANSFORMERID, ORDERNO, TYPE, SOURCE, TARGET, CONFIG, DESCRIPTION ) values ( 'DC_E_TEST:((202)):DC_E_TEST_VCLTP:mdc', 2883, 'databaseLookup', 'TempRelease_TEST', 'SITE_FDN', 'sql=select OSS_ID||'':''||NE_ID, SITE_FDN from DIM_E_CN_TEST
basetable = DIM_E_CN_TEST', null );
insert into Transformation ( TRANSFORMERID, ORDERNO, TYPE, SOURCE, TARGET, CONFIG, DESCRIPTION ) values ( 'DC_E_TEST:((202)):DC_E_TEST_VCLTP:mdc', 2884, 'copy', 'SITE_FDN', 'TempRelease_SITE', '', null );
insert into Transformation ( TRANSFORMERID, ORDERNO, TYPE, SOURCE, TARGET, CONFIG, DESCRIPTION ) values ( 'DC_E_TEST:((202)):DC_E_TEST_VCLTP:mdc', 2885, 'preappender', 'TempRelease_SITE', 'TempRelease_SITE', 'fixed=:', null );
insert into Transformation ( TRANSFORMERID, ORDERNO, TYPE, SOURCE, TARGET, CONFIG, DESCRIPTION ) values ( 'DC_E_TEST:((202)):DC_E_TEST_VCLTP:mdc', 2886, 'preappender', 'TempRelease_SITE', 'TempRelease_SITE', 'field=OSS_ID', null );
insert into Transformation ( TRANSFORMERID, ORDERNO, TYPE, SOURCE, TARGET, CONFIG, DESCRIPTION ) values ( 'DC_E_TEST:((202)):DC_E_TEST_VCLTP:mdc', 2887, 'databaseLookup', 'TempRelease_SITE', 'DC_TIMEZONE', 'sql=select OSS_ID||'':''||SITE_FDN, TIMEZONE_VALUE from DIM_E_CN_SITE
basetable = DIM_E_CN_SITE', null );
insert into Transformation ( TRANSFORMERID, ORDERNO, TYPE, SOURCE, TARGET, CONFIG, DESCRIPTION ) values ( 'DC_E_TEST:((202)):DC_E_TEST_VCLTP:mdc', 2888, 'lookup', 'filename', 'DateTime', 'pattern=A(.{13}).+', null );
insert into Transformation ( TRANSFORMERID, ORDERNO, TYPE, SOURCE, TARGET, CONFIG, DESCRIPTION ) values ( 'DC_E_TEST:((202)):DC_E_TEST_VCLTP:mdc', 2889, 'Fixed', '', 'TZONE', 'value=null', null );
insert into Transformation ( TRANSFORMERID, ORDERNO, TYPE, SOURCE, TARGET, CONFIG, DESCRIPTION ) values ( 'DC_E_TEST:((202)):DC_E_TEST_VCLTP:mdc', 2890, 'copy', 'DC_TIMEZONE', 'TZONE', '', null );
insert into Transformation ( TRANSFORMERID, ORDERNO, TYPE, SOURCE, TARGET, CONFIG, DESCRIPTION ) values ( 'DC_E_TEST:((202)):DC_E_TEST_VCLTP:mdc', 2891, 'condition', 'TZONE', 'TIMEZONE_VALUE', 'factor=null
result1field=JVM_TIMEZONE
result2field=DC_TIMEZONE', null );
insert into Transformation ( TRANSFORMERID, ORDERNO, TYPE, SOURCE, TARGET, CONFIG, DESCRIPTION ) values ( 'DC_E_TEST:((202)):DC_E_TEST_VCLTP:mdc', 2892, 'copy', 'TIMEZONE_VALUE', 'DC_TIMEZONE', '', null );
insert into Transformation ( TRANSFORMERID, ORDERNO, TYPE, SOURCE, TARGET, CONFIG, DESCRIPTION ) values ( 'DC_E_TEST:((202)):DC_E_TEST_VCLTP:mdc', 2893, 'DateFormat', 'DateTime', 'DateTime_NE', 'oldformat=yyyyMMdd.HHmm
oldtimezone=+0000
newformat=yyyy-MM-dd HH:mm:ss
newtimezonefield=TIMEZONE_VALUE', null );
insert into Transformation ( TRANSFORMERID, ORDERNO, TYPE, SOURCE, TARGET, CONFIG, DESCRIPTION ) values ( 'DC_E_TEST:((202)):DC_E_TEST_VCLTP:mdc', 2894, 'defaulttimehandler', 'DateTime_NE', '', 'oldformat=yyyy-MM-dd HH:mm:ss', null );
insert into Transformation ( TRANSFORMERID, ORDERNO, TYPE, SOURCE, TARGET, CONFIG, DESCRIPTION ) values ( 'DC_E_TEST:((202)):DC_E_TEST_VCLTP:mdc', 2895, 'DateFormat', 'DateTime', 'UTC_DATETIME_ID', 'oldformat=yyyyMMdd.HHmm
newformat=yyyy-MM-dd HH:mm:ss', null );
insert into Transformation ( TRANSFORMERID, ORDERNO, TYPE, SOURCE, TARGET, CONFIG, DESCRIPTION ) values ( 'DC_E_TEST:((202)):DC_E_TEST_VCLTP:mdc', 2896, 'copy', 'SN', 'SN_temp', '', null );
insert into Transformation ( TRANSFORMERID, ORDERNO, TYPE, SOURCE, TARGET, CONFIG, DESCRIPTION ) values ( 'DC_E_TEST:((202)):DC_E_TEST_VCLTP:mdc', 2897, 'fixed', 'SubNtwrk_R_SN', 'SubNtwrk_R_SN', 'value=null
', null );
insert into Transformation ( TRANSFORMERID, ORDERNO, TYPE, SOURCE, TARGET, CONFIG, DESCRIPTION ) values ( 'DC_E_TEST:((202)):DC_E_TEST_VCLTP:mdc', 2898, 'lookup', 'SN_temp', 'SubNetwork_SN', 'pattern=(SubNetwork=.*?),.*
', null );
insert into Transformation ( TRANSFORMERID, ORDERNO, TYPE, SOURCE, TARGET, CONFIG, DESCRIPTION ) values ( 'DC_E_TEST:((202)):DC_E_TEST_VCLTP:mdc', 2899, 'lookup', 'SubNetwork_SN', 'SubNtwrk_R_SN', 'pattern=(SubNetwork=.*)_R$
', null );
insert into Transformation ( TRANSFORMERID, ORDERNO, TYPE, SOURCE, TARGET, CONFIG, DESCRIPTION ) values ( 'DC_E_TEST:((202)):DC_E_TEST_VCLTP:mdc', 2900, 'lookup', 'SN_temp', 'rest_of_SN', 'pattern=SubNetwork=.*?(,.*)
', null );
insert into Transformation ( TRANSFORMERID, ORDERNO, TYPE, SOURCE, TARGET, CONFIG, DESCRIPTION ) values ( 'DC_E_TEST:((202)):DC_E_TEST_VCLTP:mdc', 2901, 'preappender', 'rest_of_SN', 'final_SN', 'field=SubNtwrk_R_SN
', null );
insert into Transformation ( TRANSFORMERID, ORDERNO, TYPE, SOURCE, TARGET, CONFIG, DESCRIPTION ) values ( 'DC_E_TEST:((202)):DC_E_TEST_VCLTP:mdc', 2902, 'condition', 'SubNtwrk_R_SN', 'SN', 'factor=null
result1field=SN
result2field=final_SN
', null );
insert into Transformation ( TRANSFORMERID, ORDERNO, TYPE, SOURCE, TARGET, CONFIG, DESCRIPTION ) values ( 'DC_E_TEST:((202)):DC_E_TEST_VCLTP:mdc', 2903, 'copy', 'neun', 'neun_temp', '', null );
insert into Transformation ( TRANSFORMERID, ORDERNO, TYPE, SOURCE, TARGET, CONFIG, DESCRIPTION ) values ( 'DC_E_TEST:((202)):DC_E_TEST_VCLTP:mdc', 2904, 'fixed', 'SubNtwrk_R_neun', 'SubNtwrk_R_neun', 'value=null
', null );
insert into Transformation ( TRANSFORMERID, ORDERNO, TYPE, SOURCE, TARGET, CONFIG, DESCRIPTION ) values ( 'DC_E_TEST:((202)):DC_E_TEST_VCLTP:mdc', 2905, 'lookup', 'neun_temp', 'SubNetwork_neun', 'pattern=(SubNetwork=.*?),.*
', null );
insert into Transformation ( TRANSFORMERID, ORDERNO, TYPE, SOURCE, TARGET, CONFIG, DESCRIPTION ) values ( 'DC_E_TEST:((202)):DC_E_TEST_VCLTP:mdc', 2906, 'lookup', 'SubNetwork_neun', 'SubNtwrk_R_neun', 'pattern=(SubNetwork=.*)_R$
', null );
insert into Transformation ( TRANSFORMERID, ORDERNO, TYPE, SOURCE, TARGET, CONFIG, DESCRIPTION ) values ( 'DC_E_TEST:((202)):DC_E_TEST_VCLTP:mdc', 2907, 'lookup', 'neun_temp', 'rest_of_neun', 'pattern=SubNetwork=.*?(,.*)
', null );
insert into Transformation ( TRANSFORMERID, ORDERNO, TYPE, SOURCE, TARGET, CONFIG, DESCRIPTION ) values ( 'DC_E_TEST:((202)):DC_E_TEST_VCLTP:mdc', 2908, 'preappender', 'rest_of_neun', 'final_neun', 'field=SubNtwrk_R_neun
', null );
insert into Transformation ( TRANSFORMERID, ORDERNO, TYPE, SOURCE, TARGET, CONFIG, DESCRIPTION ) values ( 'DC_E_TEST:((202)):DC_E_TEST_VCLTP:mdc', 2909, 'condition', 'SubNtwrk_R_neun', 'neun', 'factor=null
result1field=neun
result2field=final_neun
', null );
insert into Transformation ( TRANSFORMERID, ORDERNO, TYPE, SOURCE, TARGET, CONFIG, DESCRIPTION ) values ( 'DC_E_TEST:((202)):DC_E_TEST_VCLTP:mdc', 2910, 'copy', 'nedn', 'nedn_temp', '', null );
insert into Transformation ( TRANSFORMERID, ORDERNO, TYPE, SOURCE, TARGET, CONFIG, DESCRIPTION ) values ( 'DC_E_TEST:((202)):DC_E_TEST_VCLTP:mdc', 2911, 'fixed', 'SubNtwrk_R_nedn', 'SubNtwrk_R_nedn', 'value=null
', null );
insert into Transformation ( TRANSFORMERID, ORDERNO, TYPE, SOURCE, TARGET, CONFIG, DESCRIPTION ) values ( 'DC_E_TEST:((202)):DC_E_TEST_VCLTP:mdc', 2912, 'lookup', 'nedn_temp', 'SubNetwork_nedn', 'pattern=(SubNetwork=.*?),.*
', null );
insert into Transformation ( TRANSFORMERID, ORDERNO, TYPE, SOURCE, TARGET, CONFIG, DESCRIPTION ) values ( 'DC_E_TEST:((202)):DC_E_TEST_VCLTP:mdc', 2913, 'lookup', 'SubNetwork_nedn', 'SubNtwrk_R_nedn', 'pattern=(SubNetwork=.*)_R$
', null );
insert into Transformation ( TRANSFORMERID, ORDERNO, TYPE, SOURCE, TARGET, CONFIG, DESCRIPTION ) values ( 'DC_E_TEST:((202)):DC_E_TEST_VCLTP:mdc', 2914, 'lookup', 'nedn_temp', 'rest_of_nedn', 'pattern=SubNetwork=.*?(,.*)
', null );
insert into Transformation ( TRANSFORMERID, ORDERNO, TYPE, SOURCE, TARGET, CONFIG, DESCRIPTION ) values ( 'DC_E_TEST:((202)):DC_E_TEST_VCLTP:mdc', 2915, 'preappender', 'rest_of_nedn', 'final_nedn', 'field=SubNtwrk_R_nedn
', null );
insert into Transformation ( TRANSFORMERID, ORDERNO, TYPE, SOURCE, TARGET, CONFIG, DESCRIPTION ) values ( 'DC_E_TEST:((202)):DC_E_TEST_VCLTP:mdc', 2916, 'condition', 'SubNtwrk_R_nedn', 'nedn', 'factor=null
result1field=nedn
result2field=final_nedn
', null );
insert into Transformer ( TRANSFORMERID, VERSIONID, DESCRIPTION, TYPE ) values ( 'DC_E_TEST:((202)):DC_E_TEST_ETHERNETLINK:mdc', 'DC_E_TEST:((202))', null, 'SPECIFIC' );
insert into Transformation ( TRANSFORMERID, ORDERNO, TYPE, SOURCE, TARGET, CONFIG, DESCRIPTION ) values ( 'DC_E_TEST:((202)):DC_E_TEST_ETHERNETLINK:mdc', 2259, 'lookup', 'DIRNAME', 'OSS_ID', 'pattern=.+/(.+)/.+?/.+?', null );
insert into Transformation ( TRANSFORMERID, ORDERNO, TYPE, SOURCE, TARGET, CONFIG, DESCRIPTION ) values ( 'DC_E_TEST:((202)):DC_E_TEST_ETHERNETLINK:mdc', 2260, 'lookup', 'filename', 'NEName', 'pattern=^A.+?_(.+?)(?:\\.|:).+', null );
insert into Transformation ( TRANSFORMERID, ORDERNO, TYPE, SOURCE, TARGET, CONFIG, DESCRIPTION ) values ( 'DC_E_TEST:((202)):DC_E_TEST_ETHERNETLINK:mdc', 2261, 'propertytokenizer', 'MOID', 'MOID', 'delim=,', null );
insert into Transformation ( TRANSFORMERID, ORDERNO, TYPE, SOURCE, TARGET, CONFIG, DESCRIPTION ) values ( 'DC_E_TEST:((202)):DC_E_TEST_ETHERNETLINK:mdc', 2262, 'calculation', 'PERIOD_DURATION', 'PERIOD_DURATION', 'formula=/60', null );
insert into Transformation ( TRANSFORMERID, ORDERNO, TYPE, SOURCE, TARGET, CONFIG, DESCRIPTION ) values ( 'DC_E_TEST:((202)):DC_E_TEST_ETHERNETLINK:mdc', 2263, 'databaseLookup', 'PERIOD_DURATION', 'TIMELEVEL', 'sql=select DURATIONMIN, TIMELEVEL from DIM_TIMELEVEL where TABLELEVEL = ''RAW''
basetable = DIM_TIMELEVEL', null );
insert into Transformation ( TRANSFORMERID, ORDERNO, TYPE, SOURCE, TARGET, CONFIG, DESCRIPTION ) values ( 'DC_E_TEST:((202)):DC_E_TEST_ETHERNETLINK:mdc', 2264, 'copy', 'NEName', 'TempRelease_TEST', '', null );
insert into Transformation ( TRANSFORMERID, ORDERNO, TYPE, SOURCE, TARGET, CONFIG, DESCRIPTION ) values ( 'DC_E_TEST:((202)):DC_E_TEST_ETHERNETLINK:mdc', 2265, 'preappender', 'TempRelease_TEST', 'TempRelease_TEST', 'fixed=:', null );
insert into Transformation ( TRANSFORMERID, ORDERNO, TYPE, SOURCE, TARGET, CONFIG, DESCRIPTION ) values ( 'DC_E_TEST:((202)):DC_E_TEST_ETHERNETLINK:mdc', 2266, 'preappender', 'TempRelease_TEST', 'TempRelease_TEST', 'field=OSS_ID', null );
insert into Transformation ( TRANSFORMERID, ORDERNO, TYPE, SOURCE, TARGET, CONFIG, DESCRIPTION ) values ( 'DC_E_TEST:((202)):DC_E_TEST_ETHERNETLINK:mdc', 2267, 'databaseLookup', 'TempRelease_TEST', 'DC_RELEASE', 'sql=select OSS_ID||'':''||NE_ID, NE_VERSION from DIM_E_CN_TEST 
basetable = DIM_E_CN_TEST', null );
insert into Transformation ( TRANSFORMERID, ORDERNO, TYPE, SOURCE, TARGET, CONFIG, DESCRIPTION ) values ( 'DC_E_TEST:((202)):DC_E_TEST_ETHERNETLINK:mdc', 2268, 'copy', 'OSS_ID', 'DC_SOURCE', '', null );
insert into Transformation ( TRANSFORMERID, ORDERNO, TYPE, SOURCE, TARGET, CONFIG, DESCRIPTION ) values ( 'DC_E_TEST:((202)):DC_E_TEST_ETHERNETLINK:mdc', 2269, 'condition', 'DC_SUSPECTFLAG', 'ROWSTATUS', 'factor=TRUE
result1=SUSPECTED
result2field=ROWSTATUS', null );
insert into Transformation ( TRANSFORMERID, ORDERNO, TYPE, SOURCE, TARGET, CONFIG, DESCRIPTION ) values ( 'DC_E_TEST:((202)):DC_E_TEST_ETHERNETLINK:mdc', 2270, 'condition', 'DC_SUSPECTFLAG', 'DC_SUSPECTFLAG', 'factor=TRUE
result1=1
result2field=DC_SUSPECTFLAG', null );
insert into Transformation ( TRANSFORMERID, ORDERNO, TYPE, SOURCE, TARGET, CONFIG, DESCRIPTION ) values ( 'DC_E_TEST:((202)):DC_E_TEST_ETHERNETLINK:mdc', 2271, 'condition', 'DC_SUSPECTFLAG', 'DC_SUSPECTFLAG', 'factor=FALSE
result1=0
result2field=DC_SUSPECTFLAG', null );
insert into Transformation ( TRANSFORMERID, ORDERNO, TYPE, SOURCE, TARGET, CONFIG, DESCRIPTION ) values ( 'DC_E_TEST:((202)):DC_E_TEST_ETHERNETLINK:mdc', 2272, 'databaseLookup', 'TempRelease_TEST', 'SITE_FDN', 'sql=select OSS_ID||'':''||NE_ID, SITE_FDN from DIM_E_CN_TEST
basetable = DIM_E_CN_TEST', null );
insert into Transformation ( TRANSFORMERID, ORDERNO, TYPE, SOURCE, TARGET, CONFIG, DESCRIPTION ) values ( 'DC_E_TEST:((202)):DC_E_TEST_ETHERNETLINK:mdc', 2273, 'copy', 'SITE_FDN', 'TempRelease_SITE', '', null );
insert into Transformation ( TRANSFORMERID, ORDERNO, TYPE, SOURCE, TARGET, CONFIG, DESCRIPTION ) values ( 'DC_E_TEST:((202)):DC_E_TEST_ETHERNETLINK:mdc', 2274, 'preappender', 'TempRelease_SITE', 'TempRelease_SITE', 'fixed=:', null );
insert into Transformation ( TRANSFORMERID, ORDERNO, TYPE, SOURCE, TARGET, CONFIG, DESCRIPTION ) values ( 'DC_E_TEST:((202)):DC_E_TEST_ETHERNETLINK:mdc', 2275, 'preappender', 'TempRelease_SITE', 'TempRelease_SITE', 'field=OSS_ID', null );
insert into Transformation ( TRANSFORMERID, ORDERNO, TYPE, SOURCE, TARGET, CONFIG, DESCRIPTION ) values ( 'DC_E_TEST:((202)):DC_E_TEST_ETHERNETLINK:mdc', 2276, 'databaseLookup', 'TempRelease_SITE', 'DC_TIMEZONE', 'sql=select OSS_ID||'':''||SITE_FDN, TIMEZONE_VALUE from DIM_E_CN_SITE
basetable = DIM_E_CN_SITE', null );
insert into Transformation ( TRANSFORMERID, ORDERNO, TYPE, SOURCE, TARGET, CONFIG, DESCRIPTION ) values ( 'DC_E_TEST:((202)):DC_E_TEST_ETHERNETLINK:mdc', 2277, 'lookup', 'filename', 'DateTime', 'pattern=A(.{13}).+', null );
insert into Transformation ( TRANSFORMERID, ORDERNO, TYPE, SOURCE, TARGET, CONFIG, DESCRIPTION ) values ( 'DC_E_TEST:((202)):DC_E_TEST_ETHERNETLINK:mdc', 2278, 'Fixed', '', 'TZONE', 'value=null', null );
insert into Transformation ( TRANSFORMERID, ORDERNO, TYPE, SOURCE, TARGET, CONFIG, DESCRIPTION ) values ( 'DC_E_TEST:((202)):DC_E_TEST_ETHERNETLINK:mdc', 2279, 'copy', 'DC_TIMEZONE', 'TZONE', '', null );
insert into Transformation ( TRANSFORMERID, ORDERNO, TYPE, SOURCE, TARGET, CONFIG, DESCRIPTION ) values ( 'DC_E_TEST:((202)):DC_E_TEST_ETHERNETLINK:mdc', 2280, 'condition', 'TZONE', 'TIMEZONE_VALUE', 'factor=null
result1field=JVM_TIMEZONE
result2field=DC_TIMEZONE', null );
insert into Transformation ( TRANSFORMERID, ORDERNO, TYPE, SOURCE, TARGET, CONFIG, DESCRIPTION ) values ( 'DC_E_TEST:((202)):DC_E_TEST_ETHERNETLINK:mdc', 2281, 'copy', 'TIMEZONE_VALUE', 'DC_TIMEZONE', '', null );
insert into Transformation ( TRANSFORMERID, ORDERNO, TYPE, SOURCE, TARGET, CONFIG, DESCRIPTION ) values ( 'DC_E_TEST:((202)):DC_E_TEST_ETHERNETLINK:mdc', 2282, 'DateFormat', 'DateTime', 'DateTime_NE', 'oldformat=yyyyMMdd.HHmm
oldtimezone=+0000
newformat=yyyy-MM-dd HH:mm:ss
newtimezonefield=TIMEZONE_VALUE', null );
insert into Transformation ( TRANSFORMERID, ORDERNO, TYPE, SOURCE, TARGET, CONFIG, DESCRIPTION ) values ( 'DC_E_TEST:((202)):DC_E_TEST_ETHERNETLINK:mdc', 2283, 'defaulttimehandler', 'DateTime_NE', '', 'oldformat=yyyy-MM-dd HH:mm:ss', null );
insert into Transformation ( TRANSFORMERID, ORDERNO, TYPE, SOURCE, TARGET, CONFIG, DESCRIPTION ) values ( 'DC_E_TEST:((202)):DC_E_TEST_ETHERNETLINK:mdc', 2284, 'DateFormat', 'DateTime', 'UTC_DATETIME_ID', 'oldformat=yyyyMMdd.HHmm
newformat=yyyy-MM-dd HH:mm:ss', null );
insert into Transformation ( TRANSFORMERID, ORDERNO, TYPE, SOURCE, TARGET, CONFIG, DESCRIPTION ) values ( 'DC_E_TEST:((202)):DC_E_TEST_ETHERNETLINK:mdc', 2285, 'copy', 'SN', 'SN_temp', '', null );
insert into Transformation ( TRANSFORMERID, ORDERNO, TYPE, SOURCE, TARGET, CONFIG, DESCRIPTION ) values ( 'DC_E_TEST:((202)):DC_E_TEST_ETHERNETLINK:mdc', 2286, 'fixed', 'SubNtwrk_R_SN', 'SubNtwrk_R_SN', 'value=null
', null );
insert into Transformation ( TRANSFORMERID, ORDERNO, TYPE, SOURCE, TARGET, CONFIG, DESCRIPTION ) values ( 'DC_E_TEST:((202)):DC_E_TEST_ETHERNETLINK:mdc', 2287, 'lookup', 'SN_temp', 'SubNetwork_SN', 'pattern=(SubNetwork=.*?),.*
', null );
insert into Transformation ( TRANSFORMERID, ORDERNO, TYPE, SOURCE, TARGET, CONFIG, DESCRIPTION ) values ( 'DC_E_TEST:((202)):DC_E_TEST_ETHERNETLINK:mdc', 2288, 'lookup', 'SubNetwork_SN', 'SubNtwrk_R_SN', 'pattern=(SubNetwork=.*)_R$
', null );
insert into Transformation ( TRANSFORMERID, ORDERNO, TYPE, SOURCE, TARGET, CONFIG, DESCRIPTION ) values ( 'DC_E_TEST:((202)):DC_E_TEST_ETHERNETLINK:mdc', 2289, 'lookup', 'SN_temp', 'rest_of_SN', 'pattern=SubNetwork=.*?(,.*)
', null );
insert into Transformation ( TRANSFORMERID, ORDERNO, TYPE, SOURCE, TARGET, CONFIG, DESCRIPTION ) values ( 'DC_E_TEST:((202)):DC_E_TEST_ETHERNETLINK:mdc', 2290, 'preappender', 'rest_of_SN', 'final_SN', 'field=SubNtwrk_R_SN
', null );
insert into Transformation ( TRANSFORMERID, ORDERNO, TYPE, SOURCE, TARGET, CONFIG, DESCRIPTION ) values ( 'DC_E_TEST:((202)):DC_E_TEST_ETHERNETLINK:mdc', 2291, 'condition', 'SubNtwrk_R_SN', 'SN', 'factor=null
result1field=SN
result2field=final_SN
', null );
insert into Transformation ( TRANSFORMERID, ORDERNO, TYPE, SOURCE, TARGET, CONFIG, DESCRIPTION ) values ( 'DC_E_TEST:((202)):DC_E_TEST_ETHERNETLINK:mdc', 2292, 'copy', 'neun', 'neun_temp', '', null );
insert into Transformation ( TRANSFORMERID, ORDERNO, TYPE, SOURCE, TARGET, CONFIG, DESCRIPTION ) values ( 'DC_E_TEST:((202)):DC_E_TEST_ETHERNETLINK:mdc', 2293, 'fixed', 'SubNtwrk_R_neun', 'SubNtwrk_R_neun', 'value=null
', null );
insert into Transformation ( TRANSFORMERID, ORDERNO, TYPE, SOURCE, TARGET, CONFIG, DESCRIPTION ) values ( 'DC_E_TEST:((202)):DC_E_TEST_ETHERNETLINK:mdc', 2294, 'lookup', 'neun_temp', 'SubNetwork_neun', 'pattern=(SubNetwork=.*?),.*
', null );
insert into Transformation ( TRANSFORMERID, ORDERNO, TYPE, SOURCE, TARGET, CONFIG, DESCRIPTION ) values ( 'DC_E_TEST:((202)):DC_E_TEST_ETHERNETLINK:mdc', 2295, 'lookup', 'SubNetwork_neun', 'SubNtwrk_R_neun', 'pattern=(SubNetwork=.*)_R$
', null );
insert into Transformation ( TRANSFORMERID, ORDERNO, TYPE, SOURCE, TARGET, CONFIG, DESCRIPTION ) values ( 'DC_E_TEST:((202)):DC_E_TEST_ETHERNETLINK:mdc', 2296, 'lookup', 'neun_temp', 'rest_of_neun', 'pattern=SubNetwork=.*?(,.*)
', null );
insert into Transformation ( TRANSFORMERID, ORDERNO, TYPE, SOURCE, TARGET, CONFIG, DESCRIPTION ) values ( 'DC_E_TEST:((202)):DC_E_TEST_ETHERNETLINK:mdc', 2297, 'preappender', 'rest_of_neun', 'final_neun', 'field=SubNtwrk_R_neun
', null );
insert into Transformation ( TRANSFORMERID, ORDERNO, TYPE, SOURCE, TARGET, CONFIG, DESCRIPTION ) values ( 'DC_E_TEST:((202)):DC_E_TEST_ETHERNETLINK:mdc', 2298, 'condition', 'SubNtwrk_R_neun', 'neun', 'factor=null
result1field=neun
result2field=final_neun
', null );
insert into Transformation ( TRANSFORMERID, ORDERNO, TYPE, SOURCE, TARGET, CONFIG, DESCRIPTION ) values ( 'DC_E_TEST:((202)):DC_E_TEST_ETHERNETLINK:mdc', 2299, 'copy', 'nedn', 'nedn_temp', '', null );
insert into Transformation ( TRANSFORMERID, ORDERNO, TYPE, SOURCE, TARGET, CONFIG, DESCRIPTION ) values ( 'DC_E_TEST:((202)):DC_E_TEST_ETHERNETLINK:mdc', 2300, 'fixed', 'SubNtwrk_R_nedn', 'SubNtwrk_R_nedn', 'value=null
', null );
insert into Transformation ( TRANSFORMERID, ORDERNO, TYPE, SOURCE, TARGET, CONFIG, DESCRIPTION ) values ( 'DC_E_TEST:((202)):DC_E_TEST_ETHERNETLINK:mdc', 2301, 'lookup', 'nedn_temp', 'SubNetwork_nedn', 'pattern=(SubNetwork=.*?),.*
', null );
insert into Transformation ( TRANSFORMERID, ORDERNO, TYPE, SOURCE, TARGET, CONFIG, DESCRIPTION ) values ( 'DC_E_TEST:((202)):DC_E_TEST_ETHERNETLINK:mdc', 2302, 'lookup', 'SubNetwork_nedn', 'SubNtwrk_R_nedn', 'pattern=(SubNetwork=.*)_R$
', null );
insert into Transformation ( TRANSFORMERID, ORDERNO, TYPE, SOURCE, TARGET, CONFIG, DESCRIPTION ) values ( 'DC_E_TEST:((202)):DC_E_TEST_ETHERNETLINK:mdc', 2303, 'lookup', 'nedn_temp', 'rest_of_nedn', 'pattern=SubNetwork=.*?(,.*)
', null );
insert into Transformation ( TRANSFORMERID, ORDERNO, TYPE, SOURCE, TARGET, CONFIG, DESCRIPTION ) values ( 'DC_E_TEST:((202)):DC_E_TEST_ETHERNETLINK:mdc', 2304, 'preappender', 'rest_of_nedn', 'final_nedn', 'field=SubNtwrk_R_nedn
', null );
insert into Transformation ( TRANSFORMERID, ORDERNO, TYPE, SOURCE, TARGET, CONFIG, DESCRIPTION ) values ( 'DC_E_TEST:((202)):DC_E_TEST_ETHERNETLINK:mdc', 2305, 'condition', 'SubNtwrk_R_nedn', 'nedn', 'factor=null
result1field=nedn
result2field=final_nedn
', null );
insert into Transformer ( TRANSFORMERID, VERSIONID, DESCRIPTION, TYPE ) values ( 'DC_E_TEST:((202)):ALL:mdc', 'DC_E_TEST:((202))', 'Autogenerated by TPIDE in migration', 'ALL' );
insert into Transformer ( TRANSFORMERID, VERSIONID, DESCRIPTION, TYPE ) values ( 'DC_E_TEST:((202)):DC_E_TEST_SERVICE:mdc', 'DC_E_TEST:((202))', null, 'SPECIFIC' );
insert into Transformation ( TRANSFORMERID, ORDERNO, TYPE, SOURCE, TARGET, CONFIG, DESCRIPTION ) values ( 'DC_E_TEST:((202)):DC_E_TEST_SERVICE:mdc', 4046, 'lookup', 'DIRNAME', 'OSS_ID', 'pattern=.+/(.+)/.+?/.+?', null );
insert into Transformation ( TRANSFORMERID, ORDERNO, TYPE, SOURCE, TARGET, CONFIG, DESCRIPTION ) values ( 'DC_E_TEST:((202)):DC_E_TEST_SERVICE:mdc', 4047, 'lookup', 'filename', 'NEName', 'pattern=^A.+?_(.+?)(?:\\.|:).+', null );
insert into Transformation ( TRANSFORMERID, ORDERNO, TYPE, SOURCE, TARGET, CONFIG, DESCRIPTION ) values ( 'DC_E_TEST:((202)):DC_E_TEST_SERVICE:mdc', 4048, 'propertytokenizer', 'MOID', 'MOID', 'delim=,', null );
insert into Transformation ( TRANSFORMERID, ORDERNO, TYPE, SOURCE, TARGET, CONFIG, DESCRIPTION ) values ( 'DC_E_TEST:((202)):DC_E_TEST_SERVICE:mdc', 4049, 'calculation', 'PERIOD_DURATION', 'PERIOD_DURATION', 'formula=/60', null );
insert into Transformation ( TRANSFORMERID, ORDERNO, TYPE, SOURCE, TARGET, CONFIG, DESCRIPTION ) values ( 'DC_E_TEST:((202)):DC_E_TEST_SERVICE:mdc', 4050, 'databaseLookup', 'PERIOD_DURATION', 'TIMELEVEL', 'sql=select DURATIONMIN, TIMELEVEL from DIM_TIMELEVEL where TABLELEVEL = ''RAW''
basetable = DIM_TIMELEVEL', null );
insert into Transformation ( TRANSFORMERID, ORDERNO, TYPE, SOURCE, TARGET, CONFIG, DESCRIPTION ) values ( 'DC_E_TEST:((202)):DC_E_TEST_SERVICE:mdc', 4051, 'copy', 'NEName', 'TempRelease_TEST', '', null );
insert into Transformation ( TRANSFORMERID, ORDERNO, TYPE, SOURCE, TARGET, CONFIG, DESCRIPTION ) values ( 'DC_E_TEST:((202)):DC_E_TEST_SERVICE:mdc', 4052, 'preappender', 'TempRelease_TEST', 'TempRelease_TEST', 'fixed=:', null );
insert into Transformation ( TRANSFORMERID, ORDERNO, TYPE, SOURCE, TARGET, CONFIG, DESCRIPTION ) values ( 'DC_E_TEST:((202)):DC_E_TEST_SERVICE:mdc', 4053, 'preappender', 'TempRelease_TEST', 'TempRelease_TEST', 'field=OSS_ID', null );
insert into Transformation ( TRANSFORMERID, ORDERNO, TYPE, SOURCE, TARGET, CONFIG, DESCRIPTION ) values ( 'DC_E_TEST:((202)):DC_E_TEST_SERVICE:mdc', 4054, 'databaseLookup', 'TempRelease_TEST', 'DC_RELEASE', 'sql=select OSS_ID||'':''||NE_ID, NE_VERSION from DIM_E_CN_TEST 
basetable = DIM_E_CN_TEST', null );
insert into Transformation ( TRANSFORMERID, ORDERNO, TYPE, SOURCE, TARGET, CONFIG, DESCRIPTION ) values ( 'DC_E_TEST:((202)):DC_E_TEST_SERVICE:mdc', 4055, 'copy', 'OSS_ID', 'DC_SOURCE', '', null );
insert into Transformation ( TRANSFORMERID, ORDERNO, TYPE, SOURCE, TARGET, CONFIG, DESCRIPTION ) values ( 'DC_E_TEST:((202)):DC_E_TEST_SERVICE:mdc', 4056, 'condition', 'DC_SUSPECTFLAG', 'ROWSTATUS', 'factor=TRUE
result1=SUSPECTED
result2field=ROWSTATUS', null );
insert into Transformation ( TRANSFORMERID, ORDERNO, TYPE, SOURCE, TARGET, CONFIG, DESCRIPTION ) values ( 'DC_E_TEST:((202)):DC_E_TEST_SERVICE:mdc', 4057, 'condition', 'DC_SUSPECTFLAG', 'DC_SUSPECTFLAG', 'factor=TRUE
result1=1
result2field=DC_SUSPECTFLAG', null );
insert into Transformation ( TRANSFORMERID, ORDERNO, TYPE, SOURCE, TARGET, CONFIG, DESCRIPTION ) values ( 'DC_E_TEST:((202)):DC_E_TEST_SERVICE:mdc', 4058, 'condition', 'DC_SUSPECTFLAG', 'DC_SUSPECTFLAG', 'factor=FALSE
result1=0
result2field=DC_SUSPECTFLAG', null );
insert into Transformation ( TRANSFORMERID, ORDERNO, TYPE, SOURCE, TARGET, CONFIG, DESCRIPTION ) values ( 'DC_E_TEST:((202)):DC_E_TEST_SERVICE:mdc', 4059, 'databaseLookup', 'TempRelease_TEST', 'SITE_FDN', 'sql=select OSS_ID||'':''||NE_ID, SITE_FDN from DIM_E_CN_TEST
basetable = DIM_E_CN_TEST', null );
insert into Transformation ( TRANSFORMERID, ORDERNO, TYPE, SOURCE, TARGET, CONFIG, DESCRIPTION ) values ( 'DC_E_TEST:((202)):DC_E_TEST_SERVICE:mdc', 4060, 'copy', 'SITE_FDN', 'TempRelease_SITE', '', null );
insert into Transformation ( TRANSFORMERID, ORDERNO, TYPE, SOURCE, TARGET, CONFIG, DESCRIPTION ) values ( 'DC_E_TEST:((202)):DC_E_TEST_SERVICE:mdc', 4061, 'preappender', 'TempRelease_SITE', 'TempRelease_SITE', 'fixed=:', null );
insert into Transformation ( TRANSFORMERID, ORDERNO, TYPE, SOURCE, TARGET, CONFIG, DESCRIPTION ) values ( 'DC_E_TEST:((202)):DC_E_TEST_SERVICE:mdc', 4062, 'preappender', 'TempRelease_SITE', 'TempRelease_SITE', 'field=OSS_ID', null );
insert into Transformation ( TRANSFORMERID, ORDERNO, TYPE, SOURCE, TARGET, CONFIG, DESCRIPTION ) values ( 'DC_E_TEST:((202)):DC_E_TEST_SERVICE:mdc', 4063, 'databaseLookup', 'TempRelease_SITE', 'DC_TIMEZONE', 'sql=select OSS_ID||'':''||SITE_FDN, TIMEZONE_VALUE from DIM_E_CN_SITE
basetable = DIM_E_CN_SITE', null );
insert into Transformation ( TRANSFORMERID, ORDERNO, TYPE, SOURCE, TARGET, CONFIG, DESCRIPTION ) values ( 'DC_E_TEST:((202)):DC_E_TEST_SERVICE:mdc', 4064, 'lookup', 'filename', 'DateTime', 'pattern=A(.{13}).+', null );
insert into Transformation ( TRANSFORMERID, ORDERNO, TYPE, SOURCE, TARGET, CONFIG, DESCRIPTION ) values ( 'DC_E_TEST:((202)):DC_E_TEST_SERVICE:mdc', 4065, 'Fixed', '', 'TZONE', 'value=null', null );
insert into Transformation ( TRANSFORMERID, ORDERNO, TYPE, SOURCE, TARGET, CONFIG, DESCRIPTION ) values ( 'DC_E_TEST:((202)):DC_E_TEST_SERVICE:mdc', 4066, 'copy', 'DC_TIMEZONE', 'TZONE', '', null );
insert into Transformation ( TRANSFORMERID, ORDERNO, TYPE, SOURCE, TARGET, CONFIG, DESCRIPTION ) values ( 'DC_E_TEST:((202)):DC_E_TEST_SERVICE:mdc', 4067, 'condition', 'TZONE', 'TIMEZONE_VALUE', 'factor=null
result1field=JVM_TIMEZONE
result2field=DC_TIMEZONE', null );
insert into Transformation ( TRANSFORMERID, ORDERNO, TYPE, SOURCE, TARGET, CONFIG, DESCRIPTION ) values ( 'DC_E_TEST:((202)):DC_E_TEST_SERVICE:mdc', 4068, 'copy', 'TIMEZONE_VALUE', 'DC_TIMEZONE', '', null );
insert into Transformation ( TRANSFORMERID, ORDERNO, TYPE, SOURCE, TARGET, CONFIG, DESCRIPTION ) values ( 'DC_E_TEST:((202)):DC_E_TEST_SERVICE:mdc', 4069, 'DateFormat', 'DateTime', 'DateTime_NE', 'oldformat=yyyyMMdd.HHmm
oldtimezone=+0000
newformat=yyyy-MM-dd HH:mm:ss
newtimezonefield=TIMEZONE_VALUE', null );
insert into Transformation ( TRANSFORMERID, ORDERNO, TYPE, SOURCE, TARGET, CONFIG, DESCRIPTION ) values ( 'DC_E_TEST:((202)):DC_E_TEST_SERVICE:mdc', 4070, 'defaulttimehandler', 'DateTime_NE', '', 'oldformat=yyyy-MM-dd HH:mm:ss', null );
insert into Transformation ( TRANSFORMERID, ORDERNO, TYPE, SOURCE, TARGET, CONFIG, DESCRIPTION ) values ( 'DC_E_TEST:((202)):DC_E_TEST_SERVICE:mdc', 4071, 'DateFormat', 'DateTime', 'UTC_DATETIME_ID', 'oldformat=yyyyMMdd.HHmm
newformat=yyyy-MM-dd HH:mm:ss', null );
insert into Transformation ( TRANSFORMERID, ORDERNO, TYPE, SOURCE, TARGET, CONFIG, DESCRIPTION ) values ( 'DC_E_TEST:((202)):DC_E_TEST_SERVICE:mdc', 4072, 'copy', 'SN', 'SN_temp', '', null );
insert into Transformation ( TRANSFORMERID, ORDERNO, TYPE, SOURCE, TARGET, CONFIG, DESCRIPTION ) values ( 'DC_E_TEST:((202)):DC_E_TEST_SERVICE:mdc', 4073, 'fixed', 'SubNtwrk_R_SN', 'SubNtwrk_R_SN', 'value=null
', null );
insert into Transformation ( TRANSFORMERID, ORDERNO, TYPE, SOURCE, TARGET, CONFIG, DESCRIPTION ) values ( 'DC_E_TEST:((202)):DC_E_TEST_SERVICE:mdc', 4074, 'lookup', 'SN_temp', 'SubNetwork_SN', 'pattern=(SubNetwork=.*?),.*
', null );
insert into Transformation ( TRANSFORMERID, ORDERNO, TYPE, SOURCE, TARGET, CONFIG, DESCRIPTION ) values ( 'DC_E_TEST:((202)):DC_E_TEST_SERVICE:mdc', 4075, 'lookup', 'SubNetwork_SN', 'SubNtwrk_R_SN', 'pattern=(SubNetwork=.*)_R$
', null );
insert into Transformation ( TRANSFORMERID, ORDERNO, TYPE, SOURCE, TARGET, CONFIG, DESCRIPTION ) values ( 'DC_E_TEST:((202)):DC_E_TEST_SERVICE:mdc', 4076, 'lookup', 'SN_temp', 'rest_of_SN', 'pattern=SubNetwork=.*?(,.*)
', null );
insert into Transformation ( TRANSFORMERID, ORDERNO, TYPE, SOURCE, TARGET, CONFIG, DESCRIPTION ) values ( 'DC_E_TEST:((202)):DC_E_TEST_SERVICE:mdc', 4077, 'preappender', 'rest_of_SN', 'final_SN', 'field=SubNtwrk_R_SN
', null );
insert into Transformation ( TRANSFORMERID, ORDERNO, TYPE, SOURCE, TARGET, CONFIG, DESCRIPTION ) values ( 'DC_E_TEST:((202)):DC_E_TEST_SERVICE:mdc', 4078, 'condition', 'SubNtwrk_R_SN', 'SN', 'factor=null
result1field=SN
result2field=final_SN
', null );
insert into Transformation ( TRANSFORMERID, ORDERNO, TYPE, SOURCE, TARGET, CONFIG, DESCRIPTION ) values ( 'DC_E_TEST:((202)):DC_E_TEST_SERVICE:mdc', 4079, 'copy', 'neun', 'neun_temp', '', null );
insert into Transformation ( TRANSFORMERID, ORDERNO, TYPE, SOURCE, TARGET, CONFIG, DESCRIPTION ) values ( 'DC_E_TEST:((202)):DC_E_TEST_SERVICE:mdc', 4080, 'fixed', 'SubNtwrk_R_neun', 'SubNtwrk_R_neun', 'value=null
', null );
insert into Transformation ( TRANSFORMERID, ORDERNO, TYPE, SOURCE, TARGET, CONFIG, DESCRIPTION ) values ( 'DC_E_TEST:((202)):DC_E_TEST_SERVICE:mdc', 4081, 'lookup', 'neun_temp', 'SubNetwork_neun', 'pattern=(SubNetwork=.*?),.*
', null );
insert into Transformation ( TRANSFORMERID, ORDERNO, TYPE, SOURCE, TARGET, CONFIG, DESCRIPTION ) values ( 'DC_E_TEST:((202)):DC_E_TEST_SERVICE:mdc', 4082, 'lookup', 'SubNetwork_neun', 'SubNtwrk_R_neun', 'pattern=(SubNetwork=.*)_R$
', null );
insert into Transformation ( TRANSFORMERID, ORDERNO, TYPE, SOURCE, TARGET, CONFIG, DESCRIPTION ) values ( 'DC_E_TEST:((202)):DC_E_TEST_SERVICE:mdc', 4083, 'lookup', 'neun_temp', 'rest_of_neun', 'pattern=SubNetwork=.*?(,.*)
', null );
insert into Transformation ( TRANSFORMERID, ORDERNO, TYPE, SOURCE, TARGET, CONFIG, DESCRIPTION ) values ( 'DC_E_TEST:((202)):DC_E_TEST_SERVICE:mdc', 4084, 'preappender', 'rest_of_neun', 'final_neun', 'field=SubNtwrk_R_neun
', null );
insert into Transformation ( TRANSFORMERID, ORDERNO, TYPE, SOURCE, TARGET, CONFIG, DESCRIPTION ) values ( 'DC_E_TEST:((202)):DC_E_TEST_SERVICE:mdc', 4085, 'condition', 'SubNtwrk_R_neun', 'neun', 'factor=null
result1field=neun
result2field=final_neun
', null );
insert into Transformation ( TRANSFORMERID, ORDERNO, TYPE, SOURCE, TARGET, CONFIG, DESCRIPTION ) values ( 'DC_E_TEST:((202)):DC_E_TEST_SERVICE:mdc', 4086, 'copy', 'nedn', 'nedn_temp', '', null );
insert into Transformation ( TRANSFORMERID, ORDERNO, TYPE, SOURCE, TARGET, CONFIG, DESCRIPTION ) values ( 'DC_E_TEST:((202)):DC_E_TEST_SERVICE:mdc', 4087, 'fixed', 'SubNtwrk_R_nedn', 'SubNtwrk_R_nedn', 'value=null
', null );
insert into Transformation ( TRANSFORMERID, ORDERNO, TYPE, SOURCE, TARGET, CONFIG, DESCRIPTION ) values ( 'DC_E_TEST:((202)):DC_E_TEST_SERVICE:mdc', 4088, 'lookup', 'nedn_temp', 'SubNetwork_nedn', 'pattern=(SubNetwork=.*?),.*
', null );
insert into Transformation ( TRANSFORMERID, ORDERNO, TYPE, SOURCE, TARGET, CONFIG, DESCRIPTION ) values ( 'DC_E_TEST:((202)):DC_E_TEST_SERVICE:mdc', 4089, 'lookup', 'SubNetwork_nedn', 'SubNtwrk_R_nedn', 'pattern=(SubNetwork=.*)_R$
', null );
insert into Transformation ( TRANSFORMERID, ORDERNO, TYPE, SOURCE, TARGET, CONFIG, DESCRIPTION ) values ( 'DC_E_TEST:((202)):DC_E_TEST_SERVICE:mdc', 4090, 'lookup', 'nedn_temp', 'rest_of_nedn', 'pattern=SubNetwork=.*?(,.*)
', null );
insert into Transformation ( TRANSFORMERID, ORDERNO, TYPE, SOURCE, TARGET, CONFIG, DESCRIPTION ) values ( 'DC_E_TEST:((202)):DC_E_TEST_SERVICE:mdc', 4091, 'preappender', 'rest_of_nedn', 'final_nedn', 'field=SubNtwrk_R_nedn
', null );
insert into Transformation ( TRANSFORMERID, ORDERNO, TYPE, SOURCE, TARGET, CONFIG, DESCRIPTION ) values ( 'DC_E_TEST:((202)):DC_E_TEST_SERVICE:mdc', 4092, 'condition', 'SubNtwrk_R_nedn', 'nedn', 'factor=null
result1field=nedn
result2field=final_nedn
', null );
insert into Transformation ( TRANSFORMERID, ORDERNO, TYPE, SOURCE, TARGET, CONFIG, DESCRIPTION ) values ( 'DC_E_TEST:((202)):DC_E_TEST_SERVICE:mdc', 4093, 'lookup', 'MOID', 'ServiceType', 'pattern=.+,(.+?)Service=.+$', null );
insert into Transformation ( TRANSFORMERID, ORDERNO, TYPE, SOURCE, TARGET, CONFIG, DESCRIPTION ) values ( 'DC_E_TEST:((202)):DC_E_TEST_SERVICE:mdc', 4094, 'lookup', 'MOID', 'ServiceId', 'pattern=.+Service=(.+?)', null );
insert into Transformer ( TRANSFORMERID, VERSIONID, DESCRIPTION, TYPE ) values ( 'DC_E_TEST:((202)):DC_E_TEST_INTERNALLINKGROUP_V:mdc', 'DC_E_TEST:((202))', '', 'SPECIFIC' );
insert into Transformation ( TRANSFORMERID, ORDERNO, TYPE, SOURCE, TARGET, CONFIG, DESCRIPTION ) values ( 'DC_E_TEST:((202)):DC_E_TEST_INTERNALLINKGROUP_V:mdc', 1319, 'lookup', 'DIRNAME', 'OSS_ID', 'pattern=.+/(.+)/.+?/.+?', null );
insert into Transformation ( TRANSFORMERID, ORDERNO, TYPE, SOURCE, TARGET, CONFIG, DESCRIPTION ) values ( 'DC_E_TEST:((202)):DC_E_TEST_INTERNALLINKGROUP_V:mdc', 1320, 'lookup', 'filename', 'NEName', 'pattern=^A.+?_(.+?)(?:\\.|:).+', null );
insert into Transformation ( TRANSFORMERID, ORDERNO, TYPE, SOURCE, TARGET, CONFIG, DESCRIPTION ) values ( 'DC_E_TEST:((202)):DC_E_TEST_INTERNALLINKGROUP_V:mdc', 1321, 'propertytokenizer', 'MOID', 'MOID', 'delim=,', null );
insert into Transformation ( TRANSFORMERID, ORDERNO, TYPE, SOURCE, TARGET, CONFIG, DESCRIPTION ) values ( 'DC_E_TEST:((202)):DC_E_TEST_INTERNALLINKGROUP_V:mdc', 1322, 'calculation', 'PERIOD_DURATION', 'PERIOD_DURATION', 'formula=/60', null );
insert into Transformation ( TRANSFORMERID, ORDERNO, TYPE, SOURCE, TARGET, CONFIG, DESCRIPTION ) values ( 'DC_E_TEST:((202)):DC_E_TEST_INTERNALLINKGROUP_V:mdc', 1323, 'databaseLookup', 'PERIOD_DURATION', 'TIMELEVEL', 'sql=select DURATIONMIN, TIMELEVEL from DIM_TIMELEVEL where TABLELEVEL = ''RAW''
basetable = DIM_TIMELEVEL', null );
insert into Transformation ( TRANSFORMERID, ORDERNO, TYPE, SOURCE, TARGET, CONFIG, DESCRIPTION ) values ( 'DC_E_TEST:((202)):DC_E_TEST_INTERNALLINKGROUP_V:mdc', 1324, 'copy', 'NEName', 'TempRelease_TEST', '', null );
insert into Transformation ( TRANSFORMERID, ORDERNO, TYPE, SOURCE, TARGET, CONFIG, DESCRIPTION ) values ( 'DC_E_TEST:((202)):DC_E_TEST_INTERNALLINKGROUP_V:mdc', 1325, 'preappender', 'TempRelease_TEST', 'TempRelease_TEST', 'fixed=:', null );
insert into Transformation ( TRANSFORMERID, ORDERNO, TYPE, SOURCE, TARGET, CONFIG, DESCRIPTION ) values ( 'DC_E_TEST:((202)):DC_E_TEST_INTERNALLINKGROUP_V:mdc', 1326, 'preappender', 'TempRelease_TEST', 'TempRelease_TEST', 'field=OSS_ID', null );
insert into Transformation ( TRANSFORMERID, ORDERNO, TYPE, SOURCE, TARGET, CONFIG, DESCRIPTION ) values ( 'DC_E_TEST:((202)):DC_E_TEST_INTERNALLINKGROUP_V:mdc', 1327, 'databaseLookup', 'TempRelease_TEST', 'DC_RELEASE', 'sql=select OSS_ID||'':''||NE_ID, NE_VERSION from DIM_E_CN_TEST 
basetable = DIM_E_CN_TEST', null );
insert into Transformation ( TRANSFORMERID, ORDERNO, TYPE, SOURCE, TARGET, CONFIG, DESCRIPTION ) values ( 'DC_E_TEST:((202)):DC_E_TEST_INTERNALLINKGROUP_V:mdc', 1328, 'copy', 'OSS_ID', 'DC_SOURCE', '', null );
insert into Transformation ( TRANSFORMERID, ORDERNO, TYPE, SOURCE, TARGET, CONFIG, DESCRIPTION ) values ( 'DC_E_TEST:((202)):DC_E_TEST_INTERNALLINKGROUP_V:mdc', 1329, 'condition', 'DC_SUSPECTFLAG', 'ROWSTATUS', 'factor=TRUE
result1=SUSPECTED
result2field=ROWSTATUS', null );
insert into Transformation ( TRANSFORMERID, ORDERNO, TYPE, SOURCE, TARGET, CONFIG, DESCRIPTION ) values ( 'DC_E_TEST:((202)):DC_E_TEST_INTERNALLINKGROUP_V:mdc', 1330, 'condition', 'DC_SUSPECTFLAG', 'DC_SUSPECTFLAG', 'factor=TRUE
result1=1
result2field=DC_SUSPECTFLAG', null );
insert into Transformation ( TRANSFORMERID, ORDERNO, TYPE, SOURCE, TARGET, CONFIG, DESCRIPTION ) values ( 'DC_E_TEST:((202)):DC_E_TEST_INTERNALLINKGROUP_V:mdc', 1331, 'condition', 'DC_SUSPECTFLAG', 'DC_SUSPECTFLAG', 'factor=FALSE
result1=0
result2field=DC_SUSPECTFLAG', null );
insert into Transformation ( TRANSFORMERID, ORDERNO, TYPE, SOURCE, TARGET, CONFIG, DESCRIPTION ) values ( 'DC_E_TEST:((202)):DC_E_TEST_INTERNALLINKGROUP_V:mdc', 1332, 'databaseLookup', 'TempRelease_TEST', 'SITE_FDN', 'sql=select OSS_ID||'':''||NE_ID, SITE_FDN from DIM_E_CN_TEST
basetable = DIM_E_CN_TEST', null );
insert into Transformation ( TRANSFORMERID, ORDERNO, TYPE, SOURCE, TARGET, CONFIG, DESCRIPTION ) values ( 'DC_E_TEST:((202)):DC_E_TEST_INTERNALLINKGROUP_V:mdc', 1333, 'copy', 'SITE_FDN', 'TempRelease_SITE', '', null );
insert into Transformation ( TRANSFORMERID, ORDERNO, TYPE, SOURCE, TARGET, CONFIG, DESCRIPTION ) values ( 'DC_E_TEST:((202)):DC_E_TEST_INTERNALLINKGROUP_V:mdc', 1334, 'preappender', 'TempRelease_SITE', 'TempRelease_SITE', 'fixed=:', null );
insert into Transformation ( TRANSFORMERID, ORDERNO, TYPE, SOURCE, TARGET, CONFIG, DESCRIPTION ) values ( 'DC_E_TEST:((202)):DC_E_TEST_INTERNALLINKGROUP_V:mdc', 1335, 'preappender', 'TempRelease_SITE', 'TempRelease_SITE', 'field=OSS_ID', null );
insert into Transformation ( TRANSFORMERID, ORDERNO, TYPE, SOURCE, TARGET, CONFIG, DESCRIPTION ) values ( 'DC_E_TEST:((202)):DC_E_TEST_INTERNALLINKGROUP_V:mdc', 1336, 'databaseLookup', 'TempRelease_SITE', 'DC_TIMEZONE', 'sql=select OSS_ID||'':''||SITE_FDN, TIMEZONE_VALUE from DIM_E_CN_SITE
basetable = DIM_E_CN_SITE', null );
insert into Transformation ( TRANSFORMERID, ORDERNO, TYPE, SOURCE, TARGET, CONFIG, DESCRIPTION ) values ( 'DC_E_TEST:((202)):DC_E_TEST_INTERNALLINKGROUP_V:mdc', 1337, 'lookup', 'filename', 'DateTime', 'pattern=A(.{13}).+', null );
insert into Transformation ( TRANSFORMERID, ORDERNO, TYPE, SOURCE, TARGET, CONFIG, DESCRIPTION ) values ( 'DC_E_TEST:((202)):DC_E_TEST_INTERNALLINKGROUP_V:mdc', 1338, 'Fixed', '', 'TZONE', 'value=null', null );
insert into Transformation ( TRANSFORMERID, ORDERNO, TYPE, SOURCE, TARGET, CONFIG, DESCRIPTION ) values ( 'DC_E_TEST:((202)):DC_E_TEST_INTERNALLINKGROUP_V:mdc', 1339, 'copy', 'DC_TIMEZONE', 'TZONE', '', null );
insert into Transformation ( TRANSFORMERID, ORDERNO, TYPE, SOURCE, TARGET, CONFIG, DESCRIPTION ) values ( 'DC_E_TEST:((202)):DC_E_TEST_INTERNALLINKGROUP_V:mdc', 1340, 'condition', 'TZONE', 'TIMEZONE_VALUE', 'factor=null
result1field=JVM_TIMEZONE
result2field=DC_TIMEZONE', null );
insert into Transformation ( TRANSFORMERID, ORDERNO, TYPE, SOURCE, TARGET, CONFIG, DESCRIPTION ) values ( 'DC_E_TEST:((202)):DC_E_TEST_INTERNALLINKGROUP_V:mdc', 1341, 'copy', 'TIMEZONE_VALUE', 'DC_TIMEZONE', '', null );
insert into Transformation ( TRANSFORMERID, ORDERNO, TYPE, SOURCE, TARGET, CONFIG, DESCRIPTION ) values ( 'DC_E_TEST:((202)):DC_E_TEST_INTERNALLINKGROUP_V:mdc', 1342, 'DateFormat', 'DateTime', 'DateTime_NE', 'oldformat=yyyyMMdd.HHmm
oldtimezone=+0000
newformat=yyyy-MM-dd HH:mm:ss
newtimezonefield=TIMEZONE_VALUE', null );
insert into Transformation ( TRANSFORMERID, ORDERNO, TYPE, SOURCE, TARGET, CONFIG, DESCRIPTION ) values ( 'DC_E_TEST:((202)):DC_E_TEST_INTERNALLINKGROUP_V:mdc', 1343, 'defaulttimehandler', 'DateTime_NE', '', 'oldformat=yyyy-MM-dd HH:mm:ss', null );
insert into Transformation ( TRANSFORMERID, ORDERNO, TYPE, SOURCE, TARGET, CONFIG, DESCRIPTION ) values ( 'DC_E_TEST:((202)):DC_E_TEST_INTERNALLINKGROUP_V:mdc', 1344, 'DateFormat', 'DateTime', 'UTC_DATETIME_ID', 'oldformat=yyyyMMdd.HHmm
newformat=yyyy-MM-dd HH:mm:ss', null );
insert into Transformation ( TRANSFORMERID, ORDERNO, TYPE, SOURCE, TARGET, CONFIG, DESCRIPTION ) values ( 'DC_E_TEST:((202)):DC_E_TEST_INTERNALLINKGROUP_V:mdc', 1345, 'copy', 'SN', 'SN_temp', '', null );
insert into Transformation ( TRANSFORMERID, ORDERNO, TYPE, SOURCE, TARGET, CONFIG, DESCRIPTION ) values ( 'DC_E_TEST:((202)):DC_E_TEST_INTERNALLINKGROUP_V:mdc', 1346, 'fixed', 'SubNtwrk_R_SN', 'SubNtwrk_R_SN', 'value=null
', null );
insert into Transformation ( TRANSFORMERID, ORDERNO, TYPE, SOURCE, TARGET, CONFIG, DESCRIPTION ) values ( 'DC_E_TEST:((202)):DC_E_TEST_INTERNALLINKGROUP_V:mdc', 1347, 'lookup', 'SN_temp', 'SubNetwork_SN', 'pattern=(SubNetwork=.*?),.*
', null );
insert into Transformation ( TRANSFORMERID, ORDERNO, TYPE, SOURCE, TARGET, CONFIG, DESCRIPTION ) values ( 'DC_E_TEST:((202)):DC_E_TEST_INTERNALLINKGROUP_V:mdc', 1348, 'lookup', 'SubNetwork_SN', 'SubNtwrk_R_SN', 'pattern=(SubNetwork=.*)_R$
', null );
insert into Transformation ( TRANSFORMERID, ORDERNO, TYPE, SOURCE, TARGET, CONFIG, DESCRIPTION ) values ( 'DC_E_TEST:((202)):DC_E_TEST_INTERNALLINKGROUP_V:mdc', 1349, 'lookup', 'SN_temp', 'rest_of_SN', 'pattern=SubNetwork=.*?(,.*)
', null );
insert into Transformation ( TRANSFORMERID, ORDERNO, TYPE, SOURCE, TARGET, CONFIG, DESCRIPTION ) values ( 'DC_E_TEST:((202)):DC_E_TEST_INTERNALLINKGROUP_V:mdc', 1350, 'preappender', 'rest_of_SN', 'final_SN', 'field=SubNtwrk_R_SN
', null );
insert into Transformation ( TRANSFORMERID, ORDERNO, TYPE, SOURCE, TARGET, CONFIG, DESCRIPTION ) values ( 'DC_E_TEST:((202)):DC_E_TEST_INTERNALLINKGROUP_V:mdc', 1351, 'condition', 'SubNtwrk_R_SN', 'SN', 'factor=null
result1field=SN
result2field=final_SN
', null );
insert into Transformation ( TRANSFORMERID, ORDERNO, TYPE, SOURCE, TARGET, CONFIG, DESCRIPTION ) values ( 'DC_E_TEST:((202)):DC_E_TEST_INTERNALLINKGROUP_V:mdc', 1352, 'copy', 'neun', 'neun_temp', '', null );
insert into Transformation ( TRANSFORMERID, ORDERNO, TYPE, SOURCE, TARGET, CONFIG, DESCRIPTION ) values ( 'DC_E_TEST:((202)):DC_E_TEST_INTERNALLINKGROUP_V:mdc', 1353, 'fixed', 'SubNtwrk_R_neun', 'SubNtwrk_R_neun', 'value=null
', null );
insert into Transformation ( TRANSFORMERID, ORDERNO, TYPE, SOURCE, TARGET, CONFIG, DESCRIPTION ) values ( 'DC_E_TEST:((202)):DC_E_TEST_INTERNALLINKGROUP_V:mdc', 1354, 'lookup', 'neun_temp', 'SubNetwork_neun', 'pattern=(SubNetwork=.*?),.*
', null );
insert into Transformation ( TRANSFORMERID, ORDERNO, TYPE, SOURCE, TARGET, CONFIG, DESCRIPTION ) values ( 'DC_E_TEST:((202)):DC_E_TEST_INTERNALLINKGROUP_V:mdc', 1355, 'lookup', 'SubNetwork_neun', 'SubNtwrk_R_neun', 'pattern=(SubNetwork=.*)_R$
', null );
insert into Transformation ( TRANSFORMERID, ORDERNO, TYPE, SOURCE, TARGET, CONFIG, DESCRIPTION ) values ( 'DC_E_TEST:((202)):DC_E_TEST_INTERNALLINKGROUP_V:mdc', 1356, 'lookup', 'neun_temp', 'rest_of_neun', 'pattern=SubNetwork=.*?(,.*)
', null );
insert into Transformation ( TRANSFORMERID, ORDERNO, TYPE, SOURCE, TARGET, CONFIG, DESCRIPTION ) values ( 'DC_E_TEST:((202)):DC_E_TEST_INTERNALLINKGROUP_V:mdc', 1357, 'preappender', 'rest_of_neun', 'final_neun', 'field=SubNtwrk_R_neun
', null );
insert into Transformation ( TRANSFORMERID, ORDERNO, TYPE, SOURCE, TARGET, CONFIG, DESCRIPTION ) values ( 'DC_E_TEST:((202)):DC_E_TEST_INTERNALLINKGROUP_V:mdc', 1358, 'condition', 'SubNtwrk_R_neun', 'neun', 'factor=null
result1field=neun
result2field=final_neun
', null );
insert into Transformation ( TRANSFORMERID, ORDERNO, TYPE, SOURCE, TARGET, CONFIG, DESCRIPTION ) values ( 'DC_E_TEST:((202)):DC_E_TEST_INTERNALLINKGROUP_V:mdc', 1359, 'copy', 'nedn', 'nedn_temp', '', null );
insert into Transformation ( TRANSFORMERID, ORDERNO, TYPE, SOURCE, TARGET, CONFIG, DESCRIPTION ) values ( 'DC_E_TEST:((202)):DC_E_TEST_INTERNALLINKGROUP_V:mdc', 1360, 'fixed', 'SubNtwrk_R_nedn', 'SubNtwrk_R_nedn', 'value=null
', null );
insert into Transformation ( TRANSFORMERID, ORDERNO, TYPE, SOURCE, TARGET, CONFIG, DESCRIPTION ) values ( 'DC_E_TEST:((202)):DC_E_TEST_INTERNALLINKGROUP_V:mdc', 1361, 'lookup', 'nedn_temp', 'SubNetwork_nedn', 'pattern=(SubNetwork=.*?),.*
', null );
insert into Transformation ( TRANSFORMERID, ORDERNO, TYPE, SOURCE, TARGET, CONFIG, DESCRIPTION ) values ( 'DC_E_TEST:((202)):DC_E_TEST_INTERNALLINKGROUP_V:mdc', 1362, 'lookup', 'SubNetwork_nedn', 'SubNtwrk_R_nedn', 'pattern=(SubNetwork=.*)_R$
', null );
insert into Transformation ( TRANSFORMERID, ORDERNO, TYPE, SOURCE, TARGET, CONFIG, DESCRIPTION ) values ( 'DC_E_TEST:((202)):DC_E_TEST_INTERNALLINKGROUP_V:mdc', 1363, 'lookup', 'nedn_temp', 'rest_of_nedn', 'pattern=SubNetwork=.*?(,.*)
', null );
insert into Transformation ( TRANSFORMERID, ORDERNO, TYPE, SOURCE, TARGET, CONFIG, DESCRIPTION ) values ( 'DC_E_TEST:((202)):DC_E_TEST_INTERNALLINKGROUP_V:mdc', 1364, 'preappender', 'rest_of_nedn', 'final_nedn', 'field=SubNtwrk_R_nedn
', null );
insert into Transformation ( TRANSFORMERID, ORDERNO, TYPE, SOURCE, TARGET, CONFIG, DESCRIPTION ) values ( 'DC_E_TEST:((202)):DC_E_TEST_INTERNALLINKGROUP_V:mdc', 1365, 'condition', 'SubNtwrk_R_nedn', 'nedn', 'factor=null
result1field=nedn
result2field=final_nedn
', null );
insert into Referencetable ( TYPEID, VERSIONID, TYPENAME, OBJECTID, OBJECTNAME, OBJECTVERSION, OBJECTTYPE, DESCRIPTION, STATUS, UPDATE_POLICY, TABLE_TYPE, DATAFORMATSUPPORT, BASEDEF ) values ( 'DC_E_TEST:((202)):DIM_E_TEST_VCLTPBH_BHTYPE', 'DC_E_TEST:((202))', 'DIM_E_TEST_VCLTPBH_BHTYPE', 'DC_E_TEST:((202)):DIM_E_TEST_VCLTPBH_BHTYPE', 'DIM_E_TEST_VCLTPBH_BHTYPE', '', '', '', 0, 0, '', 0, 1 );
insert into Referencecolumn ( TYPEID, DATANAME, COLNUMBER, DATATYPE, DATASIZE, DATASCALE, UNIQUEVALUE, NULLABLE, INDEXES, UNIQUEKEY, INCLUDESQL, INCLUDEUPD, COLTYPE, DESCRIPTION, UNIVERSECLASS, UNIVERSEOBJECT, UNIVERSECONDITION, DATAID, BASEDEF ) values ( 'DC_E_TEST:((202)):DIM_E_TEST_VCLTPBH_BHTYPE', 'BHTYPE', 1, 'varchar', 50, 0, 255, 1, 'HG', 0, 1, 1, 'PUBLICCOL', null, null, null, null, null, 1 );
insert into Referencecolumn ( TYPEID, DATANAME, COLNUMBER, DATATYPE, DATASIZE, DATASCALE, UNIQUEVALUE, NULLABLE, INDEXES, UNIQUEKEY, INCLUDESQL, INCLUDEUPD, COLTYPE, DESCRIPTION, UNIVERSECLASS, UNIVERSEOBJECT, UNIVERSECONDITION, DATAID, BASEDEF ) values ( 'DC_E_TEST:((202)):DIM_E_TEST_VCLTPBH_BHTYPE', 'DESCRIPTION', 2, 'varchar', 80, 0, 255, 1, 'HG', 0, 1, 1, 'PUBLICCOL', null, null, null, null, null, 1 );
insert into Referencetable ( TYPEID, VERSIONID, TYPENAME, OBJECTID, OBJECTNAME, OBJECTVERSION, OBJECTTYPE, DESCRIPTION, STATUS, UPDATE_POLICY, TABLE_TYPE, DATAFORMATSUPPORT, BASEDEF ) values ( 'DC_E_TEST:((202)):DIM_E_TEST_ELEMBH_BHTYPE', 'DC_E_TEST:((202))', 'DIM_E_TEST_ELEMBH_BHTYPE', 'DC_E_TEST:((202)):DIM_E_TEST_ELEMBH_BHTYPE', 'DIM_E_TEST_ELEMBH_BHTYPE', '', '', '', 0, 0, '', 0, 1 );
insert into Referencecolumn ( TYPEID, DATANAME, COLNUMBER, DATATYPE, DATASIZE, DATASCALE, UNIQUEVALUE, NULLABLE, INDEXES, UNIQUEKEY, INCLUDESQL, INCLUDEUPD, COLTYPE, DESCRIPTION, UNIVERSECLASS, UNIVERSEOBJECT, UNIVERSECONDITION, DATAID, BASEDEF ) values ( 'DC_E_TEST:((202)):DIM_E_TEST_ELEMBH_BHTYPE', 'BHTYPE', 1, 'varchar', 50, 0, 255, 1, 'HG', 0, 1, 1, 'PUBLICCOL', null, null, null, null, null, 1 );
insert into Referencecolumn ( TYPEID, DATANAME, COLNUMBER, DATATYPE, DATASIZE, DATASCALE, UNIQUEVALUE, NULLABLE, INDEXES, UNIQUEKEY, INCLUDESQL, INCLUDEUPD, COLTYPE, DESCRIPTION, UNIVERSECLASS, UNIVERSEOBJECT, UNIVERSECONDITION, DATAID, BASEDEF ) values ( 'DC_E_TEST:((202)):DIM_E_TEST_ELEMBH_BHTYPE', 'DESCRIPTION', 2, 'varchar', 80, 0, 255, 1, 'HG', 0, 1, 1, 'PUBLICCOL', null, null, null, null, null, 1 );
insert into Referencetable ( TYPEID, VERSIONID, TYPENAME, OBJECTID, OBJECTNAME, OBJECTVERSION, OBJECTTYPE, DESCRIPTION, STATUS, UPDATE_POLICY, TABLE_TYPE, DATAFORMATSUPPORT, BASEDEF ) values ( 'DC_E_TEST:((202)):SELECT_E_TEST_AGGLEVEL', 'DC_E_TEST:((202))', 'SELECT_E_TEST_AGGLEVEL', 'DC_E_TEST:((202)):SELECT_E_TEST_AGGLEVEL', 'SELECT_E_TEST_AGGLEVEL', '', '', '', 0, 0, 'VIEW', 0, 1 );
insert into Dataformat ( DATAFORMATID, TYPEID, VERSIONID, OBJECTTYPE, FOLDERNAME, DATAFORMATTYPE ) values ( 'DC_E_TEST:((202)):DC_E_TEST_INTERNALLINKGROUP_V:mdc', 'DC_E_TEST:((202)):DC_E_TEST_INTERNALLINKGROUP_V', 'DC_E_TEST:((202))', 'Measurement', 'DC_E_TEST_INTERNALLINKGROUP_V', 'mdc' );
insert into Defaulttags ( TAGID, DATAFORMATID, DESCRIPTION ) values ( 'InternalLinkGroup_V', 'DC_E_TEST:((202)):DC_E_TEST_INTERNALLINKGROUP_V:mdc', 'Default tags for DC_E_TEST_INTERNALLINKGROUP_V in DC_E_TEST:((202)) with format mdc.' );
insert into Dataitem ( DATAFORMATID, DATANAME, COLNUMBER, DATAID, PROCESS_INSTRUCTION, DATATYPE, DATASIZE, DATASCALE ) values ( 'DC_E_TEST:((202)):DC_E_TEST_INTERNALLINKGROUP_V:mdc', 'YEAR_ID', 13, 'YEAR_ID', '', 'smallint', 0, 0 );
insert into Dataitem ( DATAFORMATID, DATANAME, COLNUMBER, DATAID, PROCESS_INSTRUCTION, DATATYPE, DATASIZE, DATASCALE ) values ( 'DC_E_TEST:((202)):DC_E_TEST_INTERNALLINKGROUP_V:mdc', 'MONTH_ID', 14, 'MONTH_ID', '', 'tinyint', 0, 0 );
insert into Dataitem ( DATAFORMATID, DATANAME, COLNUMBER, DATAID, PROCESS_INSTRUCTION, DATATYPE, DATASIZE, DATASCALE ) values ( 'DC_E_TEST:((202)):DC_E_TEST_INTERNALLINKGROUP_V:mdc', 'DAY_ID', 15, 'DAY_ID', '', 'tinyint', 0, 0 );
insert into Dataitem ( DATAFORMATID, DATANAME, COLNUMBER, DATAID, PROCESS_INSTRUCTION, DATATYPE, DATASIZE, DATASCALE ) values ( 'DC_E_TEST:((202)):DC_E_TEST_INTERNALLINKGROUP_V:mdc', 'HOUR_ID', 16, 'HOUR_ID', '', 'tinyint', 0, 0 );
insert into Dataitem ( DATAFORMATID, DATANAME, COLNUMBER, DATAID, PROCESS_INSTRUCTION, DATATYPE, DATASIZE, DATASCALE ) values ( 'DC_E_TEST:((202)):DC_E_TEST_INTERNALLINKGROUP_V:mdc', 'DATETIME_ID', 17, 'DATETIME_ID', '', 'datetime', 0, 0 );
insert into Dataitem ( DATAFORMATID, DATANAME, COLNUMBER, DATAID, PROCESS_INSTRUCTION, DATATYPE, DATASIZE, DATASCALE ) values ( 'DC_E_TEST:((202)):DC_E_TEST_INTERNALLINKGROUP_V:mdc', 'MIN_ID', 18, 'MIN_ID', '', 'tinyint', 0, 0 );
insert into Dataitem ( DATAFORMATID, DATANAME, COLNUMBER, DATAID, PROCESS_INSTRUCTION, DATATYPE, DATASIZE, DATASCALE ) values ( 'DC_E_TEST:((202)):DC_E_TEST_INTERNALLINKGROUP_V:mdc', 'TIMELEVEL', 19, 'TIMELEVEL', '', 'varchar', 10, 0 );
insert into Dataitem ( DATAFORMATID, DATANAME, COLNUMBER, DATAID, PROCESS_INSTRUCTION, DATATYPE, DATASIZE, DATASCALE ) values ( 'DC_E_TEST:((202)):DC_E_TEST_INTERNALLINKGROUP_V:mdc', 'SESSION_ID', 20, 'SESSION_ID', '', 'unsigned int', 0, 0 );
insert into Dataitem ( DATAFORMATID, DATANAME, COLNUMBER, DATAID, PROCESS_INSTRUCTION, DATATYPE, DATASIZE, DATASCALE ) values ( 'DC_E_TEST:((202)):DC_E_TEST_INTERNALLINKGROUP_V:mdc', 'BATCH_ID', 21, 'BATCH_ID', '', 'smallint', 0, 0 );
insert into Dataitem ( DATAFORMATID, DATANAME, COLNUMBER, DATAID, PROCESS_INSTRUCTION, DATATYPE, DATASIZE, DATASCALE ) values ( 'DC_E_TEST:((202)):DC_E_TEST_INTERNALLINKGROUP_V:mdc', 'PERIOD_DURATION', 22, 'PERIOD_DURATION', '', 'unsigned int', 0, 0 );
insert into Dataitem ( DATAFORMATID, DATANAME, COLNUMBER, DATAID, PROCESS_INSTRUCTION, DATATYPE, DATASIZE, DATASCALE ) values ( 'DC_E_TEST:((202)):DC_E_TEST_INTERNALLINKGROUP_V:mdc', 'ROWSTATUS', 23, 'ROWSTATUS', '', 'varchar', 16, 0 );
insert into Dataitem ( DATAFORMATID, DATANAME, COLNUMBER, DATAID, PROCESS_INSTRUCTION, DATATYPE, DATASIZE, DATASCALE ) values ( 'DC_E_TEST:((202)):DC_E_TEST_INTERNALLINKGROUP_V:mdc', 'DC_RELEASE', 24, 'DC_RELEASE', '', 'varchar', 16, 0 );
insert into Dataitem ( DATAFORMATID, DATANAME, COLNUMBER, DATAID, PROCESS_INSTRUCTION, DATATYPE, DATASIZE, DATASCALE ) values ( 'DC_E_TEST:((202)):DC_E_TEST_INTERNALLINKGROUP_V:mdc', 'DC_SOURCE', 25, 'DC_SOURCE', '', 'varchar', 16, 0 );
insert into Dataitem ( DATAFORMATID, DATANAME, COLNUMBER, DATAID, PROCESS_INSTRUCTION, DATATYPE, DATASIZE, DATASCALE ) values ( 'DC_E_TEST:((202)):DC_E_TEST_INTERNALLINKGROUP_V:mdc', 'DC_TIMEZONE', 26, 'DC_TIMEZONE', '', 'varchar', 16, 0 );
insert into Dataitem ( DATAFORMATID, DATANAME, COLNUMBER, DATAID, PROCESS_INSTRUCTION, DATATYPE, DATASIZE, DATASCALE ) values ( 'DC_E_TEST:((202)):DC_E_TEST_INTERNALLINKGROUP_V:mdc', 'DC_SUSPECTFLAG', 27, 'DC_SUSPECTFLAG', '', 'int', 0, 0 );
insert into Dataitem ( DATAFORMATID, DATANAME, COLNUMBER, DATAID, PROCESS_INSTRUCTION, DATATYPE, DATASIZE, DATASCALE ) values ( 'DC_E_TEST:((202)):DC_E_TEST_INTERNALLINKGROUP_V:mdc', 'UTC_DATETIME_ID', 28, 'UTC_DATETIME_ID', '', 'datetime', 0, 0 );
insert into Dataitem ( DATAFORMATID, DATANAME, COLNUMBER, DATAID, PROCESS_INSTRUCTION, DATATYPE, DATASIZE, DATASCALE ) values ( 'DC_E_TEST:((202)):DC_E_TEST_INTERNALLINKGROUP_V:mdc', 'pmPeakBwLevel', 29, 'pmPeakBwLevel', 'VECTOR', 'numeric', 18, 0 );
insert into Dataitem ( DATAFORMATID, DATANAME, COLNUMBER, DATAID, PROCESS_INSTRUCTION, DATATYPE, DATASIZE, DATASCALE ) values ( 'DC_E_TEST:((202)):DC_E_TEST_INTERNALLINKGROUP_V:mdc', 'NEDN', 4, 'nedn', 'key', 'varchar', 255, 0 );
insert into Dataitem ( DATAFORMATID, DATANAME, COLNUMBER, DATAID, PROCESS_INSTRUCTION, DATATYPE, DATASIZE, DATASCALE ) values ( 'DC_E_TEST:((202)):DC_E_TEST_INTERNALLINKGROUP_V:mdc', 'NESW', 5, 'nesw', 'key', 'varchar', 35, 0 );
insert into Dataitem ( DATAFORMATID, DATANAME, COLNUMBER, DATAID, PROCESS_INSTRUCTION, DATATYPE, DATASIZE, DATASCALE ) values ( 'DC_E_TEST:((202)):DC_E_TEST_INTERNALLINKGROUP_V:mdc', 'NEUN', 3, 'NEUN', 'key', 'varchar', 64, 0 );
insert into Dataitem ( DATAFORMATID, DATANAME, COLNUMBER, DATAID, PROCESS_INSTRUCTION, DATATYPE, DATASIZE, DATASCALE ) values ( 'DC_E_TEST:((202)):DC_E_TEST_INTERNALLINKGROUP_V:mdc', 'OSS_ID', 1, 'OSS_ID', 'key', 'varchar', 50, 0 );
insert into Dataitem ( DATAFORMATID, DATANAME, COLNUMBER, DATAID, PROCESS_INSTRUCTION, DATATYPE, DATASIZE, DATASCALE ) values ( 'DC_E_TEST:((202)):DC_E_TEST_INTERNALLINKGROUP_V:mdc', 'DATE_ID', 12, 'DATE_ID', '', 'date', 0, 0 );
insert into Dataitem ( DATAFORMATID, DATANAME, COLNUMBER, DATAID, PROCESS_INSTRUCTION, DATATYPE, DATASIZE, DATASCALE ) values ( 'DC_E_TEST:((202)):DC_E_TEST_INTERNALLINKGROUP_V:mdc', 'DCVECTOR_INDEX', 11, 'DCVECTOR_INDEX', 'key', 'integer', 0, 0 );
insert into Dataitem ( DATAFORMATID, DATANAME, COLNUMBER, DATAID, PROCESS_INSTRUCTION, DATATYPE, DATASIZE, DATASCALE ) values ( 'DC_E_TEST:((202)):DC_E_TEST_INTERNALLINKGROUP_V:mdc', 'InternalLinkGroup', 9, 'MOID.InternalLinkGroup', 'key', 'varchar', 35, 0 );
insert into Dataitem ( DATAFORMATID, DATANAME, COLNUMBER, DATAID, PROCESS_INSTRUCTION, DATATYPE, DATASIZE, DATASCALE ) values ( 'DC_E_TEST:((202)):DC_E_TEST_INTERNALLINKGROUP_V:mdc', 'TEST', 6, 'NEName', 'key', 'varchar', 64, 0 );
insert into Dataitem ( DATAFORMATID, DATANAME, COLNUMBER, DATAID, PROCESS_INSTRUCTION, DATATYPE, DATASIZE, DATASCALE ) values ( 'DC_E_TEST:((202)):DC_E_TEST_INTERNALLINKGROUP_V:mdc', 'MOID', 7, 'MOID', 'key', 'varchar', 255, 0 );
insert into Dataitem ( DATAFORMATID, DATANAME, COLNUMBER, DATAID, PROCESS_INSTRUCTION, DATATYPE, DATASIZE, DATASCALE ) values ( 'DC_E_TEST:((202)):DC_E_TEST_INTERNALLINKGROUP_V:mdc', 'SN', 2, 'SN', 'key', 'varchar', 255, 0 );
insert into Dataitem ( DATAFORMATID, DATANAME, COLNUMBER, DATAID, PROCESS_INSTRUCTION, DATATYPE, DATASIZE, DATASCALE ) values ( 'DC_E_TEST:((202)):DC_E_TEST_INTERNALLINKGROUP_V:mdc', 'SwitchFabric', 8, 'MOID.SwitchFabric', 'key', 'varchar', 35, 0 );
insert into Dataitem ( DATAFORMATID, DATANAME, COLNUMBER, DATAID, PROCESS_INSTRUCTION, DATATYPE, DATASIZE, DATASCALE ) values ( 'DC_E_TEST:((202)):DC_E_TEST_INTERNALLINKGROUP_V:mdc', 'userLabel', 10, 'userLabel', 'key', 'varchar', 35, 0 );
insert into Dataformat ( DATAFORMATID, TYPEID, VERSIONID, OBJECTTYPE, FOLDERNAME, DATAFORMATTYPE ) values ( 'DC_E_TEST:((202)):DC_E_TEST_VCLTP:mdc', 'DC_E_TEST:((202)):DC_E_TEST_VCLTP', 'DC_E_TEST:((202))', 'Measurement', 'DC_E_TEST_VCLTP', 'mdc' );
insert into Defaulttags ( TAGID, DATAFORMATID, DESCRIPTION ) values ( 'VclTp', 'DC_E_TEST:((202)):DC_E_TEST_VCLTP:mdc', 'Default tags for DC_E_TEST_VCLTP in DC_E_TEST:((202)) with format mdc.' );
insert into Dataitem ( DATAFORMATID, DATANAME, COLNUMBER, DATAID, PROCESS_INSTRUCTION, DATATYPE, DATASIZE, DATASCALE ) values ( 'DC_E_TEST:((202)):DC_E_TEST_VCLTP:mdc', 'YEAR_ID', 16, 'YEAR_ID', '', 'smallint', 0, 0 );
insert into Dataitem ( DATAFORMATID, DATANAME, COLNUMBER, DATAID, PROCESS_INSTRUCTION, DATATYPE, DATASIZE, DATASCALE ) values ( 'DC_E_TEST:((202)):DC_E_TEST_VCLTP:mdc', 'MONTH_ID', 17, 'MONTH_ID', '', 'tinyint', 0, 0 );
insert into Dataitem ( DATAFORMATID, DATANAME, COLNUMBER, DATAID, PROCESS_INSTRUCTION, DATATYPE, DATASIZE, DATASCALE ) values ( 'DC_E_TEST:((202)):DC_E_TEST_VCLTP:mdc', 'DAY_ID', 18, 'DAY_ID', '', 'tinyint', 0, 0 );
insert into Dataitem ( DATAFORMATID, DATANAME, COLNUMBER, DATAID, PROCESS_INSTRUCTION, DATATYPE, DATASIZE, DATASCALE ) values ( 'DC_E_TEST:((202)):DC_E_TEST_VCLTP:mdc', 'HOUR_ID', 19, 'HOUR_ID', '', 'tinyint', 0, 0 );
insert into Dataitem ( DATAFORMATID, DATANAME, COLNUMBER, DATAID, PROCESS_INSTRUCTION, DATATYPE, DATASIZE, DATASCALE ) values ( 'DC_E_TEST:((202)):DC_E_TEST_VCLTP:mdc', 'DATETIME_ID', 20, 'DATETIME_ID', '', 'datetime', 0, 0 );
insert into Dataitem ( DATAFORMATID, DATANAME, COLNUMBER, DATAID, PROCESS_INSTRUCTION, DATATYPE, DATASIZE, DATASCALE ) values ( 'DC_E_TEST:((202)):DC_E_TEST_VCLTP:mdc', 'MIN_ID', 21, 'MIN_ID', '', 'tinyint', 0, 0 );
insert into Dataitem ( DATAFORMATID, DATANAME, COLNUMBER, DATAID, PROCESS_INSTRUCTION, DATATYPE, DATASIZE, DATASCALE ) values ( 'DC_E_TEST:((202)):DC_E_TEST_VCLTP:mdc', 'TIMELEVEL', 22, 'TIMELEVEL', '', 'varchar', 10, 0 );
insert into Dataitem ( DATAFORMATID, DATANAME, COLNUMBER, DATAID, PROCESS_INSTRUCTION, DATATYPE, DATASIZE, DATASCALE ) values ( 'DC_E_TEST:((202)):DC_E_TEST_VCLTP:mdc', 'SESSION_ID', 23, 'SESSION_ID', '', 'unsigned int', 0, 0 );
insert into Dataitem ( DATAFORMATID, DATANAME, COLNUMBER, DATAID, PROCESS_INSTRUCTION, DATATYPE, DATASIZE, DATASCALE ) values ( 'DC_E_TEST:((202)):DC_E_TEST_VCLTP:mdc', 'BATCH_ID', 24, 'BATCH_ID', '', 'smallint', 0, 0 );
insert into Dataitem ( DATAFORMATID, DATANAME, COLNUMBER, DATAID, PROCESS_INSTRUCTION, DATATYPE, DATASIZE, DATASCALE ) values ( 'DC_E_TEST:((202)):DC_E_TEST_VCLTP:mdc', 'PERIOD_DURATION', 25, 'PERIOD_DURATION', '', 'unsigned int', 0, 0 );
insert into Dataitem ( DATAFORMATID, DATANAME, COLNUMBER, DATAID, PROCESS_INSTRUCTION, DATATYPE, DATASIZE, DATASCALE ) values ( 'DC_E_TEST:((202)):DC_E_TEST_VCLTP:mdc', 'ROWSTATUS', 26, 'ROWSTATUS', '', 'varchar', 16, 0 );
insert into Dataitem ( DATAFORMATID, DATANAME, COLNUMBER, DATAID, PROCESS_INSTRUCTION, DATATYPE, DATASIZE, DATASCALE ) values ( 'DC_E_TEST:((202)):DC_E_TEST_VCLTP:mdc', 'DC_RELEASE', 27, 'DC_RELEASE', '', 'varchar', 16, 0 );
insert into Dataitem ( DATAFORMATID, DATANAME, COLNUMBER, DATAID, PROCESS_INSTRUCTION, DATATYPE, DATASIZE, DATASCALE ) values ( 'DC_E_TEST:((202)):DC_E_TEST_VCLTP:mdc', 'DC_SOURCE', 28, 'DC_SOURCE', '', 'varchar', 16, 0 );
insert into Dataitem ( DATAFORMATID, DATANAME, COLNUMBER, DATAID, PROCESS_INSTRUCTION, DATATYPE, DATASIZE, DATASCALE ) values ( 'DC_E_TEST:((202)):DC_E_TEST_VCLTP:mdc', 'DC_TIMEZONE', 29, 'DC_TIMEZONE', '', 'varchar', 16, 0 );
insert into Dataitem ( DATAFORMATID, DATANAME, COLNUMBER, DATAID, PROCESS_INSTRUCTION, DATATYPE, DATASIZE, DATASCALE ) values ( 'DC_E_TEST:((202)):DC_E_TEST_VCLTP:mdc', 'DC_SUSPECTFLAG', 30, 'DC_SUSPECTFLAG', '', 'int', 0, 0 );
insert into Dataitem ( DATAFORMATID, DATANAME, COLNUMBER, DATAID, PROCESS_INSTRUCTION, DATATYPE, DATASIZE, DATASCALE ) values ( 'DC_E_TEST:((202)):DC_E_TEST_VCLTP:mdc', 'UTC_DATETIME_ID', 31, 'UTC_DATETIME_ID', '', 'datetime', 0, 0 );
insert into Dataitem ( DATAFORMATID, DATANAME, COLNUMBER, DATAID, PROCESS_INSTRUCTION, DATATYPE, DATASIZE, DATASCALE ) values ( 'DC_E_TEST:((202)):DC_E_TEST_VCLTP:mdc', 'pmReceivedAtmCells', 32, 'pmReceivedAtmCells', 'PEG', 'numeric', 18, 0 );
insert into Dataitem ( DATAFORMATID, DATANAME, COLNUMBER, DATAID, PROCESS_INSTRUCTION, DATATYPE, DATASIZE, DATASCALE ) values ( 'DC_E_TEST:((202)):DC_E_TEST_VCLTP:mdc', 'pmTransmittedAtmCells', 33, 'pmTransmittedAtmCells', 'PEG', 'numeric', 18, 0 );
insert into Dataitem ( DATAFORMATID, DATANAME, COLNUMBER, DATAID, PROCESS_INSTRUCTION, DATATYPE, DATASIZE, DATASCALE ) values ( 'DC_E_TEST:((202)):DC_E_TEST_VCLTP:mdc', 'AtmPort', 9, 'MOID.AtmPort', '', 'varchar', 35, 0 );
insert into Dataitem ( DATAFORMATID, DATANAME, COLNUMBER, DATAID, PROCESS_INSTRUCTION, DATATYPE, DATASIZE, DATASCALE ) values ( 'DC_E_TEST:((202)):DC_E_TEST_VCLTP:mdc', 'atmTrafficDescriptorId', 13, 'atmTrafficDescriptorId', '', 'varchar', 255, 0 );
insert into Dataitem ( DATAFORMATID, DATANAME, COLNUMBER, DATAID, PROCESS_INSTRUCTION, DATATYPE, DATASIZE, DATASCALE ) values ( 'DC_E_TEST:((202)):DC_E_TEST_VCLTP:mdc', 'DATE_ID', 15, 'DATE_ID', '', 'date', 0, 0 );
insert into Dataitem ( DATAFORMATID, DATANAME, COLNUMBER, DATAID, PROCESS_INSTRUCTION, DATATYPE, DATASIZE, DATASCALE ) values ( 'DC_E_TEST:((202)):DC_E_TEST_VCLTP:mdc', 'TEST', 6, 'NEName', '', 'varchar', 64, 0 );
insert into Dataitem ( DATAFORMATID, DATANAME, COLNUMBER, DATAID, PROCESS_INSTRUCTION, DATATYPE, DATASIZE, DATASCALE ) values ( 'DC_E_TEST:((202)):DC_E_TEST_VCLTP:mdc', 'MOID', 7, 'MOID', '', 'varchar', 255, 0 );
insert into Dataitem ( DATAFORMATID, DATANAME, COLNUMBER, DATAID, PROCESS_INSTRUCTION, DATATYPE, DATASIZE, DATASCALE ) values ( 'DC_E_TEST:((202)):DC_E_TEST_VCLTP:mdc', 'NEDN', 4, 'nedn', '', 'varchar', 255, 0 );
insert into Dataitem ( DATAFORMATID, DATANAME, COLNUMBER, DATAID, PROCESS_INSTRUCTION, DATATYPE, DATASIZE, DATASCALE ) values ( 'DC_E_TEST:((202)):DC_E_TEST_VCLTP:mdc', 'NESW', 5, 'nesw', '', 'varchar', 35, 0 );
insert into Dataitem ( DATAFORMATID, DATANAME, COLNUMBER, DATAID, PROCESS_INSTRUCTION, DATATYPE, DATASIZE, DATASCALE ) values ( 'DC_E_TEST:((202)):DC_E_TEST_VCLTP:mdc', 'NEUN', 3, 'neun', '', 'varchar', 64, 0 );
insert into Dataitem ( DATAFORMATID, DATANAME, COLNUMBER, DATAID, PROCESS_INSTRUCTION, DATATYPE, DATASIZE, DATASCALE ) values ( 'DC_E_TEST:((202)):DC_E_TEST_VCLTP:mdc', 'OSS_ID', 1, 'OSS_ID', '', 'varchar', 50, 0 );
insert into Dataitem ( DATAFORMATID, DATANAME, COLNUMBER, DATAID, PROCESS_INSTRUCTION, DATATYPE, DATASIZE, DATASCALE ) values ( 'DC_E_TEST:((202)):DC_E_TEST_VCLTP:mdc', 'SN', 2, 'SN', '', 'varchar', 255, 0 );
insert into Dataitem ( DATAFORMATID, DATANAME, COLNUMBER, DATAID, PROCESS_INSTRUCTION, DATATYPE, DATASIZE, DATASCALE ) values ( 'DC_E_TEST:((202)):DC_E_TEST_VCLTP:mdc', 'TransportNetwork', 8, 'MOID.TransportNetwork', '', 'varchar', 35, 0 );
insert into Dataitem ( DATAFORMATID, DATANAME, COLNUMBER, DATAID, PROCESS_INSTRUCTION, DATATYPE, DATASIZE, DATASCALE ) values ( 'DC_E_TEST:((202)):DC_E_TEST_VCLTP:mdc', 'userLabel', 14, 'userLabel', '', 'varchar', 128, 0 );
insert into Dataitem ( DATAFORMATID, DATANAME, COLNUMBER, DATAID, PROCESS_INSTRUCTION, DATATYPE, DATASIZE, DATASCALE ) values ( 'DC_E_TEST:((202)):DC_E_TEST_VCLTP:mdc', 'VclTp', 12, 'MOID.VclTp', '', 'varchar', 35, 0 );
insert into Dataitem ( DATAFORMATID, DATANAME, COLNUMBER, DATAID, PROCESS_INSTRUCTION, DATATYPE, DATASIZE, DATASCALE ) values ( 'DC_E_TEST:((202)):DC_E_TEST_VCLTP:mdc', 'VpcTp', 11, 'MOID.VpcTp', '', 'varchar', 35, 0 );
insert into Dataitem ( DATAFORMATID, DATANAME, COLNUMBER, DATAID, PROCESS_INSTRUCTION, DATATYPE, DATASIZE, DATASCALE ) values ( 'DC_E_TEST:((202)):DC_E_TEST_VCLTP:mdc', 'VplTp', 10, 'MOID.VplTp', '', 'varchar', 35, 0 );
insert into Dataitem ( DATAFORMATID, DATANAME, COLNUMBER, DATAID, PROCESS_INSTRUCTION, DATATYPE, DATASIZE, DATASCALE ) values ( 'DC_E_TEST:((202)):DC_E_TEST_VCLTP:mdc', 'NEW_COUNTER', 34, 'pmTransmittedAtmCells-2', 'PEG', 'datetime', 0, 0 );
insert into Dataformat ( DATAFORMATID, TYPEID, VERSIONID, OBJECTTYPE, FOLDERNAME, DATAFORMATTYPE ) values ( 'DC_E_TEST:((202)):DC_E_TEST_ETHERNETLINK:mdc', 'DC_E_TEST:((202)):DC_E_TEST_ETHERNETLINK', 'DC_E_TEST:((202))', 'Measurement', 'DC_E_TEST_ETHERNETLINK', 'mdc' );
insert into Defaulttags ( TAGID, DATAFORMATID, DESCRIPTION ) values ( 'EthernetLink', 'DC_E_TEST:((202)):DC_E_TEST_ETHERNETLINK:mdc', 'Default tags for DC_E_TEST_ETHERNETLINK in DC_E_TEST:((202)) with format mdc.' );
insert into Dataitem ( DATAFORMATID, DATANAME, COLNUMBER, DATAID, PROCESS_INSTRUCTION, DATATYPE, DATASIZE, DATASCALE ) values ( 'DC_E_TEST:((202)):DC_E_TEST_ETHERNETLINK:mdc', 'DATETIME_ID', 17, 'DATETIME_ID', '', 'datetime', 0, 0 );
insert into Dataitem ( DATAFORMATID, DATANAME, COLNUMBER, DATAID, PROCESS_INSTRUCTION, DATATYPE, DATASIZE, DATASCALE ) values ( 'DC_E_TEST:((202)):DC_E_TEST_ETHERNETLINK:mdc', 'MIN_ID', 18, 'MIN_ID', '', 'tinyint', 0, 0 );
insert into Dataitem ( DATAFORMATID, DATANAME, COLNUMBER, DATAID, PROCESS_INSTRUCTION, DATATYPE, DATASIZE, DATASCALE ) values ( 'DC_E_TEST:((202)):DC_E_TEST_ETHERNETLINK:mdc', 'TIMELEVEL', 19, 'TIMELEVEL', '', 'varchar', 10, 0 );
insert into Dataitem ( DATAFORMATID, DATANAME, COLNUMBER, DATAID, PROCESS_INSTRUCTION, DATATYPE, DATASIZE, DATASCALE ) values ( 'DC_E_TEST:((202)):DC_E_TEST_ETHERNETLINK:mdc', 'SESSION_ID', 20, 'SESSION_ID', '', 'unsigned int', 0, 0 );
insert into Dataitem ( DATAFORMATID, DATANAME, COLNUMBER, DATAID, PROCESS_INSTRUCTION, DATATYPE, DATASIZE, DATASCALE ) values ( 'DC_E_TEST:((202)):DC_E_TEST_ETHERNETLINK:mdc', 'BATCH_ID', 21, 'BATCH_ID', '', 'smallint', 0, 0 );
insert into Dataitem ( DATAFORMATID, DATANAME, COLNUMBER, DATAID, PROCESS_INSTRUCTION, DATATYPE, DATASIZE, DATASCALE ) values ( 'DC_E_TEST:((202)):DC_E_TEST_ETHERNETLINK:mdc', 'PERIOD_DURATION', 22, 'PERIOD_DURATION', '', 'unsigned int', 0, 0 );
insert into Dataitem ( DATAFORMATID, DATANAME, COLNUMBER, DATAID, PROCESS_INSTRUCTION, DATATYPE, DATASIZE, DATASCALE ) values ( 'DC_E_TEST:((202)):DC_E_TEST_ETHERNETLINK:mdc', 'ROWSTATUS', 23, 'ROWSTATUS', '', 'varchar', 16, 0 );
insert into Dataitem ( DATAFORMATID, DATANAME, COLNUMBER, DATAID, PROCESS_INSTRUCTION, DATATYPE, DATASIZE, DATASCALE ) values ( 'DC_E_TEST:((202)):DC_E_TEST_ETHERNETLINK:mdc', 'DC_RELEASE', 24, 'DC_RELEASE', '', 'varchar', 16, 0 );
insert into Dataitem ( DATAFORMATID, DATANAME, COLNUMBER, DATAID, PROCESS_INSTRUCTION, DATATYPE, DATASIZE, DATASCALE ) values ( 'DC_E_TEST:((202)):DC_E_TEST_ETHERNETLINK:mdc', 'DC_SOURCE', 25, 'DC_SOURCE', '', 'varchar', 16, 0 );
insert into Dataitem ( DATAFORMATID, DATANAME, COLNUMBER, DATAID, PROCESS_INSTRUCTION, DATATYPE, DATASIZE, DATASCALE ) values ( 'DC_E_TEST:((202)):DC_E_TEST_ETHERNETLINK:mdc', 'DC_TIMEZONE', 26, 'DC_TIMEZONE', '', 'varchar', 16, 0 );
insert into Dataitem ( DATAFORMATID, DATANAME, COLNUMBER, DATAID, PROCESS_INSTRUCTION, DATATYPE, DATASIZE, DATASCALE ) values ( 'DC_E_TEST:((202)):DC_E_TEST_ETHERNETLINK:mdc', 'DC_SUSPECTFLAG', 27, 'DC_SUSPECTFLAG', '', 'int', 0, 0 );
insert into Dataitem ( DATAFORMATID, DATANAME, COLNUMBER, DATAID, PROCESS_INSTRUCTION, DATATYPE, DATASIZE, DATASCALE ) values ( 'DC_E_TEST:((202)):DC_E_TEST_ETHERNETLINK:mdc', 'UTC_DATETIME_ID', 28, 'UTC_DATETIME_ID', '', 'datetime', 0, 0 );
insert into Dataitem ( DATAFORMATID, DATANAME, COLNUMBER, DATAID, PROCESS_INSTRUCTION, DATATYPE, DATASIZE, DATASCALE ) values ( 'DC_E_TEST:((202)):DC_E_TEST_ETHERNETLINK:mdc', 'pmNoOfIfInUcastPkts', 29, 'pmNoOfIfInUcastPkts', 'PEG', 'numeric', 18, 0 );
insert into Dataitem ( DATAFORMATID, DATANAME, COLNUMBER, DATAID, PROCESS_INSTRUCTION, DATATYPE, DATASIZE, DATASCALE ) values ( 'DC_E_TEST:((202)):DC_E_TEST_ETHERNETLINK:mdc', 'pmNoOfIfInNUcastPkts', 30, 'pmNoOfIfInNUcastPkts', 'PEG', 'numeric', 18, 0 );
insert into Dataitem ( DATAFORMATID, DATANAME, COLNUMBER, DATAID, PROCESS_INSTRUCTION, DATATYPE, DATASIZE, DATASCALE ) values ( 'DC_E_TEST:((202)):DC_E_TEST_ETHERNETLINK:mdc', 'pmNoOfIfOutUcastPkts', 31, 'pmNoOfIfOutUcastPkts', 'PEG', 'numeric', 18, 0 );
insert into Dataitem ( DATAFORMATID, DATANAME, COLNUMBER, DATAID, PROCESS_INSTRUCTION, DATATYPE, DATASIZE, DATASCALE ) values ( 'DC_E_TEST:((202)):DC_E_TEST_ETHERNETLINK:mdc', 'pmNoOfIfInErrors', 32, 'pmNoOfIfInErrors', 'PEG', 'numeric', 18, 0 );
insert into Dataitem ( DATAFORMATID, DATANAME, COLNUMBER, DATAID, PROCESS_INSTRUCTION, DATATYPE, DATASIZE, DATASCALE ) values ( 'DC_E_TEST:((202)):DC_E_TEST_ETHERNETLINK:mdc', 'pmNoOfIfInDiscards', 33, 'pmNoOfIfInDiscards', 'PEG', 'numeric', 18, 0 );
insert into Dataitem ( DATAFORMATID, DATANAME, COLNUMBER, DATAID, PROCESS_INSTRUCTION, DATATYPE, DATASIZE, DATASCALE ) values ( 'DC_E_TEST:((202)):DC_E_TEST_ETHERNETLINK:mdc', 'pmNoOfIfOutNUcastPkts', 34, 'pmNoOfIfOutNUcastPkts', 'PEG', 'numeric', 18, 0 );
insert into Dataitem ( DATAFORMATID, DATANAME, COLNUMBER, DATAID, PROCESS_INSTRUCTION, DATATYPE, DATASIZE, DATASCALE ) values ( 'DC_E_TEST:((202)):DC_E_TEST_ETHERNETLINK:mdc', 'pmNoOfIfOutDiscards', 35, 'pmNoOfIfOutDiscards', 'PEG', 'numeric', 18, 0 );
insert into Dataitem ( DATAFORMATID, DATANAME, COLNUMBER, DATAID, PROCESS_INSTRUCTION, DATATYPE, DATASIZE, DATASCALE ) values ( 'DC_E_TEST:((202)):DC_E_TEST_ETHERNETLINK:mdc', 'MONTH_ID', 14, 'MONTH_ID', '', 'tinyint', 0, 0 );
insert into Dataitem ( DATAFORMATID, DATANAME, COLNUMBER, DATAID, PROCESS_INSTRUCTION, DATATYPE, DATASIZE, DATASCALE ) values ( 'DC_E_TEST:((202)):DC_E_TEST_ETHERNETLINK:mdc', 'DAY_ID', 15, 'DAY_ID', '', 'tinyint', 0, 0 );
insert into Dataitem ( DATAFORMATID, DATANAME, COLNUMBER, DATAID, PROCESS_INSTRUCTION, DATATYPE, DATASIZE, DATASCALE ) values ( 'DC_E_TEST:((202)):DC_E_TEST_ETHERNETLINK:mdc', 'HOUR_ID', 16, 'HOUR_ID', '', 'tinyint', 0, 0 );
insert into Dataitem ( DATAFORMATID, DATANAME, COLNUMBER, DATAID, PROCESS_INSTRUCTION, DATATYPE, DATASIZE, DATASCALE ) values ( 'DC_E_TEST:((202)):DC_E_TEST_ETHERNETLINK:mdc', 'YEAR_ID', 13, 'YEAR_ID', '', 'smallint', 0, 0 );
insert into Dataitem ( DATAFORMATID, DATANAME, COLNUMBER, DATAID, PROCESS_INSTRUCTION, DATATYPE, DATASIZE, DATASCALE ) values ( 'DC_E_TEST:((202)):DC_E_TEST_ETHERNETLINK:mdc', 'DATE_ID', 12, 'DATE_ID', '', 'date', 0, 0 );
insert into Dataitem ( DATAFORMATID, DATANAME, COLNUMBER, DATAID, PROCESS_INSTRUCTION, DATATYPE, DATASIZE, DATASCALE ) values ( 'DC_E_TEST:((202)):DC_E_TEST_ETHERNETLINK:mdc', 'EthernetLink', 10, 'MOID.EthernetLink', '', 'varchar', 35, 0 );
insert into Dataitem ( DATAFORMATID, DATANAME, COLNUMBER, DATAID, PROCESS_INSTRUCTION, DATATYPE, DATASIZE, DATASCALE ) values ( 'DC_E_TEST:((202)):DC_E_TEST_ETHERNETLINK:mdc', 'Ip', 9, 'MOID.Ip', '', 'varchar', 35, 0 );
insert into Dataitem ( DATAFORMATID, DATANAME, COLNUMBER, DATAID, PROCESS_INSTRUCTION, DATATYPE, DATASIZE, DATASCALE ) values ( 'DC_E_TEST:((202)):DC_E_TEST_ETHERNETLINK:mdc', 'IpSystem', 8, 'MOID.IpSystem', '', 'varchar', 35, 0 );
insert into Dataitem ( DATAFORMATID, DATANAME, COLNUMBER, DATAID, PROCESS_INSTRUCTION, DATATYPE, DATASIZE, DATASCALE ) values ( 'DC_E_TEST:((202)):DC_E_TEST_ETHERNETLINK:mdc', 'TEST', 6, 'NEName', '', 'varchar', 64, 0 );
insert into Dataitem ( DATAFORMATID, DATANAME, COLNUMBER, DATAID, PROCESS_INSTRUCTION, DATATYPE, DATASIZE, DATASCALE ) values ( 'DC_E_TEST:((202)):DC_E_TEST_ETHERNETLINK:mdc', 'MOID', 7, 'MOID', '', 'varchar', 255, 0 );
insert into Dataitem ( DATAFORMATID, DATANAME, COLNUMBER, DATAID, PROCESS_INSTRUCTION, DATATYPE, DATASIZE, DATASCALE ) values ( 'DC_E_TEST:((202)):DC_E_TEST_ETHERNETLINK:mdc', 'NEDN', 4, 'nedn', '', 'varchar', 255, 0 );
insert into Dataitem ( DATAFORMATID, DATANAME, COLNUMBER, DATAID, PROCESS_INSTRUCTION, DATATYPE, DATASIZE, DATASCALE ) values ( 'DC_E_TEST:((202)):DC_E_TEST_ETHERNETLINK:mdc', 'NESW', 5, 'nesw', '', 'varchar', 35, 0 );
insert into Dataitem ( DATAFORMATID, DATANAME, COLNUMBER, DATAID, PROCESS_INSTRUCTION, DATATYPE, DATASIZE, DATASCALE ) values ( 'DC_E_TEST:((202)):DC_E_TEST_ETHERNETLINK:mdc', 'NEUN', 3, 'neun', '', 'varchar', 64, 0 );
insert into Dataitem ( DATAFORMATID, DATANAME, COLNUMBER, DATAID, PROCESS_INSTRUCTION, DATATYPE, DATASIZE, DATASCALE ) values ( 'DC_E_TEST:((202)):DC_E_TEST_ETHERNETLINK:mdc', 'OSS_ID', 1, 'OSS_ID', '', 'varchar', 50, 0 );
insert into Dataitem ( DATAFORMATID, DATANAME, COLNUMBER, DATAID, PROCESS_INSTRUCTION, DATATYPE, DATASIZE, DATASCALE ) values ( 'DC_E_TEST:((202)):DC_E_TEST_ETHERNETLINK:mdc', 'SN', 2, 'SN', '', 'varchar', 255, 0 );
insert into Dataitem ( DATAFORMATID, DATANAME, COLNUMBER, DATAID, PROCESS_INSTRUCTION, DATATYPE, DATASIZE, DATASCALE ) values ( 'DC_E_TEST:((202)):DC_E_TEST_ETHERNETLINK:mdc', 'userLabel', 11, 'userLabel', 'key', 'varchar', 128, 0 );
insert into Dataformat ( DATAFORMATID, TYPEID, VERSIONID, OBJECTTYPE, FOLDERNAME, DATAFORMATTYPE ) values ( 'DC_E_TEST:((202)):DC_E_TEST_SERVICE:mdc', 'DC_E_TEST:((202)):DC_E_TEST_SERVICE', 'DC_E_TEST:((202))', 'Measurement', 'DC_E_TEST_SERVICE', 'mdc' );
insert into Defaulttags ( TAGID, DATAFORMATID, DESCRIPTION ) values ( 'GsmFrService', 'DC_E_TEST:((202)):DC_E_TEST_SERVICE:mdc', '' );
insert into Defaulttags ( TAGID, DATAFORMATID, DESCRIPTION ) values ( 'GsmHrService', 'DC_E_TEST:((202)):DC_E_TEST_SERVICE:mdc', '' );
insert into Defaulttags ( TAGID, DATAFORMATID, DESCRIPTION ) values ( 'T38FaxService', 'DC_E_TEST:((202)):DC_E_TEST_SERVICE:mdc', '' );
insert into Defaulttags ( TAGID, DATAFORMATID, DESCRIPTION ) values ( 'RtpRtcpService', 'DC_E_TEST:((202)):DC_E_TEST_SERVICE:mdc', 'Default tags for DC_E_TEST_SERVICE in DC_E_TEST:((202)) with format mdc.' );
insert into Defaulttags ( TAGID, DATAFORMATID, DESCRIPTION ) values ( 'ContinuityCheckService', 'DC_E_TEST:((202)):DC_E_TEST_SERVICE:mdc', 'Default tags for DC_E_TEST_SERVICE in DC_E_TEST:((202)) with format mdc.' );
insert into Defaulttags ( TAGID, DATAFORMATID, DESCRIPTION ) values ( 'InmarsatService', 'DC_E_TEST:((202)):DC_E_TEST_SERVICE:mdc', 'Default tags for DC_E_TEST_SERVICE in DC_E_TEST:((202)) with format mdc.' );
insert into Defaulttags ( TAGID, DATAFORMATID, DESCRIPTION ) values ( 'NrService', 'DC_E_TEST:((202)):DC_E_TEST_SERVICE:mdc', 'Default tags for DC_E_TEST_SERVICE in DC_E_TEST:((202)) with format mdc.' );
insert into Defaulttags ( TAGID, DATAFORMATID, DESCRIPTION ) values ( 'G729Service', 'DC_E_TEST:((202)):DC_E_TEST_SERVICE:mdc', 'Default tags for DC_E_TEST_SERVICE in DC_E_TEST:((202)) with format mdc.' );
insert into Defaulttags ( TAGID, DATAFORMATID, DESCRIPTION ) values ( 'GttService', 'DC_E_TEST:((202)):DC_E_TEST_SERVICE:mdc', 'Default tags for DC_E_TEST_SERVICE in DC_E_TEST:((202)) with format mdc.' );
insert into Defaulttags ( TAGID, DATAFORMATID, DESCRIPTION ) values ( 'MccService', 'DC_E_TEST:((202)):DC_E_TEST_SERVICE:mdc', 'Default tags for DC_E_TEST_SERVICE in DC_E_TEST:((202)) with format mdc.' );
insert into Defaulttags ( TAGID, DATAFORMATID, DESCRIPTION ) values ( 'MpcService', 'DC_E_TEST:((202)):DC_E_TEST_SERVICE:mdc', 'Default tags for DC_E_TEST_SERVICE in DC_E_TEST:((202)) with format mdc.' );
insert into Defaulttags ( TAGID, DATAFORMATID, DESCRIPTION ) values ( 'CsdModemService', 'DC_E_TEST:((202)):DC_E_TEST_SERVICE:mdc', 'Default tags for DC_E_TEST_SERVICE in DC_E_TEST:((202)) with format mdc.' );
insert into Defaulttags ( TAGID, DATAFORMATID, DESCRIPTION ) values ( 'UpFhService', 'DC_E_TEST:((202)):DC_E_TEST_SERVICE:mdc', 'Default tags for DC_E_TEST_SERVICE in DC_E_TEST:((202)) with format mdc.' );
insert into Defaulttags ( TAGID, DATAFORMATID, DESCRIPTION ) values ( 'AmrWbService', 'DC_E_TEST:((202)):DC_E_TEST_SERVICE:mdc', 'Default tags for DC_E_TEST_SERVICE in DC_E_TEST:((202)) with format mdc.' );
insert into Defaulttags ( TAGID, DATAFORMATID, DESCRIPTION ) values ( 'IpEtService', 'DC_E_TEST:((202)):DC_E_TEST_SERVICE:mdc', 'Default tags for DC_E_TEST_SERVICE in DC_E_TEST:((202)) with format mdc.' );
insert into Defaulttags ( TAGID, DATAFORMATID, DESCRIPTION ) values ( 'TfoService', 'DC_E_TEST:((202)):DC_E_TEST_SERVICE:mdc', 'Default tags for DC_E_TEST_SERVICE in DC_E_TEST:((202)) with format mdc.' );
insert into Defaulttags ( TAGID, DATAFORMATID, DESCRIPTION ) values ( 'ToneSenderService', 'DC_E_TEST:((202)):DC_E_TEST_SERVICE:mdc', 'Default tags for DC_E_TEST_SERVICE in DC_E_TEST:((202)) with format mdc.' );
insert into Defaulttags ( TAGID, DATAFORMATID, DESCRIPTION ) values ( 'CsdDigitalService', 'DC_E_TEST:((202)):DC_E_TEST_SERVICE:mdc', 'Default tags for DC_E_TEST_SERVICE in DC_E_TEST:((202)) with format mdc.' );
insert into Defaulttags ( TAGID, DATAFORMATID, DESCRIPTION ) values ( 'CsdGsmFaxService', 'DC_E_TEST:((202)):DC_E_TEST_SERVICE:mdc', 'Default tags for DC_E_TEST_SERVICE in DC_E_TEST:((202)) with format mdc.' );
insert into Defaulttags ( TAGID, DATAFORMATID, DESCRIPTION ) values ( 'PcmService', 'DC_E_TEST:((202)):DC_E_TEST_SERVICE:mdc', 'Default tags for DC_E_TEST_SERVICE in DC_E_TEST:((202)) with format mdc.' );
insert into Defaulttags ( TAGID, DATAFORMATID, DESCRIPTION ) values ( 'AmrService', 'DC_E_TEST:((202)):DC_E_TEST_SERVICE:mdc', 'Default tags for DC_E_TEST_SERVICE in DC_E_TEST:((202)) with format mdc.' );
insert into Defaulttags ( TAGID, DATAFORMATID, DESCRIPTION ) values ( 'EfrService', 'DC_E_TEST:((202)):DC_E_TEST_SERVICE:mdc', 'Default tags for DC_E_TEST_SERVICE in DC_E_TEST:((202)) with format mdc.' );
insert into Defaulttags ( TAGID, DATAFORMATID, DESCRIPTION ) values ( 'IpbService', 'DC_E_TEST:((202)):DC_E_TEST_SERVICE:mdc', 'Default tags for DC_E_TEST_SERVICE in DC_E_TEST:((202)) with format mdc.' );
insert into Defaulttags ( TAGID, DATAFORMATID, DESCRIPTION ) values ( 'DtmfReceiverService', 'DC_E_TEST:((202)):DC_E_TEST_SERVICE:mdc', 'Default tags for DC_E_TEST_SERVICE in DC_E_TEST:((202)) with format mdc.' );
insert into Defaulttags ( TAGID, DATAFORMATID, DESCRIPTION ) values ( 'DtmfSenderService', 'DC_E_TEST:((202)):DC_E_TEST_SERVICE:mdc', 'Default tags for DC_E_TEST_SERVICE in DC_E_TEST:((202)) with format mdc.' );
insert into Defaulttags ( TAGID, DATAFORMATID, DESCRIPTION ) values ( 'VbdService', 'DC_E_TEST:((202)):DC_E_TEST_SERVICE:mdc', '' );
insert into Defaulttags ( TAGID, DATAFORMATID, DESCRIPTION ) values ( 'ImService', 'DC_E_TEST:((202)):DC_E_TEST_SERVICE:mdc', 'Default tags for DC_E_TEST_SERVICE in DC_E_TEST:((202)) with format mdc.' );
insert into Defaulttags ( TAGID, DATAFORMATID, DESCRIPTION ) values ( 'CsdGsmFhService', 'DC_E_TEST:((202)):DC_E_TEST_SERVICE:mdc', 'Default tags for DC_E_TEST_SERVICE in DC_E_TEST:((202)) with format mdc.' );
insert into Defaulttags ( TAGID, DATAFORMATID, DESCRIPTION ) values ( 'EcService', 'DC_E_TEST:((202)):DC_E_TEST_SERVICE:mdc', 'Default tags for DC_E_TEST_SERVICE in DC_E_TEST:((202)) with format mdc.' );
insert into Dataitem ( DATAFORMATID, DATANAME, COLNUMBER, DATAID, PROCESS_INSTRUCTION, DATATYPE, DATASIZE, DATASCALE ) values ( 'DC_E_TEST:((202)):DC_E_TEST_SERVICE:mdc', 'YEAR_ID', 13, 'YEAR_ID', '', 'smallint', 0, 0 );
insert into Dataitem ( DATAFORMATID, DATANAME, COLNUMBER, DATAID, PROCESS_INSTRUCTION, DATATYPE, DATASIZE, DATASCALE ) values ( 'DC_E_TEST:((202)):DC_E_TEST_SERVICE:mdc', 'MONTH_ID', 14, 'MONTH_ID', '', 'tinyint', 0, 0 );
insert into Dataitem ( DATAFORMATID, DATANAME, COLNUMBER, DATAID, PROCESS_INSTRUCTION, DATATYPE, DATASIZE, DATASCALE ) values ( 'DC_E_TEST:((202)):DC_E_TEST_SERVICE:mdc', 'DAY_ID', 15, 'DAY_ID', '', 'tinyint', 0, 0 );
insert into Dataitem ( DATAFORMATID, DATANAME, COLNUMBER, DATAID, PROCESS_INSTRUCTION, DATATYPE, DATASIZE, DATASCALE ) values ( 'DC_E_TEST:((202)):DC_E_TEST_SERVICE:mdc', 'HOUR_ID', 16, 'HOUR_ID', '', 'tinyint', 0, 0 );
insert into Dataitem ( DATAFORMATID, DATANAME, COLNUMBER, DATAID, PROCESS_INSTRUCTION, DATATYPE, DATASIZE, DATASCALE ) values ( 'DC_E_TEST:((202)):DC_E_TEST_SERVICE:mdc', 'DATETIME_ID', 17, 'DATETIME_ID', '', 'datetime', 0, 0 );
insert into Dataitem ( DATAFORMATID, DATANAME, COLNUMBER, DATAID, PROCESS_INSTRUCTION, DATATYPE, DATASIZE, DATASCALE ) values ( 'DC_E_TEST:((202)):DC_E_TEST_SERVICE:mdc', 'MIN_ID', 18, 'MIN_ID', '', 'tinyint', 0, 0 );
insert into Dataitem ( DATAFORMATID, DATANAME, COLNUMBER, DATAID, PROCESS_INSTRUCTION, DATATYPE, DATASIZE, DATASCALE ) values ( 'DC_E_TEST:((202)):DC_E_TEST_SERVICE:mdc', 'TIMELEVEL', 19, 'TIMELEVEL', '', 'varchar', 10, 0 );
insert into Dataitem ( DATAFORMATID, DATANAME, COLNUMBER, DATAID, PROCESS_INSTRUCTION, DATATYPE, DATASIZE, DATASCALE ) values ( 'DC_E_TEST:((202)):DC_E_TEST_SERVICE:mdc', 'SESSION_ID', 20, 'SESSION_ID', '', 'unsigned int', 0, 0 );
insert into Dataitem ( DATAFORMATID, DATANAME, COLNUMBER, DATAID, PROCESS_INSTRUCTION, DATATYPE, DATASIZE, DATASCALE ) values ( 'DC_E_TEST:((202)):DC_E_TEST_SERVICE:mdc', 'BATCH_ID', 21, 'BATCH_ID', '', 'smallint', 0, 0 );
insert into Dataitem ( DATAFORMATID, DATANAME, COLNUMBER, DATAID, PROCESS_INSTRUCTION, DATATYPE, DATASIZE, DATASCALE ) values ( 'DC_E_TEST:((202)):DC_E_TEST_SERVICE:mdc', 'PERIOD_DURATION', 22, 'PERIOD_DURATION', '', 'unsigned int', 0, 0 );
insert into Dataitem ( DATAFORMATID, DATANAME, COLNUMBER, DATAID, PROCESS_INSTRUCTION, DATATYPE, DATASIZE, DATASCALE ) values ( 'DC_E_TEST:((202)):DC_E_TEST_SERVICE:mdc', 'ROWSTATUS', 23, 'ROWSTATUS', '', 'varchar', 16, 0 );
insert into Dataitem ( DATAFORMATID, DATANAME, COLNUMBER, DATAID, PROCESS_INSTRUCTION, DATATYPE, DATASIZE, DATASCALE ) values ( 'DC_E_TEST:((202)):DC_E_TEST_SERVICE:mdc', 'DC_RELEASE', 24, 'DC_RELEASE', '', 'varchar', 16, 0 );
insert into Dataitem ( DATAFORMATID, DATANAME, COLNUMBER, DATAID, PROCESS_INSTRUCTION, DATATYPE, DATASIZE, DATASCALE ) values ( 'DC_E_TEST:((202)):DC_E_TEST_SERVICE:mdc', 'DC_SOURCE', 25, 'DC_SOURCE', '', 'varchar', 16, 0 );
insert into Dataitem ( DATAFORMATID, DATANAME, COLNUMBER, DATAID, PROCESS_INSTRUCTION, DATATYPE, DATASIZE, DATASCALE ) values ( 'DC_E_TEST:((202)):DC_E_TEST_SERVICE:mdc', 'DC_TIMEZONE', 26, 'DC_TIMEZONE', '', 'varchar', 16, 0 );
insert into Dataitem ( DATAFORMATID, DATANAME, COLNUMBER, DATAID, PROCESS_INSTRUCTION, DATATYPE, DATASIZE, DATASCALE ) values ( 'DC_E_TEST:((202)):DC_E_TEST_SERVICE:mdc', 'DC_SUSPECTFLAG', 27, 'DC_SUSPECTFLAG', '', 'int', 0, 0 );
insert into Dataitem ( DATAFORMATID, DATANAME, COLNUMBER, DATAID, PROCESS_INSTRUCTION, DATATYPE, DATASIZE, DATASCALE ) values ( 'DC_E_TEST:((202)):DC_E_TEST_SERVICE:mdc', 'UTC_DATETIME_ID', 28, 'UTC_DATETIME_ID', '', 'datetime', 0, 0 );
insert into Dataitem ( DATAFORMATID, DATANAME, COLNUMBER, DATAID, PROCESS_INSTRUCTION, DATATYPE, DATASIZE, DATASCALE ) values ( 'DC_E_TEST:((202)):DC_E_TEST_SERVICE:mdc', 'pmForcedRelease', 29, 'pmForcedRelease', 'PEG', 'numeric', 18, 0 );
insert into Dataitem ( DATAFORMATID, DATANAME, COLNUMBER, DATAID, PROCESS_INSTRUCTION, DATATYPE, DATASIZE, DATASCALE ) values ( 'DC_E_TEST:((202)):DC_E_TEST_SERVICE:mdc', 'pmNormalRelease', 30, 'pmNormalRelease', 'PEG', 'numeric', 18, 0 );
insert into Dataitem ( DATAFORMATID, DATANAME, COLNUMBER, DATAID, PROCESS_INSTRUCTION, DATATYPE, DATASIZE, DATASCALE ) values ( 'DC_E_TEST:((202)):DC_E_TEST_SERVICE:mdc', 'SN', 2, 'SN', '', 'varchar', 255, 0 );
insert into Dataitem ( DATAFORMATID, DATANAME, COLNUMBER, DATAID, PROCESS_INSTRUCTION, DATATYPE, DATASIZE, DATASCALE ) values ( 'DC_E_TEST:((202)):DC_E_TEST_SERVICE:mdc', 'DATE_ID', 12, 'DATE_ID', '', 'date', 0, 0 );
insert into Dataitem ( DATAFORMATID, DATANAME, COLNUMBER, DATAID, PROCESS_INSTRUCTION, DATATYPE, DATASIZE, DATASCALE ) values ( 'DC_E_TEST:((202)):DC_E_TEST_SERVICE:mdc', 'TEST', 6, 'NEName', '', 'varchar', 64, 0 );
insert into Dataitem ( DATAFORMATID, DATANAME, COLNUMBER, DATAID, PROCESS_INSTRUCTION, DATATYPE, DATASIZE, DATASCALE ) values ( 'DC_E_TEST:((202)):DC_E_TEST_SERVICE:mdc', 'MOID', 7, 'MOID', '', 'varchar', 255, 0 );
insert into Dataitem ( DATAFORMATID, DATANAME, COLNUMBER, DATAID, PROCESS_INSTRUCTION, DATATYPE, DATASIZE, DATASCALE ) values ( 'DC_E_TEST:((202)):DC_E_TEST_SERVICE:mdc', 'MsProcessing', 8, 'MOID.MsProcessing', '', 'varchar', 35, 0 );
insert into Dataitem ( DATAFORMATID, DATANAME, COLNUMBER, DATAID, PROCESS_INSTRUCTION, DATATYPE, DATASIZE, DATASCALE ) values ( 'DC_E_TEST:((202)):DC_E_TEST_SERVICE:mdc', 'NEDN', 4, 'nedn', '', 'varchar', 255, 0 );
insert into Dataitem ( DATAFORMATID, DATANAME, COLNUMBER, DATAID, PROCESS_INSTRUCTION, DATATYPE, DATASIZE, DATASCALE ) values ( 'DC_E_TEST:((202)):DC_E_TEST_SERVICE:mdc', 'NESW', 5, 'nesw', '', 'varchar', 35, 0 );
insert into Dataitem ( DATAFORMATID, DATANAME, COLNUMBER, DATAID, PROCESS_INSTRUCTION, DATATYPE, DATASIZE, DATASCALE ) values ( 'DC_E_TEST:((202)):DC_E_TEST_SERVICE:mdc', 'NEUN', 3, 'neun', '', 'varchar', 64, 0 );
insert into Dataitem ( DATAFORMATID, DATANAME, COLNUMBER, DATAID, PROCESS_INSTRUCTION, DATATYPE, DATASIZE, DATASCALE ) values ( 'DC_E_TEST:((202)):DC_E_TEST_SERVICE:mdc', 'OSS_ID', 1, 'OSS_ID', '', 'varchar', 50, 0 );
insert into Dataitem ( DATAFORMATID, DATANAME, COLNUMBER, DATAID, PROCESS_INSTRUCTION, DATATYPE, DATASIZE, DATASCALE ) values ( 'DC_E_TEST:((202)):DC_E_TEST_SERVICE:mdc', 'ServiceId', 10, 'ServiceId', '', 'varchar', 35, 0 );
insert into Dataitem ( DATAFORMATID, DATANAME, COLNUMBER, DATAID, PROCESS_INSTRUCTION, DATATYPE, DATASIZE, DATASCALE ) values ( 'DC_E_TEST:((202)):DC_E_TEST_SERVICE:mdc', 'ServiceType', 9, 'ServiceType', '', 'varchar', 35, 0 );
insert into Dataitem ( DATAFORMATID, DATANAME, COLNUMBER, DATAID, PROCESS_INSTRUCTION, DATATYPE, DATASIZE, DATASCALE ) values ( 'DC_E_TEST:((202)):DC_E_TEST_SERVICE:mdc', 'userLabel', 11, 'userLabel', 'key', 'varchar', 128, 0 );
insert into Dataformat ( DATAFORMATID, TYPEID, VERSIONID, OBJECTTYPE, FOLDERNAME, DATAFORMATTYPE ) values ( 'DC_E_TEST:((202)):DC_E_TEST_VCLTP_V:mdc', 'DC_E_TEST:((202)):DC_E_TEST_VCLTP_V', 'DC_E_TEST:((202))', 'Measurement', 'DC_E_TEST_VCLTP_V', 'mdc' );
insert into Defaulttags ( TAGID, DATAFORMATID, DESCRIPTION ) values ( 'VclTp_V', 'DC_E_TEST:((202)):DC_E_TEST_VCLTP_V:mdc', 'Default tags for DC_E_TEST_VCLTP_V in DC_E_TEST:((202)) with format mdc.' );
insert into Dataitem ( DATAFORMATID, DATANAME, COLNUMBER, DATAID, PROCESS_INSTRUCTION, DATATYPE, DATASIZE, DATASCALE ) values ( 'DC_E_TEST:((202)):DC_E_TEST_VCLTP_V:mdc', 'YEAR_ID', 17, 'YEAR_ID', '', 'smallint', 0, 0 );
insert into Dataitem ( DATAFORMATID, DATANAME, COLNUMBER, DATAID, PROCESS_INSTRUCTION, DATATYPE, DATASIZE, DATASCALE ) values ( 'DC_E_TEST:((202)):DC_E_TEST_VCLTP_V:mdc', 'MONTH_ID', 18, 'MONTH_ID', '', 'tinyint', 0, 0 );
insert into Dataitem ( DATAFORMATID, DATANAME, COLNUMBER, DATAID, PROCESS_INSTRUCTION, DATATYPE, DATASIZE, DATASCALE ) values ( 'DC_E_TEST:((202)):DC_E_TEST_VCLTP_V:mdc', 'DAY_ID', 19, 'DAY_ID', '', 'tinyint', 0, 0 );
insert into Dataitem ( DATAFORMATID, DATANAME, COLNUMBER, DATAID, PROCESS_INSTRUCTION, DATATYPE, DATASIZE, DATASCALE ) values ( 'DC_E_TEST:((202)):DC_E_TEST_VCLTP_V:mdc', 'HOUR_ID', 20, 'HOUR_ID', '', 'tinyint', 0, 0 );
insert into Dataitem ( DATAFORMATID, DATANAME, COLNUMBER, DATAID, PROCESS_INSTRUCTION, DATATYPE, DATASIZE, DATASCALE ) values ( 'DC_E_TEST:((202)):DC_E_TEST_VCLTP_V:mdc', 'DATETIME_ID', 21, 'DATETIME_ID', '', 'datetime', 0, 0 );
insert into Dataitem ( DATAFORMATID, DATANAME, COLNUMBER, DATAID, PROCESS_INSTRUCTION, DATATYPE, DATASIZE, DATASCALE ) values ( 'DC_E_TEST:((202)):DC_E_TEST_VCLTP_V:mdc', 'MIN_ID', 22, 'MIN_ID', '', 'tinyint', 0, 0 );
insert into Dataitem ( DATAFORMATID, DATANAME, COLNUMBER, DATAID, PROCESS_INSTRUCTION, DATATYPE, DATASIZE, DATASCALE ) values ( 'DC_E_TEST:((202)):DC_E_TEST_VCLTP_V:mdc', 'TIMELEVEL', 23, 'TIMELEVEL', '', 'varchar', 10, 0 );
insert into Dataitem ( DATAFORMATID, DATANAME, COLNUMBER, DATAID, PROCESS_INSTRUCTION, DATATYPE, DATASIZE, DATASCALE ) values ( 'DC_E_TEST:((202)):DC_E_TEST_VCLTP_V:mdc', 'SESSION_ID', 24, 'SESSION_ID', '', 'unsigned int', 0, 0 );
insert into Dataitem ( DATAFORMATID, DATANAME, COLNUMBER, DATAID, PROCESS_INSTRUCTION, DATATYPE, DATASIZE, DATASCALE ) values ( 'DC_E_TEST:((202)):DC_E_TEST_VCLTP_V:mdc', 'BATCH_ID', 25, 'BATCH_ID', '', 'smallint', 0, 0 );
insert into Dataitem ( DATAFORMATID, DATANAME, COLNUMBER, DATAID, PROCESS_INSTRUCTION, DATATYPE, DATASIZE, DATASCALE ) values ( 'DC_E_TEST:((202)):DC_E_TEST_VCLTP_V:mdc', 'PERIOD_DURATION', 26, 'PERIOD_DURATION', '', 'unsigned int', 0, 0 );
insert into Dataitem ( DATAFORMATID, DATANAME, COLNUMBER, DATAID, PROCESS_INSTRUCTION, DATATYPE, DATASIZE, DATASCALE ) values ( 'DC_E_TEST:((202)):DC_E_TEST_VCLTP_V:mdc', 'ROWSTATUS', 27, 'ROWSTATUS', '', 'varchar', 16, 0 );
insert into Dataitem ( DATAFORMATID, DATANAME, COLNUMBER, DATAID, PROCESS_INSTRUCTION, DATATYPE, DATASIZE, DATASCALE ) values ( 'DC_E_TEST:((202)):DC_E_TEST_VCLTP_V:mdc', 'DC_RELEASE', 28, 'DC_RELEASE', '', 'varchar', 16, 0 );
insert into Dataitem ( DATAFORMATID, DATANAME, COLNUMBER, DATAID, PROCESS_INSTRUCTION, DATATYPE, DATASIZE, DATASCALE ) values ( 'DC_E_TEST:((202)):DC_E_TEST_VCLTP_V:mdc', 'DC_SOURCE', 29, 'DC_SOURCE', '', 'varchar', 16, 0 );
insert into Dataitem ( DATAFORMATID, DATANAME, COLNUMBER, DATAID, PROCESS_INSTRUCTION, DATATYPE, DATASIZE, DATASCALE ) values ( 'DC_E_TEST:((202)):DC_E_TEST_VCLTP_V:mdc', 'DC_TIMEZONE', 30, 'DC_TIMEZONE', '', 'varchar', 16, 0 );
insert into Dataitem ( DATAFORMATID, DATANAME, COLNUMBER, DATAID, PROCESS_INSTRUCTION, DATATYPE, DATASIZE, DATASCALE ) values ( 'DC_E_TEST:((202)):DC_E_TEST_VCLTP_V:mdc', 'DC_SUSPECTFLAG', 31, 'DC_SUSPECTFLAG', '', 'int', 0, 0 );
insert into Dataitem ( DATAFORMATID, DATANAME, COLNUMBER, DATAID, PROCESS_INSTRUCTION, DATATYPE, DATASIZE, DATASCALE ) values ( 'DC_E_TEST:((202)):DC_E_TEST_VCLTP_V:mdc', 'UTC_DATETIME_ID', 32, 'UTC_DATETIME_ID', '', 'datetime', 0, 0 );
insert into Dataitem ( DATAFORMATID, DATANAME, COLNUMBER, DATAID, PROCESS_INSTRUCTION, DATATYPE, DATASIZE, DATASCALE ) values ( 'DC_E_TEST:((202)):DC_E_TEST_VCLTP_V:mdc', 'pmBwUtilizationRx', 33, 'pmBwUtilizationRx', 'VECTOR', 'numeric', 18, 8 );
insert into Dataitem ( DATAFORMATID, DATANAME, COLNUMBER, DATAID, PROCESS_INSTRUCTION, DATATYPE, DATASIZE, DATASCALE ) values ( 'DC_E_TEST:((202)):DC_E_TEST_VCLTP_V:mdc', 'pmBwUtilizationTx', 34, 'pmBwUtilizationTx', 'VECTOR', 'numeric', 18, 8 );
insert into Dataitem ( DATAFORMATID, DATANAME, COLNUMBER, DATAID, PROCESS_INSTRUCTION, DATATYPE, DATASIZE, DATASCALE ) values ( 'DC_E_TEST:((202)):DC_E_TEST_VCLTP_V:mdc', 'AtmPort', 9, 'MOID.AtmPort', 'KEY', 'varchar', 35, 0 );
insert into Dataitem ( DATAFORMATID, DATANAME, COLNUMBER, DATAID, PROCESS_INSTRUCTION, DATATYPE, DATASIZE, DATASCALE ) values ( 'DC_E_TEST:((202)):DC_E_TEST_VCLTP_V:mdc', 'atmTrafficDescriptorId', 13, 'atmTrafficDescriptorId', 'KEY', 'varchar', 255, 0 );
insert into Dataitem ( DATAFORMATID, DATANAME, COLNUMBER, DATAID, PROCESS_INSTRUCTION, DATATYPE, DATASIZE, DATASCALE ) values ( 'DC_E_TEST:((202)):DC_E_TEST_VCLTP_V:mdc', 'DATE_ID', 16, 'DATE_ID', '', 'date', 0, 0 );
insert into Dataitem ( DATAFORMATID, DATANAME, COLNUMBER, DATAID, PROCESS_INSTRUCTION, DATATYPE, DATASIZE, DATASCALE ) values ( 'DC_E_TEST:((202)):DC_E_TEST_VCLTP_V:mdc', 'DCVECTOR_INDEX', 15, 'DCVECTOR_INDEX', '', 'integer', 0, 0 );
insert into Dataitem ( DATAFORMATID, DATANAME, COLNUMBER, DATAID, PROCESS_INSTRUCTION, DATATYPE, DATASIZE, DATASCALE ) values ( 'DC_E_TEST:((202)):DC_E_TEST_VCLTP_V:mdc', 'TEST', 6, 'NEName', 'KEY', 'varchar', 64, 0 );
insert into Dataitem ( DATAFORMATID, DATANAME, COLNUMBER, DATAID, PROCESS_INSTRUCTION, DATATYPE, DATASIZE, DATASCALE ) values ( 'DC_E_TEST:((202)):DC_E_TEST_VCLTP_V:mdc', 'MOID', 7, 'MOID', 'KEY', 'varchar', 255, 0 );
insert into Dataitem ( DATAFORMATID, DATANAME, COLNUMBER, DATAID, PROCESS_INSTRUCTION, DATATYPE, DATASIZE, DATASCALE ) values ( 'DC_E_TEST:((202)):DC_E_TEST_VCLTP_V:mdc', 'NEDN', 4, 'nedn', 'KEY', 'varchar', 255, 0 );
insert into Dataitem ( DATAFORMATID, DATANAME, COLNUMBER, DATAID, PROCESS_INSTRUCTION, DATATYPE, DATASIZE, DATASCALE ) values ( 'DC_E_TEST:((202)):DC_E_TEST_VCLTP_V:mdc', 'NESW', 5, 'nesw', 'KEY', 'varchar', 35, 0 );
insert into Dataitem ( DATAFORMATID, DATANAME, COLNUMBER, DATAID, PROCESS_INSTRUCTION, DATATYPE, DATASIZE, DATASCALE ) values ( 'DC_E_TEST:((202)):DC_E_TEST_VCLTP_V:mdc', 'NEUN', 3, 'neun', 'KEY', 'varchar', 64, 0 );
insert into Dataitem ( DATAFORMATID, DATANAME, COLNUMBER, DATAID, PROCESS_INSTRUCTION, DATATYPE, DATASIZE, DATASCALE ) values ( 'DC_E_TEST:((202)):DC_E_TEST_VCLTP_V:mdc', 'OSS_ID', 1, 'OSS_ID', 'KEY', 'varchar', 50, 0 );
insert into Dataitem ( DATAFORMATID, DATANAME, COLNUMBER, DATAID, PROCESS_INSTRUCTION, DATATYPE, DATASIZE, DATASCALE ) values ( 'DC_E_TEST:((202)):DC_E_TEST_VCLTP_V:mdc', 'SN', 2, 'SN', 'KEY', 'varchar', 255, 0 );
insert into Dataitem ( DATAFORMATID, DATANAME, COLNUMBER, DATAID, PROCESS_INSTRUCTION, DATATYPE, DATASIZE, DATASCALE ) values ( 'DC_E_TEST:((202)):DC_E_TEST_VCLTP_V:mdc', 'TransportNetwork', 8, 'MOID.TransportNetwork', 'KEY', 'varchar', 35, 0 );
insert into Dataitem ( DATAFORMATID, DATANAME, COLNUMBER, DATAID, PROCESS_INSTRUCTION, DATATYPE, DATASIZE, DATASCALE ) values ( 'DC_E_TEST:((202)):DC_E_TEST_VCLTP_V:mdc', 'userLabel', 14, 'userLabel', 'KEY', 'varchar', 128, 0 );
insert into Dataitem ( DATAFORMATID, DATANAME, COLNUMBER, DATAID, PROCESS_INSTRUCTION, DATATYPE, DATASIZE, DATASCALE ) values ( 'DC_E_TEST:((202)):DC_E_TEST_VCLTP_V:mdc', 'VclTp', 12, 'MOID.VclTp', 'KEY', 'varchar', 35, 0 );
insert into Dataitem ( DATAFORMATID, DATANAME, COLNUMBER, DATAID, PROCESS_INSTRUCTION, DATATYPE, DATASIZE, DATASCALE ) values ( 'DC_E_TEST:((202)):DC_E_TEST_VCLTP_V:mdc', 'VpcTp', 11, 'MOID.VpcTp', 'KEY', 'varchar', 35, 0 );
insert into Dataitem ( DATAFORMATID, DATANAME, COLNUMBER, DATAID, PROCESS_INSTRUCTION, DATATYPE, DATASIZE, DATASCALE ) values ( 'DC_E_TEST:((202)):DC_E_TEST_VCLTP_V:mdc', 'VplTp', 10, 'MOID.VplTp', 'KEY', 'varchar', 35, 0 );
insert into Externalstatement ( VERSIONID, STATEMENTNAME, EXECUTIONORDER, DBCONNECTION, STATEMENT, BASEDEF ) values ( 'DC_E_TEST:((202))', 'create view SELECT_E_TEST_AGGLEVEL', 1, 'dwh', 'IF (SELECT count(*) FROM sys.sysviews where viewname = ''SELECT_E_TEST_AGGLEVEL'') > 0 DROP VIEW SELECT_E_TEST_AGGLEVEL BEGIN create view SELECT_E_TEST_AGGLEVEL(FIRSTDATE_ID,AGGLEVEL,DATE_ID,YEAR_ID,MONTH_ID,DAY_ID,WEEK_ID,WEEKDAY_ID,BUSINESSDAY,TIMELEVEL,TIMELEVELBH,DAYS) as select FIRSTDATE_ID,AGGLEVEL,DATE_ID,YEAR_ID,MONTH_ID,DAY_ID,WEEK_ID,WEEKDAY_ID,BUSINESSDAY,TIMELEVEL,TIMELEVELBH,DAYS from dc.SELECT_AGGLEVEL_TABLE WHERE TIMELEVELBH = ''DAYBH'' commit grant select on SELECT_E_TEST_AGGLEVEL to dcbo END', 1 );
insert into Externalstatement ( VERSIONID, STATEMENTNAME, EXECUTIONORDER, DBCONNECTION, STATEMENT, BASEDEF ) values ( 'DC_E_TEST:((202))', 'Delete from DIM_E_CN_TEST_DEVICETYPE', 2, 'dwh', 'DELETE DIM_E_CN_TEST_DEVICETYPE;', 0 );
insert into Externalstatement ( VERSIONID, STATEMENTNAME, EXECUTIONORDER, DBCONNECTION, STATEMENT, BASEDEF ) values ( 'DC_E_TEST:((202))', 'Insert into DIM_E_CN_TEST_DEVICETYPE', 3, 'dwh', 'INSERT INTO DIM_E_CN_TEST_DEVICETYPE (SERVICE_NAME,SERVICE_NUMBER) VALUES (''DTMF Sender'',1); INSERT INTO DIM_E_CN_TEST_DEVICETYPE (SERVICE_NAME,SERVICE_NUMBER) VALUES (''Tone Sender'',2); INSERT INTO DIM_E_CN_TEST_DEVICETYPE (SERVICE_NAME,SERVICE_NUMBER) VALUES (''Continuity Check'',4); INSERT INTO DIM_E_CN_TEST_DEVICETYPE (SERVICE_NAME,SERVICE_NUMBER) VALUES (''DTMF Receiver'',8); INSERT INTO DIM_E_CN_TEST_DEVICETYPE (SERVICE_NAME,SERVICE_NUMBER) VALUES (''MCC'',16); INSERT INTO DIM_E_CN_TEST_DEVICETYPE (SERVICE_NAME,SERVICE_NUMBER) VALUES (''EC'',32); INSERT INTO DIM_E_CN_TEST_DEVICETYPE (SERVICE_NAME,SERVICE_NUMBER) VALUES (''NR'',64); INSERT INTO DIM_E_CN_TEST_DEVICETYPE (SERVICE_NAME,SERVICE_NUMBER) VALUES (''GTT'',128); INSERT INTO DIM_E_CN_TEST_DEVICETYPE (SERVICE_NAME,SERVICE_NUMBER) VALUES (''AMR'',256); INSERT INTO DIM_E_CN_TEST_DEVICETYPE (SERVICE_NAME,SERVICE_NUMBER) VALUES (''Inmarsat'',512); INSERT INTO DIM_E_CN_TEST_DEVICETYPE (SERVICE_NAME,SERVICE_NUMBER) VALUES (''UP FH'',1024); INSERT INTO DIM_E_CN_TEST_DEVICETYPE (SERVICE_NAME,SERVICE_NUMBER) VALUES (''CSD GSM FH'',2048); INSERT INTO DIM_E_CN_TEST_DEVICETYPE (SERVICE_NAME,SERVICE_NUMBER) VALUES (''CSD Digital'',4096); INSERT INTO DIM_E_CN_TEST_DEVICETYPE (SERVICE_NAME,SERVICE_NUMBER) VALUES (''CSD Modem'',8192); INSERT INTO DIM_E_CN_TEST_DEVICETYPE (SERVICE_NAME,SERVICE_NUMBER) VALUES (''IM'',16384); INSERT INTO DIM_E_CN_TEST_DEVICETYPE (SERVICE_NAME,SERVICE_NUMBER) VALUES (''MPC'',32768); INSERT INTO DIM_E_CN_TEST_DEVICETYPE (SERVICE_NAME,SERVICE_NUMBER) VALUES (''RTP/RTCP'',65536); INSERT INTO DIM_E_CN_TEST_DEVICETYPE (SERVICE_NAME,SERVICE_NUMBER) VALUES (''Reserved'',131072); INSERT INTO DIM_E_CN_TEST_DEVICETYPE (SERVICE_NAME,SERVICE_NUMBER) VALUES (''Jitter Handling'',262144); INSERT INTO DIM_E_CN_TEST_DEVICETYPE (SERVICE_NAME,SERVICE_NUMBER) VALUES (''EFR'',524288); INSERT INTO DIM_E_CN_TEST_DEVICETYPE (SERVICE_NAME,SERVICE_NUMBER) VALUES (''TFO'',1048576); INSERT INTO DIM_E_CN_TEST_DEVICETYPE (SERVICE_NAME,SERVICE_NUMBER) VALUES (''CSD GSM Fax'',2097152); INSERT INTO DIM_E_CN_TEST_DEVICETYPE (SERVICE_NAME,SERVICE_NUMBER) VALUES (''PCM'',4194304); INSERT INTO DIM_E_CN_TEST_DEVICETYPE (SERVICE_NAME,SERVICE_NUMBER) VALUES (''IPET'',8388608); INSERT INTO DIM_E_CN_TEST_DEVICETYPE (SERVICE_NAME,SERVICE_NUMBER) VALUES (''AMR-WB'',16777216); INSERT INTO DIM_E_CN_TEST_DEVICETYPE (SERVICE_NAME,SERVICE_NUMBER) VALUES (''Reserved'',33554432); INSERT INTO DIM_E_CN_TEST_DEVICETYPE (SERVICE_NAME,SERVICE_NUMBER) VALUES (''G.729'',67108864);', 0 );
insert into Universename ( VERSIONID, UNIVERSENAME, UNIVERSEEXTENSION, ORDERNRO, UNIVERSEEXTENSIONNAME ) values ( 'DC_E_TEST:((202))', 'DCE5', 'a', null, 'Standard' );
insert into Universename ( VERSIONID, UNIVERSENAME, UNIVERSEEXTENSION, ORDERNRO, UNIVERSEEXTENSIONNAME ) values ( 'DC_E_TEST:((202))', 'DCE5', 'b', null, 'Extended' );
insert into Aggregation ( AGGREGATION, VERSIONID, AGGREGATIONSET, AGGREGATIONGROUP, REAGGREGATIONSET, REAGGREGATIONGROUP, GROUPORDER, AGGREGATIONORDER, AGGREGATIONTYPE, AGGREGATIONSCOPE ) values ( 'DC_E_TEST_SERVICE_DAYBH_SERVICE', 'DC_E_TEST:((202))', null, null, null, null, null, null, 'DAYBH', 'DAY' );
insert into Aggregationrule ( AGGREGATION, VERSIONID, RULEID, TARGET_TYPE, TARGET_LEVEL, TARGET_TABLE, TARGET_MTABLEID, SOURCE_TYPE, SOURCE_LEVEL, SOURCE_TABLE, SOURCE_MTABLEID, RULETYPE, AGGREGATIONSCOPE, BHTYPE, ENABLE ) values ( 'DC_E_TEST_SERVICE_DAYBH_SERVICE', 'DC_E_TEST:((202))', 1, 'DC_E_TEST_SERVICE', 'DAYBH', 'DC_E_TEST_SERVICE_DAYBH', 'DC_E_TEST:((202)):DC_E_TEST_SERVICE:DAYBH', 'DC_E_TEST_SERVICE', 'COUNT', 'DC_E_TEST_SERVICE_COUNT', 'DC_E_TEST:((202)):DC_E_TEST_SERVICE:COUNT', 'BHSRC', 'DAY', null, null );
insert into Aggregation ( AGGREGATION, VERSIONID, AGGREGATIONSET, AGGREGATIONGROUP, REAGGREGATIONSET, REAGGREGATIONGROUP, GROUPORDER, AGGREGATIONORDER, AGGREGATIONTYPE, AGGREGATIONSCOPE ) values ( 'DC_E_TEST_VCLTPBH_RANKBH_VCLTP_PP1', 'DC_E_TEST:((202))', null, null, null, null, null, null, 'RANKBH', 'DAY' );
insert into Aggregationrule ( AGGREGATION, VERSIONID, RULEID, TARGET_TYPE, TARGET_LEVEL, TARGET_TABLE, TARGET_MTABLEID, SOURCE_TYPE, SOURCE_LEVEL, SOURCE_TABLE, SOURCE_MTABLEID, RULETYPE, AGGREGATIONSCOPE, BHTYPE, ENABLE ) values ( 'DC_E_TEST_VCLTPBH_RANKBH_VCLTP_PP1', 'DC_E_TEST:((202))', 0, 'DC_E_TEST_VCLTPBH', 'RANKBH', 'DC_E_TEST_VCLTPBH_RANKBH', 'DC_E_TEST:((202)):DC_E_TEST_VCLTPBH:RANKBH', 'DC_E_TEST_VCLTP', 'COUNT', 'DC_E_TEST_VCLTPBH_RANKBH_VCLTP_PP1', 'DC_E_TEST:((202)):DC_E_TEST_VCLTP:COUNT', 'RANKBH', 'DAY', 'VCLTP_PP1', 1 );
insert into Aggregation ( AGGREGATION, VERSIONID, AGGREGATIONSET, AGGREGATIONGROUP, REAGGREGATIONSET, REAGGREGATIONGROUP, GROUPORDER, AGGREGATIONORDER, AGGREGATIONTYPE, AGGREGATIONSCOPE ) values ( 'DC_E_TEST_VCLTPBH_WEEKRANKBH_VCLTP_PP1', 'DC_E_TEST:((202))', null, null, null, null, null, null, 'RANKBH', 'WEEK' );
insert into Aggregationrule ( AGGREGATION, VERSIONID, RULEID, TARGET_TYPE, TARGET_LEVEL, TARGET_TABLE, TARGET_MTABLEID, SOURCE_TYPE, SOURCE_LEVEL, SOURCE_TABLE, SOURCE_MTABLEID, RULETYPE, AGGREGATIONSCOPE, BHTYPE, ENABLE ) values ( 'DC_E_TEST_VCLTPBH_WEEKRANKBH_VCLTP_PP1', 'DC_E_TEST:((202))', 1, 'DC_E_TEST_VCLTPBH', 'RANKBH', 'DC_E_TEST_VCLTPBH_RANKBH', 'DC_E_TEST:((202)):DC_E_TEST_VCLTPBH:RANKBH', 'DC_E_TEST_VCLTPBH', 'RANKBH', 'DC_E_TEST_VCLTPBH_RANKBH', 'DC_E_TEST:((202)):DC_E_TEST_VCLTPBH:RANKBH', 'RANKBHCLASS', 'WEEK', 'VCLTP_PP1', 1 );
insert into Aggregation ( AGGREGATION, VERSIONID, AGGREGATIONSET, AGGREGATIONGROUP, REAGGREGATIONSET, REAGGREGATIONGROUP, GROUPORDER, AGGREGATIONORDER, AGGREGATIONTYPE, AGGREGATIONSCOPE ) values ( 'DC_E_TEST_VCLTPBH_MONTHRANKBH_VCLTP_PP1', 'DC_E_TEST:((202))', null, null, null, null, null, null, 'RANKBH', 'MONTH' );
insert into Aggregationrule ( AGGREGATION, VERSIONID, RULEID, TARGET_TYPE, TARGET_LEVEL, TARGET_TABLE, TARGET_MTABLEID, SOURCE_TYPE, SOURCE_LEVEL, SOURCE_TABLE, SOURCE_MTABLEID, RULETYPE, AGGREGATIONSCOPE, BHTYPE, ENABLE ) values ( 'DC_E_TEST_VCLTPBH_MONTHRANKBH_VCLTP_PP1', 'DC_E_TEST:((202))', 2, 'DC_E_TEST_VCLTPBH', 'RANKBH', 'DC_E_TEST_VCLTPBH_RANKBH', 'DC_E_TEST:((202)):DC_E_TEST_VCLTPBH:RANKBH', 'DC_E_TEST_VCLTPBH', 'RANKBH', 'DC_E_TEST_VCLTPBH_RANKBH', 'DC_E_TEST:((202)):DC_E_TEST_VCLTPBH:RANKBH', 'RANKBHCLASS', 'MONTH', 'VCLTP_PP1', 1 );
insert into Aggregation ( AGGREGATION, VERSIONID, AGGREGATIONSET, AGGREGATIONGROUP, REAGGREGATIONSET, REAGGREGATIONGROUP, GROUPORDER, AGGREGATIONORDER, AGGREGATIONTYPE, AGGREGATIONSCOPE ) values ( 'DC_E_TEST_SERVICE_WEEKBH_SERVICE', 'DC_E_TEST:((202))', null, null, null, null, null, null, 'DAYBH', 'WEEK' );
insert into Aggregationrule ( AGGREGATION, VERSIONID, RULEID, TARGET_TYPE, TARGET_LEVEL, TARGET_TABLE, TARGET_MTABLEID, SOURCE_TYPE, SOURCE_LEVEL, SOURCE_TABLE, SOURCE_MTABLEID, RULETYPE, AGGREGATIONSCOPE, BHTYPE, ENABLE ) values ( 'DC_E_TEST_SERVICE_WEEKBH_SERVICE', 'DC_E_TEST:((202))', 2, 'DC_E_TEST_SERVICE', 'DAYBH', 'DC_E_TEST_SERVICE_DAYBH', 'DC_E_TEST:((202)):DC_E_TEST_SERVICE:DAYBH', 'DC_E_TEST_SERVICE', 'DAYBH', 'DC_E_TEST_SERVICE_DAYBH', 'DC_E_TEST:((202)):DC_E_TEST_SERVICE:DAYBH', 'DAYBHCLASS_DAYBH', 'WEEK', null, null );
insert into Aggregation ( AGGREGATION, VERSIONID, AGGREGATIONSET, AGGREGATIONGROUP, REAGGREGATIONSET, REAGGREGATIONGROUP, GROUPORDER, AGGREGATIONORDER, AGGREGATIONTYPE, AGGREGATIONSCOPE ) values ( 'DC_E_TEST_VCLTPBH_RANKBH_VCLTP_CP2', 'DC_E_TEST:((202))', null, null, null, null, null, null, 'RANKBH', 'DAY' );
insert into Aggregationrule ( AGGREGATION, VERSIONID, RULEID, TARGET_TYPE, TARGET_LEVEL, TARGET_TABLE, TARGET_MTABLEID, SOURCE_TYPE, SOURCE_LEVEL, SOURCE_TABLE, SOURCE_MTABLEID, RULETYPE, AGGREGATIONSCOPE, BHTYPE, ENABLE ) values ( 'DC_E_TEST_VCLTPBH_RANKBH_VCLTP_CP2', 'DC_E_TEST:((202))', 0, 'DC_E_TEST_VCLTPBH', 'RANKBH', 'DC_E_TEST_VCLTPBH_RANKBH', 'DC_E_TEST:((202)):DC_E_TEST_VCLTPBH:RANKBH', '', '', 'DC_E_TEST_VCLTPBH_RANKBH_VCLTP_CP2', '', 'RANKBH', 'DAY', 'VCLTP_CP2', 0 );
insert into Aggregation ( AGGREGATION, VERSIONID, AGGREGATIONSET, AGGREGATIONGROUP, REAGGREGATIONSET, REAGGREGATIONGROUP, GROUPORDER, AGGREGATIONORDER, AGGREGATIONTYPE, AGGREGATIONSCOPE ) values ( 'DC_E_TEST_VCLTPBH_WEEKRANKBH_VCLTP_CP2', 'DC_E_TEST:((202))', null, null, null, null, null, null, 'RANKBH', 'WEEK' );
insert into Aggregationrule ( AGGREGATION, VERSIONID, RULEID, TARGET_TYPE, TARGET_LEVEL, TARGET_TABLE, TARGET_MTABLEID, SOURCE_TYPE, SOURCE_LEVEL, SOURCE_TABLE, SOURCE_MTABLEID, RULETYPE, AGGREGATIONSCOPE, BHTYPE, ENABLE ) values ( 'DC_E_TEST_VCLTPBH_WEEKRANKBH_VCLTP_CP2', 'DC_E_TEST:((202))', 1, 'DC_E_TEST_VCLTPBH', 'RANKBH', 'DC_E_TEST_VCLTPBH_RANKBH', 'DC_E_TEST:((202)):DC_E_TEST_VCLTPBH:RANKBH', 'DC_E_TEST_VCLTPBH', 'RANKBH', 'DC_E_TEST_VCLTPBH_RANKBH', 'DC_E_TEST:((202)):DC_E_TEST_VCLTPBH:RANKBH', 'RANKBHCLASS', 'WEEK', 'VCLTP_CP2', 0 );
insert into Aggregation ( AGGREGATION, VERSIONID, AGGREGATIONSET, AGGREGATIONGROUP, REAGGREGATIONSET, REAGGREGATIONGROUP, GROUPORDER, AGGREGATIONORDER, AGGREGATIONTYPE, AGGREGATIONSCOPE ) values ( 'DC_E_TEST_VCLTPBH_MONTHRANKBH_VCLTP_CP2', 'DC_E_TEST:((202))', null, null, null, null, null, null, 'RANKBH', 'MONTH' );
insert into Aggregationrule ( AGGREGATION, VERSIONID, RULEID, TARGET_TYPE, TARGET_LEVEL, TARGET_TABLE, TARGET_MTABLEID, SOURCE_TYPE, SOURCE_LEVEL, SOURCE_TABLE, SOURCE_MTABLEID, RULETYPE, AGGREGATIONSCOPE, BHTYPE, ENABLE ) values ( 'DC_E_TEST_VCLTPBH_MONTHRANKBH_VCLTP_CP2', 'DC_E_TEST:((202))', 2, 'DC_E_TEST_VCLTPBH', 'RANKBH', 'DC_E_TEST_VCLTPBH_RANKBH', 'DC_E_TEST:((202)):DC_E_TEST_VCLTPBH:RANKBH', 'DC_E_TEST_VCLTPBH', 'RANKBH', 'DC_E_TEST_VCLTPBH_RANKBH', 'DC_E_TEST:((202)):DC_E_TEST_VCLTPBH:RANKBH', 'RANKBHCLASS', 'MONTH', 'VCLTP_CP2', 0 );
insert into Aggregation ( AGGREGATION, VERSIONID, AGGREGATIONSET, AGGREGATIONGROUP, REAGGREGATIONSET, REAGGREGATIONGROUP, GROUPORDER, AGGREGATIONORDER, AGGREGATIONTYPE, AGGREGATIONSCOPE ) values ( 'DC_E_TEST_SERVICE_MONTHBH_SERVICE', 'DC_E_TEST:((202))', null, null, null, null, null, null, 'DAYBH', 'MONTH' );
insert into Aggregationrule ( AGGREGATION, VERSIONID, RULEID, TARGET_TYPE, TARGET_LEVEL, TARGET_TABLE, TARGET_MTABLEID, SOURCE_TYPE, SOURCE_LEVEL, SOURCE_TABLE, SOURCE_MTABLEID, RULETYPE, AGGREGATIONSCOPE, BHTYPE, ENABLE ) values ( 'DC_E_TEST_SERVICE_MONTHBH_SERVICE', 'DC_E_TEST:((202))', 3, 'DC_E_TEST_SERVICE', 'DAYBH', 'DC_E_TEST_SERVICE_DAYBH', 'DC_E_TEST:((202)):DC_E_TEST_SERVICE:DAYBH', 'DC_E_TEST_SERVICE', 'DAYBH', 'DC_E_TEST_SERVICE_DAYBH', 'DC_E_TEST:((202)):DC_E_TEST_SERVICE:DAYBH', 'DAYBHCLASS_DAYBH', 'MONTH', null, null );
insert into Aggregation ( AGGREGATION, VERSIONID, AGGREGATIONSET, AGGREGATIONGROUP, REAGGREGATIONSET, REAGGREGATIONGROUP, GROUPORDER, AGGREGATIONORDER, AGGREGATIONTYPE, AGGREGATIONSCOPE ) values ( 'DC_E_TEST_VCLTPBH_RANKBH_VCLTP_PP2', 'DC_E_TEST:((202))', null, null, null, null, null, null, 'RANKBH', 'DAY' );
insert into Aggregationrule ( AGGREGATION, VERSIONID, RULEID, TARGET_TYPE, TARGET_LEVEL, TARGET_TABLE, TARGET_MTABLEID, SOURCE_TYPE, SOURCE_LEVEL, SOURCE_TABLE, SOURCE_MTABLEID, RULETYPE, AGGREGATIONSCOPE, BHTYPE, ENABLE ) values ( 'DC_E_TEST_VCLTPBH_RANKBH_VCLTP_PP2', 'DC_E_TEST:((202))', 0, 'DC_E_TEST_VCLTPBH', 'RANKBH', 'DC_E_TEST_VCLTPBH_RANKBH', 'DC_E_TEST:((202)):DC_E_TEST_VCLTPBH:RANKBH', 'DC_E_TEST_VCLTP', 'COUNT', 'DC_E_TEST_VCLTPBH_RANKBH_VCLTP_PP2', 'DC_E_TEST:((202)):DC_E_TEST_VCLTP:COUNT', 'RANKBH', 'DAY', 'VCLTP_PP2', 1 );
insert into Aggregation ( AGGREGATION, VERSIONID, AGGREGATIONSET, AGGREGATIONGROUP, REAGGREGATIONSET, REAGGREGATIONGROUP, GROUPORDER, AGGREGATIONORDER, AGGREGATIONTYPE, AGGREGATIONSCOPE ) values ( 'DC_E_TEST_VCLTPBH_WEEKRANKBH_VCLTP_PP2', 'DC_E_TEST:((202))', null, null, null, null, null, null, 'RANKBH', 'WEEK' );
insert into Aggregationrule ( AGGREGATION, VERSIONID, RULEID, TARGET_TYPE, TARGET_LEVEL, TARGET_TABLE, TARGET_MTABLEID, SOURCE_TYPE, SOURCE_LEVEL, SOURCE_TABLE, SOURCE_MTABLEID, RULETYPE, AGGREGATIONSCOPE, BHTYPE, ENABLE ) values ( 'DC_E_TEST_VCLTPBH_WEEKRANKBH_VCLTP_PP2', 'DC_E_TEST:((202))', 1, 'DC_E_TEST_VCLTPBH', 'RANKBH', 'DC_E_TEST_VCLTPBH_RANKBH', 'DC_E_TEST:((202)):DC_E_TEST_VCLTPBH:RANKBH', 'DC_E_TEST_VCLTPBH', 'RANKBH', 'DC_E_TEST_VCLTPBH_RANKBH', 'DC_E_TEST:((202)):DC_E_TEST_VCLTPBH:RANKBH', 'RANKBHCLASS', 'WEEK', 'VCLTP_PP2', 1 );
insert into Aggregation ( AGGREGATION, VERSIONID, AGGREGATIONSET, AGGREGATIONGROUP, REAGGREGATIONSET, REAGGREGATIONGROUP, GROUPORDER, AGGREGATIONORDER, AGGREGATIONTYPE, AGGREGATIONSCOPE ) values ( 'DC_E_TEST_VCLTPBH_MONTHRANKBH_VCLTP_PP2', 'DC_E_TEST:((202))', null, null, null, null, null, null, 'RANKBH', 'MONTH' );
insert into Aggregationrule ( AGGREGATION, VERSIONID, RULEID, TARGET_TYPE, TARGET_LEVEL, TARGET_TABLE, TARGET_MTABLEID, SOURCE_TYPE, SOURCE_LEVEL, SOURCE_TABLE, SOURCE_MTABLEID, RULETYPE, AGGREGATIONSCOPE, BHTYPE, ENABLE ) values ( 'DC_E_TEST_VCLTPBH_MONTHRANKBH_VCLTP_PP2', 'DC_E_TEST:((202))', 2, 'DC_E_TEST_VCLTPBH', 'RANKBH', 'DC_E_TEST_VCLTPBH_RANKBH', 'DC_E_TEST:((202)):DC_E_TEST_VCLTPBH:RANKBH', 'DC_E_TEST_VCLTPBH', 'RANKBH', 'DC_E_TEST_VCLTPBH_RANKBH', 'DC_E_TEST:((202)):DC_E_TEST_VCLTPBH:RANKBH', 'RANKBHCLASS', 'MONTH', 'VCLTP_PP2', 1 );
insert into Aggregation ( AGGREGATION, VERSIONID, AGGREGATIONSET, AGGREGATIONGROUP, REAGGREGATIONSET, REAGGREGATIONGROUP, GROUPORDER, AGGREGATIONORDER, AGGREGATIONTYPE, AGGREGATIONSCOPE ) values ( 'DC_E_TEST_ELEMBH_RANKBH_ELEM_CP0', 'DC_E_TEST:((202))', null, null, null, null, null, null, 'RANKBH', 'DAY' );
insert into Aggregationrule ( AGGREGATION, VERSIONID, RULEID, TARGET_TYPE, TARGET_LEVEL, TARGET_TABLE, TARGET_MTABLEID, SOURCE_TYPE, SOURCE_LEVEL, SOURCE_TABLE, SOURCE_MTABLEID, RULETYPE, AGGREGATIONSCOPE, BHTYPE, ENABLE ) values ( 'DC_E_TEST_ELEMBH_RANKBH_ELEM_CP0', 'DC_E_TEST:((202))', 0, 'DC_E_TEST_ELEMBH', 'RANKBH', 'DC_E_TEST_ELEMBH_RANKBH', 'DC_E_TEST:((202)):DC_E_TEST_ELEMBH:RANKBH', '', '', 'DC_E_TEST_ELEMBH_RANKBH_ELEM_CP0', '', 'RANKBH', 'DAY', 'ELEM_CP0', 0 );
insert into Aggregation ( AGGREGATION, VERSIONID, AGGREGATIONSET, AGGREGATIONGROUP, REAGGREGATIONSET, REAGGREGATIONGROUP, GROUPORDER, AGGREGATIONORDER, AGGREGATIONTYPE, AGGREGATIONSCOPE ) values ( 'DC_E_TEST_ELEMBH_WEEKRANKBH_ELEM_CP0', 'DC_E_TEST:((202))', null, null, null, null, null, null, 'RANKBH', 'WEEK' );
insert into Aggregationrule ( AGGREGATION, VERSIONID, RULEID, TARGET_TYPE, TARGET_LEVEL, TARGET_TABLE, TARGET_MTABLEID, SOURCE_TYPE, SOURCE_LEVEL, SOURCE_TABLE, SOURCE_MTABLEID, RULETYPE, AGGREGATIONSCOPE, BHTYPE, ENABLE ) values ( 'DC_E_TEST_ELEMBH_WEEKRANKBH_ELEM_CP0', 'DC_E_TEST:((202))', 1, 'DC_E_TEST_ELEMBH', 'RANKBH', 'DC_E_TEST_ELEMBH_RANKBH', 'DC_E_TEST:((202)):DC_E_TEST_ELEMBH:RANKBH', 'DC_E_TEST_ELEMBH', 'RANKBH', 'DC_E_TEST_ELEMBH_RANKBH', 'DC_E_TEST:((202)):DC_E_TEST_ELEMBH:RANKBH', 'RANKBHCLASS', 'WEEK', 'ELEM_CP0', 0 );
insert into Aggregation ( AGGREGATION, VERSIONID, AGGREGATIONSET, AGGREGATIONGROUP, REAGGREGATIONSET, REAGGREGATIONGROUP, GROUPORDER, AGGREGATIONORDER, AGGREGATIONTYPE, AGGREGATIONSCOPE ) values ( 'DC_E_TEST_ELEMBH_MONTHRANKBH_ELEM_CP0', 'DC_E_TEST:((202))', null, null, null, null, null, null, 'RANKBH', 'MONTH' );
insert into Aggregationrule ( AGGREGATION, VERSIONID, RULEID, TARGET_TYPE, TARGET_LEVEL, TARGET_TABLE, TARGET_MTABLEID, SOURCE_TYPE, SOURCE_LEVEL, SOURCE_TABLE, SOURCE_MTABLEID, RULETYPE, AGGREGATIONSCOPE, BHTYPE, ENABLE ) values ( 'DC_E_TEST_ELEMBH_MONTHRANKBH_ELEM_CP0', 'DC_E_TEST:((202))', 2, 'DC_E_TEST_ELEMBH', 'RANKBH', 'DC_E_TEST_ELEMBH_RANKBH', 'DC_E_TEST:((202)):DC_E_TEST_ELEMBH:RANKBH', 'DC_E_TEST_ELEMBH', 'RANKBH', 'DC_E_TEST_ELEMBH_RANKBH', 'DC_E_TEST:((202)):DC_E_TEST_ELEMBH:RANKBH', 'RANKBHCLASS', 'MONTH', 'ELEM_CP0', 0 );
insert into Aggregation ( AGGREGATION, VERSIONID, AGGREGATIONSET, AGGREGATIONGROUP, REAGGREGATIONSET, REAGGREGATIONGROUP, GROUPORDER, AGGREGATIONORDER, AGGREGATIONTYPE, AGGREGATIONSCOPE ) values ( 'DC_E_TEST_VCLTP_COUNT', 'DC_E_TEST:((202))', null, null, null, null, null, null, 'TOTAL', 'COUNT' );
insert into Aggregationrule ( AGGREGATION, VERSIONID, RULEID, TARGET_TYPE, TARGET_LEVEL, TARGET_TABLE, TARGET_MTABLEID, SOURCE_TYPE, SOURCE_LEVEL, SOURCE_TABLE, SOURCE_MTABLEID, RULETYPE, AGGREGATIONSCOPE, BHTYPE, ENABLE ) values ( 'DC_E_TEST_VCLTP_COUNT', 'DC_E_TEST:((202))', 4, 'DC_E_TEST_VCLTP', 'COUNT', 'DC_E_TEST_VCLTP_COUNT', 'DC_E_TEST:((202)):DC_E_TEST_VCLTP:COUNT', 'DC_E_TEST_VCLTP', 'RAW', 'DC_E_TEST_VCLTP_RAW', 'DC_E_TEST:((202)):DC_E_TEST_VCLTP:RAW', 'COUNT', 'DAY', null, null );
insert into Aggregation ( AGGREGATION, VERSIONID, AGGREGATIONSET, AGGREGATIONGROUP, REAGGREGATIONSET, REAGGREGATIONGROUP, GROUPORDER, AGGREGATIONORDER, AGGREGATIONTYPE, AGGREGATIONSCOPE ) values ( 'DC_E_TEST_VCLTP_DAY', 'DC_E_TEST:((202))', null, null, null, null, null, null, 'TOTAL', 'DAY' );
insert into Aggregationrule ( AGGREGATION, VERSIONID, RULEID, TARGET_TYPE, TARGET_LEVEL, TARGET_TABLE, TARGET_MTABLEID, SOURCE_TYPE, SOURCE_LEVEL, SOURCE_TABLE, SOURCE_MTABLEID, RULETYPE, AGGREGATIONSCOPE, BHTYPE, ENABLE ) values ( 'DC_E_TEST_VCLTP_DAY', 'DC_E_TEST:((202))', 0, 'DC_E_TEST_VCLTP', 'DAY', 'DC_E_TEST_VCLTP_DAY', 'DC_E_TEST:((202)):DC_E_TEST_VCLTP:DAY', 'DC_E_TEST_VCLTP', 'COUNT', 'DC_E_TEST_VCLTP_COUNT', 'DC_E_TEST:((202)):DC_E_TEST_VCLTP:COUNT', 'TOTAL', 'DAY', null, null );
insert into Aggregation ( AGGREGATION, VERSIONID, AGGREGATIONSET, AGGREGATIONGROUP, REAGGREGATIONSET, REAGGREGATIONGROUP, GROUPORDER, AGGREGATIONORDER, AGGREGATIONTYPE, AGGREGATIONSCOPE ) values ( 'DC_E_TEST_VCLTPBH_RANKBH_VCLTP_CP3', 'DC_E_TEST:((202))', null, null, null, null, null, null, 'RANKBH', 'DAY' );
insert into Aggregationrule ( AGGREGATION, VERSIONID, RULEID, TARGET_TYPE, TARGET_LEVEL, TARGET_TABLE, TARGET_MTABLEID, SOURCE_TYPE, SOURCE_LEVEL, SOURCE_TABLE, SOURCE_MTABLEID, RULETYPE, AGGREGATIONSCOPE, BHTYPE, ENABLE ) values ( 'DC_E_TEST_VCLTPBH_RANKBH_VCLTP_CP3', 'DC_E_TEST:((202))', 0, 'DC_E_TEST_VCLTPBH', 'RANKBH', 'DC_E_TEST_VCLTPBH_RANKBH', 'DC_E_TEST:((202)):DC_E_TEST_VCLTPBH:RANKBH', '', '', 'DC_E_TEST_VCLTPBH_RANKBH_VCLTP_CP3', '', 'RANKBH', 'DAY', 'VCLTP_CP3', 0 );
insert into Aggregation ( AGGREGATION, VERSIONID, AGGREGATIONSET, AGGREGATIONGROUP, REAGGREGATIONSET, REAGGREGATIONGROUP, GROUPORDER, AGGREGATIONORDER, AGGREGATIONTYPE, AGGREGATIONSCOPE ) values ( 'DC_E_TEST_VCLTPBH_WEEKRANKBH_VCLTP_CP3', 'DC_E_TEST:((202))', null, null, null, null, null, null, 'RANKBH', 'WEEK' );
insert into Aggregationrule ( AGGREGATION, VERSIONID, RULEID, TARGET_TYPE, TARGET_LEVEL, TARGET_TABLE, TARGET_MTABLEID, SOURCE_TYPE, SOURCE_LEVEL, SOURCE_TABLE, SOURCE_MTABLEID, RULETYPE, AGGREGATIONSCOPE, BHTYPE, ENABLE ) values ( 'DC_E_TEST_VCLTPBH_WEEKRANKBH_VCLTP_CP3', 'DC_E_TEST:((202))', 1, 'DC_E_TEST_VCLTPBH', 'RANKBH', 'DC_E_TEST_VCLTPBH_RANKBH', 'DC_E_TEST:((202)):DC_E_TEST_VCLTPBH:RANKBH', 'DC_E_TEST_VCLTPBH', 'RANKBH', 'DC_E_TEST_VCLTPBH_RANKBH', 'DC_E_TEST:((202)):DC_E_TEST_VCLTPBH:RANKBH', 'RANKBHCLASS', 'WEEK', 'VCLTP_CP3', 0 );
insert into Aggregation ( AGGREGATION, VERSIONID, AGGREGATIONSET, AGGREGATIONGROUP, REAGGREGATIONSET, REAGGREGATIONGROUP, GROUPORDER, AGGREGATIONORDER, AGGREGATIONTYPE, AGGREGATIONSCOPE ) values ( 'DC_E_TEST_VCLTPBH_MONTHRANKBH_VCLTP_CP3', 'DC_E_TEST:((202))', null, null, null, null, null, null, 'RANKBH', 'MONTH' );
insert into Aggregationrule ( AGGREGATION, VERSIONID, RULEID, TARGET_TYPE, TARGET_LEVEL, TARGET_TABLE, TARGET_MTABLEID, SOURCE_TYPE, SOURCE_LEVEL, SOURCE_TABLE, SOURCE_MTABLEID, RULETYPE, AGGREGATIONSCOPE, BHTYPE, ENABLE ) values ( 'DC_E_TEST_VCLTPBH_MONTHRANKBH_VCLTP_CP3', 'DC_E_TEST:((202))', 2, 'DC_E_TEST_VCLTPBH', 'RANKBH', 'DC_E_TEST_VCLTPBH_RANKBH', 'DC_E_TEST:((202)):DC_E_TEST_VCLTPBH:RANKBH', 'DC_E_TEST_VCLTPBH', 'RANKBH', 'DC_E_TEST_VCLTPBH_RANKBH', 'DC_E_TEST:((202)):DC_E_TEST_VCLTPBH:RANKBH', 'RANKBHCLASS', 'MONTH', 'VCLTP_CP3', 0 );
insert into Aggregation ( AGGREGATION, VERSIONID, AGGREGATIONSET, AGGREGATIONGROUP, REAGGREGATIONSET, REAGGREGATIONGROUP, GROUPORDER, AGGREGATIONORDER, AGGREGATIONTYPE, AGGREGATIONSCOPE ) values ( 'DC_E_TEST_ELEMBH_RANKBH_ELEM_PP0', 'DC_E_TEST:((202))', null, null, null, null, null, null, 'RANKBH', 'DAY' );
insert into Aggregationrule ( AGGREGATION, VERSIONID, RULEID, TARGET_TYPE, TARGET_LEVEL, TARGET_TABLE, TARGET_MTABLEID, SOURCE_TYPE, SOURCE_LEVEL, SOURCE_TABLE, SOURCE_MTABLEID, RULETYPE, AGGREGATIONSCOPE, BHTYPE, ENABLE ) values ( 'DC_E_TEST_ELEMBH_RANKBH_ELEM_PP0', 'DC_E_TEST:((202))', 0, 'DC_E_TEST_ELEMBH', 'RANKBH', 'DC_E_TEST_ELEMBH_RANKBH', 'DC_E_TEST:((202)):DC_E_TEST_ELEMBH:RANKBH', '', '', 'DC_E_TEST_ELEMBH_RANKBH_ELEM_PP0', '', 'RANKBH', 'DAY', 'ELEM_PP0', 0 );
insert into Aggregation ( AGGREGATION, VERSIONID, AGGREGATIONSET, AGGREGATIONGROUP, REAGGREGATIONSET, REAGGREGATIONGROUP, GROUPORDER, AGGREGATIONORDER, AGGREGATIONTYPE, AGGREGATIONSCOPE ) values ( 'DC_E_TEST_ELEMBH_WEEKRANKBH_ELEM_PP0', 'DC_E_TEST:((202))', null, null, null, null, null, null, 'RANKBH', 'WEEK' );
insert into Aggregationrule ( AGGREGATION, VERSIONID, RULEID, TARGET_TYPE, TARGET_LEVEL, TARGET_TABLE, TARGET_MTABLEID, SOURCE_TYPE, SOURCE_LEVEL, SOURCE_TABLE, SOURCE_MTABLEID, RULETYPE, AGGREGATIONSCOPE, BHTYPE, ENABLE ) values ( 'DC_E_TEST_ELEMBH_WEEKRANKBH_ELEM_PP0', 'DC_E_TEST:((202))', 1, 'DC_E_TEST_ELEMBH', 'RANKBH', 'DC_E_TEST_ELEMBH_RANKBH', 'DC_E_TEST:((202)):DC_E_TEST_ELEMBH:RANKBH', 'DC_E_TEST_ELEMBH', 'RANKBH', 'DC_E_TEST_ELEMBH_RANKBH', 'DC_E_TEST:((202)):DC_E_TEST_ELEMBH:RANKBH', 'RANKBHCLASS', 'WEEK', 'ELEM_PP0', 0 );
insert into Aggregation ( AGGREGATION, VERSIONID, AGGREGATIONSET, AGGREGATIONGROUP, REAGGREGATIONSET, REAGGREGATIONGROUP, GROUPORDER, AGGREGATIONORDER, AGGREGATIONTYPE, AGGREGATIONSCOPE ) values ( 'DC_E_TEST_ELEMBH_MONTHRANKBH_ELEM_PP0', 'DC_E_TEST:((202))', null, null, null, null, null, null, 'RANKBH', 'MONTH' );
insert into Aggregationrule ( AGGREGATION, VERSIONID, RULEID, TARGET_TYPE, TARGET_LEVEL, TARGET_TABLE, TARGET_MTABLEID, SOURCE_TYPE, SOURCE_LEVEL, SOURCE_TABLE, SOURCE_MTABLEID, RULETYPE, AGGREGATIONSCOPE, BHTYPE, ENABLE ) values ( 'DC_E_TEST_ELEMBH_MONTHRANKBH_ELEM_PP0', 'DC_E_TEST:((202))', 2, 'DC_E_TEST_ELEMBH', 'RANKBH', 'DC_E_TEST_ELEMBH_RANKBH', 'DC_E_TEST:((202)):DC_E_TEST_ELEMBH:RANKBH', 'DC_E_TEST_ELEMBH', 'RANKBH', 'DC_E_TEST_ELEMBH_RANKBH', 'DC_E_TEST:((202)):DC_E_TEST_ELEMBH:RANKBH', 'RANKBHCLASS', 'MONTH', 'ELEM_PP0', 0 );
insert into Aggregation ( AGGREGATION, VERSIONID, AGGREGATIONSET, AGGREGATIONGROUP, REAGGREGATIONSET, REAGGREGATIONGROUP, GROUPORDER, AGGREGATIONORDER, AGGREGATIONTYPE, AGGREGATIONSCOPE ) values ( 'DC_E_TEST_VCLTP_DAYBH_VCLTP', 'DC_E_TEST:((202))', null, null, null, null, null, null, 'DAYBH', 'DAY' );
insert into Aggregationrule ( AGGREGATION, VERSIONID, RULEID, TARGET_TYPE, TARGET_LEVEL, TARGET_TABLE, TARGET_MTABLEID, SOURCE_TYPE, SOURCE_LEVEL, SOURCE_TABLE, SOURCE_MTABLEID, RULETYPE, AGGREGATIONSCOPE, BHTYPE, ENABLE ) values ( 'DC_E_TEST_VCLTP_DAYBH_VCLTP', 'DC_E_TEST:((202))', 0, 'DC_E_TEST_VCLTP', 'DAYBH', 'DC_E_TEST_VCLTP_DAYBH', 'DC_E_TEST:((202)):DC_E_TEST_VCLTP:DAYBH', 'DC_E_TEST_VCLTPBH', 'RANKBH', 'DC_E_TEST_VCLTPBH_RANKBH', 'DC_E_TEST:((202)):DC_E_TEST_VCLTPBH:RANKBH', 'RANKSRC', 'DAY', null, null );
insert into Aggregationrule ( AGGREGATION, VERSIONID, RULEID, TARGET_TYPE, TARGET_LEVEL, TARGET_TABLE, TARGET_MTABLEID, SOURCE_TYPE, SOURCE_LEVEL, SOURCE_TABLE, SOURCE_MTABLEID, RULETYPE, AGGREGATIONSCOPE, BHTYPE, ENABLE ) values ( 'DC_E_TEST_VCLTP_DAYBH_VCLTP', 'DC_E_TEST:((202))', 1, 'DC_E_TEST_VCLTP', 'DAYBH', 'DC_E_TEST_VCLTP_DAYBH', 'DC_E_TEST:((202)):DC_E_TEST_VCLTP:DAYBH', 'DC_E_TEST_VCLTP', 'COUNT', 'DC_E_TEST_VCLTP_COUNT', 'DC_E_TEST:((202)):DC_E_TEST_VCLTP:COUNT', 'BHSRC', 'DAY', null, null );
insert into Aggregation ( AGGREGATION, VERSIONID, AGGREGATIONSET, AGGREGATIONGROUP, REAGGREGATIONSET, REAGGREGATIONGROUP, GROUPORDER, AGGREGATIONORDER, AGGREGATIONTYPE, AGGREGATIONSCOPE ) values ( 'DC_E_TEST_VCLTPBH_RANKBH_VCLTP_PP3', 'DC_E_TEST:((202))', null, null, null, null, null, null, 'RANKBH', 'DAY' );
insert into Aggregationrule ( AGGREGATION, VERSIONID, RULEID, TARGET_TYPE, TARGET_LEVEL, TARGET_TABLE, TARGET_MTABLEID, SOURCE_TYPE, SOURCE_LEVEL, SOURCE_TABLE, SOURCE_MTABLEID, RULETYPE, AGGREGATIONSCOPE, BHTYPE, ENABLE ) values ( 'DC_E_TEST_VCLTPBH_RANKBH_VCLTP_PP3', 'DC_E_TEST:((202))', 0, 'DC_E_TEST_VCLTPBH', 'RANKBH', 'DC_E_TEST_VCLTPBH_RANKBH', 'DC_E_TEST:((202)):DC_E_TEST_VCLTPBH:RANKBH', '', '', 'DC_E_TEST_VCLTPBH_RANKBH_VCLTP_PP3', '', 'RANKBH', 'DAY', 'VCLTP_PP3', 0 );
insert into Aggregation ( AGGREGATION, VERSIONID, AGGREGATIONSET, AGGREGATIONGROUP, REAGGREGATIONSET, REAGGREGATIONGROUP, GROUPORDER, AGGREGATIONORDER, AGGREGATIONTYPE, AGGREGATIONSCOPE ) values ( 'DC_E_TEST_VCLTPBH_WEEKRANKBH_VCLTP_PP3', 'DC_E_TEST:((202))', null, null, null, null, null, null, 'RANKBH', 'WEEK' );
insert into Aggregationrule ( AGGREGATION, VERSIONID, RULEID, TARGET_TYPE, TARGET_LEVEL, TARGET_TABLE, TARGET_MTABLEID, SOURCE_TYPE, SOURCE_LEVEL, SOURCE_TABLE, SOURCE_MTABLEID, RULETYPE, AGGREGATIONSCOPE, BHTYPE, ENABLE ) values ( 'DC_E_TEST_VCLTPBH_WEEKRANKBH_VCLTP_PP3', 'DC_E_TEST:((202))', 1, 'DC_E_TEST_VCLTPBH', 'RANKBH', 'DC_E_TEST_VCLTPBH_RANKBH', 'DC_E_TEST:((202)):DC_E_TEST_VCLTPBH:RANKBH', 'DC_E_TEST_VCLTPBH', 'RANKBH', 'DC_E_TEST_VCLTPBH_RANKBH', 'DC_E_TEST:((202)):DC_E_TEST_VCLTPBH:RANKBH', 'RANKBHCLASS', 'WEEK', 'VCLTP_PP3', 0 );
insert into Aggregation ( AGGREGATION, VERSIONID, AGGREGATIONSET, AGGREGATIONGROUP, REAGGREGATIONSET, REAGGREGATIONGROUP, GROUPORDER, AGGREGATIONORDER, AGGREGATIONTYPE, AGGREGATIONSCOPE ) values ( 'DC_E_TEST_VCLTPBH_MONTHRANKBH_VCLTP_PP3', 'DC_E_TEST:((202))', null, null, null, null, null, null, 'RANKBH', 'MONTH' );
insert into Aggregationrule ( AGGREGATION, VERSIONID, RULEID, TARGET_TYPE, TARGET_LEVEL, TARGET_TABLE, TARGET_MTABLEID, SOURCE_TYPE, SOURCE_LEVEL, SOURCE_TABLE, SOURCE_MTABLEID, RULETYPE, AGGREGATIONSCOPE, BHTYPE, ENABLE ) values ( 'DC_E_TEST_VCLTPBH_MONTHRANKBH_VCLTP_PP3', 'DC_E_TEST:((202))', 2, 'DC_E_TEST_VCLTPBH', 'RANKBH', 'DC_E_TEST_VCLTPBH_RANKBH', 'DC_E_TEST:((202)):DC_E_TEST_VCLTPBH:RANKBH', 'DC_E_TEST_VCLTPBH', 'RANKBH', 'DC_E_TEST_VCLTPBH_RANKBH', 'DC_E_TEST:((202)):DC_E_TEST_VCLTPBH:RANKBH', 'RANKBHCLASS', 'MONTH', 'VCLTP_PP3', 0 );
insert into Aggregation ( AGGREGATION, VERSIONID, AGGREGATIONSET, AGGREGATIONGROUP, REAGGREGATIONSET, REAGGREGATIONGROUP, GROUPORDER, AGGREGATIONORDER, AGGREGATIONTYPE, AGGREGATIONSCOPE ) values ( 'DC_E_TEST_ELEMBH_RANKBH_ELEM_CP1', 'DC_E_TEST:((202))', null, null, null, null, null, null, 'RANKBH', 'DAY' );
insert into Aggregationrule ( AGGREGATION, VERSIONID, RULEID, TARGET_TYPE, TARGET_LEVEL, TARGET_TABLE, TARGET_MTABLEID, SOURCE_TYPE, SOURCE_LEVEL, SOURCE_TABLE, SOURCE_MTABLEID, RULETYPE, AGGREGATIONSCOPE, BHTYPE, ENABLE ) values ( 'DC_E_TEST_ELEMBH_RANKBH_ELEM_CP1', 'DC_E_TEST:((202))', 0, 'DC_E_TEST_ELEMBH', 'RANKBH', 'DC_E_TEST_ELEMBH_RANKBH', 'DC_E_TEST:((202)):DC_E_TEST_ELEMBH:RANKBH', '', '', 'DC_E_TEST_ELEMBH_RANKBH_ELEM_CP1', '', 'RANKBH', 'DAY', 'ELEM_CP1', 0 );
insert into Aggregation ( AGGREGATION, VERSIONID, AGGREGATIONSET, AGGREGATIONGROUP, REAGGREGATIONSET, REAGGREGATIONGROUP, GROUPORDER, AGGREGATIONORDER, AGGREGATIONTYPE, AGGREGATIONSCOPE ) values ( 'DC_E_TEST_ELEMBH_WEEKRANKBH_ELEM_CP1', 'DC_E_TEST:((202))', null, null, null, null, null, null, 'RANKBH', 'WEEK' );
insert into Aggregationrule ( AGGREGATION, VERSIONID, RULEID, TARGET_TYPE, TARGET_LEVEL, TARGET_TABLE, TARGET_MTABLEID, SOURCE_TYPE, SOURCE_LEVEL, SOURCE_TABLE, SOURCE_MTABLEID, RULETYPE, AGGREGATIONSCOPE, BHTYPE, ENABLE ) values ( 'DC_E_TEST_ELEMBH_WEEKRANKBH_ELEM_CP1', 'DC_E_TEST:((202))', 1, 'DC_E_TEST_ELEMBH', 'RANKBH', 'DC_E_TEST_ELEMBH_RANKBH', 'DC_E_TEST:((202)):DC_E_TEST_ELEMBH:RANKBH', 'DC_E_TEST_ELEMBH', 'RANKBH', 'DC_E_TEST_ELEMBH_RANKBH', 'DC_E_TEST:((202)):DC_E_TEST_ELEMBH:RANKBH', 'RANKBHCLASS', 'WEEK', 'ELEM_CP1', 0 );
insert into Aggregation ( AGGREGATION, VERSIONID, AGGREGATIONSET, AGGREGATIONGROUP, REAGGREGATIONSET, REAGGREGATIONGROUP, GROUPORDER, AGGREGATIONORDER, AGGREGATIONTYPE, AGGREGATIONSCOPE ) values ( 'DC_E_TEST_ELEMBH_MONTHRANKBH_ELEM_CP1', 'DC_E_TEST:((202))', null, null, null, null, null, null, 'RANKBH', 'MONTH' );
insert into Aggregationrule ( AGGREGATION, VERSIONID, RULEID, TARGET_TYPE, TARGET_LEVEL, TARGET_TABLE, TARGET_MTABLEID, SOURCE_TYPE, SOURCE_LEVEL, SOURCE_TABLE, SOURCE_MTABLEID, RULETYPE, AGGREGATIONSCOPE, BHTYPE, ENABLE ) values ( 'DC_E_TEST_ELEMBH_MONTHRANKBH_ELEM_CP1', 'DC_E_TEST:((202))', 2, 'DC_E_TEST_ELEMBH', 'RANKBH', 'DC_E_TEST_ELEMBH_RANKBH', 'DC_E_TEST:((202)):DC_E_TEST_ELEMBH:RANKBH', 'DC_E_TEST_ELEMBH', 'RANKBH', 'DC_E_TEST_ELEMBH_RANKBH', 'DC_E_TEST:((202)):DC_E_TEST_ELEMBH:RANKBH', 'RANKBHCLASS', 'MONTH', 'ELEM_CP1', 0 );
insert into Aggregation ( AGGREGATION, VERSIONID, AGGREGATIONSET, AGGREGATIONGROUP, REAGGREGATIONSET, REAGGREGATIONGROUP, GROUPORDER, AGGREGATIONORDER, AGGREGATIONTYPE, AGGREGATIONSCOPE ) values ( 'DC_E_TEST_VCLTP_WEEKBH_VCLTP', 'DC_E_TEST:((202))', null, null, null, null, null, null, 'DAYBH', 'WEEK' );
insert into Aggregationrule ( AGGREGATION, VERSIONID, RULEID, TARGET_TYPE, TARGET_LEVEL, TARGET_TABLE, TARGET_MTABLEID, SOURCE_TYPE, SOURCE_LEVEL, SOURCE_TABLE, SOURCE_MTABLEID, RULETYPE, AGGREGATIONSCOPE, BHTYPE, ENABLE ) values ( 'DC_E_TEST_VCLTP_WEEKBH_VCLTP', 'DC_E_TEST:((202))', 1, 'DC_E_TEST_VCLTP', 'DAYBH', 'DC_E_TEST_VCLTP_DAYBH', 'DC_E_TEST:((202)):DC_E_TEST_VCLTP:DAYBH', 'DC_E_TEST_VCLTPBH', 'RANKBH', 'DC_E_TEST_VCLTPBH_RANKBH', 'DC_E_TEST:((202)):DC_E_TEST_VCLTPBH:RANKBH', 'DAYBHCLASS', 'WEEK', null, null );
insert into Aggregationrule ( AGGREGATION, VERSIONID, RULEID, TARGET_TYPE, TARGET_LEVEL, TARGET_TABLE, TARGET_MTABLEID, SOURCE_TYPE, SOURCE_LEVEL, SOURCE_TABLE, SOURCE_MTABLEID, RULETYPE, AGGREGATIONSCOPE, BHTYPE, ENABLE ) values ( 'DC_E_TEST_VCLTP_WEEKBH_VCLTP', 'DC_E_TEST:((202))', 2, 'DC_E_TEST_VCLTP', 'DAYBH', 'DC_E_TEST_VCLTP_DAYBH', 'DC_E_TEST:((202)):DC_E_TEST_VCLTP:DAYBH', 'DC_E_TEST_VCLTP', 'DAYBH', 'DC_E_TEST_VCLTP_DAYBH', 'DC_E_TEST:((202)):DC_E_TEST_VCLTP:DAYBH', 'DAYBHCLASS_DAYBH', 'WEEK', null, null );
insert into Aggregation ( AGGREGATION, VERSIONID, AGGREGATIONSET, AGGREGATIONGROUP, REAGGREGATIONSET, REAGGREGATIONGROUP, GROUPORDER, AGGREGATIONORDER, AGGREGATIONTYPE, AGGREGATIONSCOPE ) values ( 'DC_E_TEST_VCLTPBH_RANKBH_VCLTP_CP4', 'DC_E_TEST:((202))', null, null, null, null, null, null, 'RANKBH', 'DAY' );
insert into Aggregationrule ( AGGREGATION, VERSIONID, RULEID, TARGET_TYPE, TARGET_LEVEL, TARGET_TABLE, TARGET_MTABLEID, SOURCE_TYPE, SOURCE_LEVEL, SOURCE_TABLE, SOURCE_MTABLEID, RULETYPE, AGGREGATIONSCOPE, BHTYPE, ENABLE ) values ( 'DC_E_TEST_VCLTPBH_RANKBH_VCLTP_CP4', 'DC_E_TEST:((202))', 0, 'DC_E_TEST_VCLTPBH', 'RANKBH', 'DC_E_TEST_VCLTPBH_RANKBH', 'DC_E_TEST:((202)):DC_E_TEST_VCLTPBH:RANKBH', '', '', 'DC_E_TEST_VCLTPBH_RANKBH_VCLTP_CP4', '', 'RANKBH', 'DAY', 'VCLTP_CP4', 0 );
insert into Aggregation ( AGGREGATION, VERSIONID, AGGREGATIONSET, AGGREGATIONGROUP, REAGGREGATIONSET, REAGGREGATIONGROUP, GROUPORDER, AGGREGATIONORDER, AGGREGATIONTYPE, AGGREGATIONSCOPE ) values ( 'DC_E_TEST_VCLTPBH_WEEKRANKBH_VCLTP_CP4', 'DC_E_TEST:((202))', null, null, null, null, null, null, 'RANKBH', 'WEEK' );
insert into Aggregationrule ( AGGREGATION, VERSIONID, RULEID, TARGET_TYPE, TARGET_LEVEL, TARGET_TABLE, TARGET_MTABLEID, SOURCE_TYPE, SOURCE_LEVEL, SOURCE_TABLE, SOURCE_MTABLEID, RULETYPE, AGGREGATIONSCOPE, BHTYPE, ENABLE ) values ( 'DC_E_TEST_VCLTPBH_WEEKRANKBH_VCLTP_CP4', 'DC_E_TEST:((202))', 1, 'DC_E_TEST_VCLTPBH', 'RANKBH', 'DC_E_TEST_VCLTPBH_RANKBH', 'DC_E_TEST:((202)):DC_E_TEST_VCLTPBH:RANKBH', 'DC_E_TEST_VCLTPBH', 'RANKBH', 'DC_E_TEST_VCLTPBH_RANKBH', 'DC_E_TEST:((202)):DC_E_TEST_VCLTPBH:RANKBH', 'RANKBHCLASS', 'WEEK', 'VCLTP_CP4', 0 );
insert into Aggregation ( AGGREGATION, VERSIONID, AGGREGATIONSET, AGGREGATIONGROUP, REAGGREGATIONSET, REAGGREGATIONGROUP, GROUPORDER, AGGREGATIONORDER, AGGREGATIONTYPE, AGGREGATIONSCOPE ) values ( 'DC_E_TEST_VCLTPBH_MONTHRANKBH_VCLTP_CP4', 'DC_E_TEST:((202))', null, null, null, null, null, null, 'RANKBH', 'MONTH' );
insert into Aggregationrule ( AGGREGATION, VERSIONID, RULEID, TARGET_TYPE, TARGET_LEVEL, TARGET_TABLE, TARGET_MTABLEID, SOURCE_TYPE, SOURCE_LEVEL, SOURCE_TABLE, SOURCE_MTABLEID, RULETYPE, AGGREGATIONSCOPE, BHTYPE, ENABLE ) values ( 'DC_E_TEST_VCLTPBH_MONTHRANKBH_VCLTP_CP4', 'DC_E_TEST:((202))', 2, 'DC_E_TEST_VCLTPBH', 'RANKBH', 'DC_E_TEST_VCLTPBH_RANKBH', 'DC_E_TEST:((202)):DC_E_TEST_VCLTPBH:RANKBH', 'DC_E_TEST_VCLTPBH', 'RANKBH', 'DC_E_TEST_VCLTPBH_RANKBH', 'DC_E_TEST:((202)):DC_E_TEST_VCLTPBH:RANKBH', 'RANKBHCLASS', 'MONTH', 'VCLTP_CP4', 0 );
insert into Aggregation ( AGGREGATION, VERSIONID, AGGREGATIONSET, AGGREGATIONGROUP, REAGGREGATIONSET, REAGGREGATIONGROUP, GROUPORDER, AGGREGATIONORDER, AGGREGATIONTYPE, AGGREGATIONSCOPE ) values ( 'DC_E_TEST_ELEMBH_RANKBH_ELEM_PP1', 'DC_E_TEST:((202))', null, null, null, null, null, null, 'RANKBH', 'DAY' );
insert into Aggregationrule ( AGGREGATION, VERSIONID, RULEID, TARGET_TYPE, TARGET_LEVEL, TARGET_TABLE, TARGET_MTABLEID, SOURCE_TYPE, SOURCE_LEVEL, SOURCE_TABLE, SOURCE_MTABLEID, RULETYPE, AGGREGATIONSCOPE, BHTYPE, ENABLE ) values ( 'DC_E_TEST_ELEMBH_RANKBH_ELEM_PP1', 'DC_E_TEST:((202))', 0, 'DC_E_TEST_ELEMBH', 'RANKBH', 'DC_E_TEST_ELEMBH_RANKBH', 'DC_E_TEST:((202)):DC_E_TEST_ELEMBH:RANKBH', '', '', 'DC_E_TEST_ELEMBH_RANKBH_ELEM_PP1', '', 'RANKBH', 'DAY', 'ELEM_PP1', 0 );
insert into Aggregation ( AGGREGATION, VERSIONID, AGGREGATIONSET, AGGREGATIONGROUP, REAGGREGATIONSET, REAGGREGATIONGROUP, GROUPORDER, AGGREGATIONORDER, AGGREGATIONTYPE, AGGREGATIONSCOPE ) values ( 'DC_E_TEST_ELEMBH_WEEKRANKBH_ELEM_PP1', 'DC_E_TEST:((202))', null, null, null, null, null, null, 'RANKBH', 'WEEK' );
insert into Aggregationrule ( AGGREGATION, VERSIONID, RULEID, TARGET_TYPE, TARGET_LEVEL, TARGET_TABLE, TARGET_MTABLEID, SOURCE_TYPE, SOURCE_LEVEL, SOURCE_TABLE, SOURCE_MTABLEID, RULETYPE, AGGREGATIONSCOPE, BHTYPE, ENABLE ) values ( 'DC_E_TEST_ELEMBH_WEEKRANKBH_ELEM_PP1', 'DC_E_TEST:((202))', 1, 'DC_E_TEST_ELEMBH', 'RANKBH', 'DC_E_TEST_ELEMBH_RANKBH', 'DC_E_TEST:((202)):DC_E_TEST_ELEMBH:RANKBH', 'DC_E_TEST_ELEMBH', 'RANKBH', 'DC_E_TEST_ELEMBH_RANKBH', 'DC_E_TEST:((202)):DC_E_TEST_ELEMBH:RANKBH', 'RANKBHCLASS', 'WEEK', 'ELEM_PP1', 0 );
insert into Aggregation ( AGGREGATION, VERSIONID, AGGREGATIONSET, AGGREGATIONGROUP, REAGGREGATIONSET, REAGGREGATIONGROUP, GROUPORDER, AGGREGATIONORDER, AGGREGATIONTYPE, AGGREGATIONSCOPE ) values ( 'DC_E_TEST_ELEMBH_MONTHRANKBH_ELEM_PP1', 'DC_E_TEST:((202))', null, null, null, null, null, null, 'RANKBH', 'MONTH' );
insert into Aggregationrule ( AGGREGATION, VERSIONID, RULEID, TARGET_TYPE, TARGET_LEVEL, TARGET_TABLE, TARGET_MTABLEID, SOURCE_TYPE, SOURCE_LEVEL, SOURCE_TABLE, SOURCE_MTABLEID, RULETYPE, AGGREGATIONSCOPE, BHTYPE, ENABLE ) values ( 'DC_E_TEST_ELEMBH_MONTHRANKBH_ELEM_PP1', 'DC_E_TEST:((202))', 2, 'DC_E_TEST_ELEMBH', 'RANKBH', 'DC_E_TEST_ELEMBH_RANKBH', 'DC_E_TEST:((202)):DC_E_TEST_ELEMBH:RANKBH', 'DC_E_TEST_ELEMBH', 'RANKBH', 'DC_E_TEST_ELEMBH_RANKBH', 'DC_E_TEST:((202)):DC_E_TEST_ELEMBH:RANKBH', 'RANKBHCLASS', 'MONTH', 'ELEM_PP1', 0 );
insert into Aggregation ( AGGREGATION, VERSIONID, AGGREGATIONSET, AGGREGATIONGROUP, REAGGREGATIONSET, REAGGREGATIONGROUP, GROUPORDER, AGGREGATIONORDER, AGGREGATIONTYPE, AGGREGATIONSCOPE ) values ( 'DC_E_TEST_VCLTP_MONTHBH_VCLTP', 'DC_E_TEST:((202))', null, null, null, null, null, null, 'DAYBH', 'MONTH' );
insert into Aggregationrule ( AGGREGATION, VERSIONID, RULEID, TARGET_TYPE, TARGET_LEVEL, TARGET_TABLE, TARGET_MTABLEID, SOURCE_TYPE, SOURCE_LEVEL, SOURCE_TABLE, SOURCE_MTABLEID, RULETYPE, AGGREGATIONSCOPE, BHTYPE, ENABLE ) values ( 'DC_E_TEST_VCLTP_MONTHBH_VCLTP', 'DC_E_TEST:((202))', 2, 'DC_E_TEST_VCLTP', 'DAYBH', 'DC_E_TEST_VCLTP_DAYBH', 'DC_E_TEST:((202)):DC_E_TEST_VCLTP:DAYBH', 'DC_E_TEST_VCLTPBH', 'RANKBH', 'DC_E_TEST_VCLTPBH_RANKBH', 'DC_E_TEST:((202)):DC_E_TEST_VCLTPBH:RANKBH', 'DAYBHCLASS', 'MONTH', null, null );
insert into Aggregationrule ( AGGREGATION, VERSIONID, RULEID, TARGET_TYPE, TARGET_LEVEL, TARGET_TABLE, TARGET_MTABLEID, SOURCE_TYPE, SOURCE_LEVEL, SOURCE_TABLE, SOURCE_MTABLEID, RULETYPE, AGGREGATIONSCOPE, BHTYPE, ENABLE ) values ( 'DC_E_TEST_VCLTP_MONTHBH_VCLTP', 'DC_E_TEST:((202))', 3, 'DC_E_TEST_VCLTP', 'DAYBH', 'DC_E_TEST_VCLTP_DAYBH', 'DC_E_TEST:((202)):DC_E_TEST_VCLTP:DAYBH', 'DC_E_TEST_VCLTP', 'DAYBH', 'DC_E_TEST_VCLTP_DAYBH', 'DC_E_TEST:((202)):DC_E_TEST_VCLTP:DAYBH', 'DAYBHCLASS_DAYBH', 'MONTH', null, null );
insert into Aggregation ( AGGREGATION, VERSIONID, AGGREGATIONSET, AGGREGATIONGROUP, REAGGREGATIONSET, REAGGREGATIONGROUP, GROUPORDER, AGGREGATIONORDER, AGGREGATIONTYPE, AGGREGATIONSCOPE ) values ( 'DC_E_TEST_VCLTPBH_RANKBH_VCLTP_PP4', 'DC_E_TEST:((202))', null, null, null, null, null, null, 'RANKBH', 'DAY' );
insert into Aggregationrule ( AGGREGATION, VERSIONID, RULEID, TARGET_TYPE, TARGET_LEVEL, TARGET_TABLE, TARGET_MTABLEID, SOURCE_TYPE, SOURCE_LEVEL, SOURCE_TABLE, SOURCE_MTABLEID, RULETYPE, AGGREGATIONSCOPE, BHTYPE, ENABLE ) values ( 'DC_E_TEST_VCLTPBH_RANKBH_VCLTP_PP4', 'DC_E_TEST:((202))', 0, 'DC_E_TEST_VCLTPBH', 'RANKBH', 'DC_E_TEST_VCLTPBH_RANKBH', 'DC_E_TEST:((202)):DC_E_TEST_VCLTPBH:RANKBH', '', '', 'DC_E_TEST_VCLTPBH_RANKBH_VCLTP_PP4', '', 'RANKBH', 'DAY', 'VCLTP_PP4', 0 );
insert into Aggregation ( AGGREGATION, VERSIONID, AGGREGATIONSET, AGGREGATIONGROUP, REAGGREGATIONSET, REAGGREGATIONGROUP, GROUPORDER, AGGREGATIONORDER, AGGREGATIONTYPE, AGGREGATIONSCOPE ) values ( 'DC_E_TEST_VCLTPBH_WEEKRANKBH_VCLTP_PP4', 'DC_E_TEST:((202))', null, null, null, null, null, null, 'RANKBH', 'WEEK' );
insert into Aggregationrule ( AGGREGATION, VERSIONID, RULEID, TARGET_TYPE, TARGET_LEVEL, TARGET_TABLE, TARGET_MTABLEID, SOURCE_TYPE, SOURCE_LEVEL, SOURCE_TABLE, SOURCE_MTABLEID, RULETYPE, AGGREGATIONSCOPE, BHTYPE, ENABLE ) values ( 'DC_E_TEST_VCLTPBH_WEEKRANKBH_VCLTP_PP4', 'DC_E_TEST:((202))', 1, 'DC_E_TEST_VCLTPBH', 'RANKBH', 'DC_E_TEST_VCLTPBH_RANKBH', 'DC_E_TEST:((202)):DC_E_TEST_VCLTPBH:RANKBH', 'DC_E_TEST_VCLTPBH', 'RANKBH', 'DC_E_TEST_VCLTPBH_RANKBH', 'DC_E_TEST:((202)):DC_E_TEST_VCLTPBH:RANKBH', 'RANKBHCLASS', 'WEEK', 'VCLTP_PP4', 0 );
insert into Aggregation ( AGGREGATION, VERSIONID, AGGREGATIONSET, AGGREGATIONGROUP, REAGGREGATIONSET, REAGGREGATIONGROUP, GROUPORDER, AGGREGATIONORDER, AGGREGATIONTYPE, AGGREGATIONSCOPE ) values ( 'DC_E_TEST_VCLTPBH_MONTHRANKBH_VCLTP_PP4', 'DC_E_TEST:((202))', null, null, null, null, null, null, 'RANKBH', 'MONTH' );
insert into Aggregationrule ( AGGREGATION, VERSIONID, RULEID, TARGET_TYPE, TARGET_LEVEL, TARGET_TABLE, TARGET_MTABLEID, SOURCE_TYPE, SOURCE_LEVEL, SOURCE_TABLE, SOURCE_MTABLEID, RULETYPE, AGGREGATIONSCOPE, BHTYPE, ENABLE ) values ( 'DC_E_TEST_VCLTPBH_MONTHRANKBH_VCLTP_PP4', 'DC_E_TEST:((202))', 2, 'DC_E_TEST_VCLTPBH', 'RANKBH', 'DC_E_TEST_VCLTPBH_RANKBH', 'DC_E_TEST:((202)):DC_E_TEST_VCLTPBH:RANKBH', 'DC_E_TEST_VCLTPBH', 'RANKBH', 'DC_E_TEST_VCLTPBH_RANKBH', 'DC_E_TEST:((202)):DC_E_TEST_VCLTPBH:RANKBH', 'RANKBHCLASS', 'MONTH', 'VCLTP_PP4', 0 );
insert into Aggregation ( AGGREGATION, VERSIONID, AGGREGATIONSET, AGGREGATIONGROUP, REAGGREGATIONSET, REAGGREGATIONGROUP, GROUPORDER, AGGREGATIONORDER, AGGREGATIONTYPE, AGGREGATIONSCOPE ) values ( 'DC_E_TEST_ELEMBH_RANKBH_ELEM_CP2', 'DC_E_TEST:((202))', null, null, null, null, null, null, 'RANKBH', 'DAY' );
insert into Aggregationrule ( AGGREGATION, VERSIONID, RULEID, TARGET_TYPE, TARGET_LEVEL, TARGET_TABLE, TARGET_MTABLEID, SOURCE_TYPE, SOURCE_LEVEL, SOURCE_TABLE, SOURCE_MTABLEID, RULETYPE, AGGREGATIONSCOPE, BHTYPE, ENABLE ) values ( 'DC_E_TEST_ELEMBH_RANKBH_ELEM_CP2', 'DC_E_TEST:((202))', 0, 'DC_E_TEST_ELEMBH', 'RANKBH', 'DC_E_TEST_ELEMBH_RANKBH', 'DC_E_TEST:((202)):DC_E_TEST_ELEMBH:RANKBH', '', '', 'DC_E_TEST_ELEMBH_RANKBH_ELEM_CP2', '', 'RANKBH', 'DAY', 'ELEM_CP2', 0 );
insert into Aggregation ( AGGREGATION, VERSIONID, AGGREGATIONSET, AGGREGATIONGROUP, REAGGREGATIONSET, REAGGREGATIONGROUP, GROUPORDER, AGGREGATIONORDER, AGGREGATIONTYPE, AGGREGATIONSCOPE ) values ( 'DC_E_TEST_ELEMBH_WEEKRANKBH_ELEM_CP2', 'DC_E_TEST:((202))', null, null, null, null, null, null, 'RANKBH', 'WEEK' );
insert into Aggregationrule ( AGGREGATION, VERSIONID, RULEID, TARGET_TYPE, TARGET_LEVEL, TARGET_TABLE, TARGET_MTABLEID, SOURCE_TYPE, SOURCE_LEVEL, SOURCE_TABLE, SOURCE_MTABLEID, RULETYPE, AGGREGATIONSCOPE, BHTYPE, ENABLE ) values ( 'DC_E_TEST_ELEMBH_WEEKRANKBH_ELEM_CP2', 'DC_E_TEST:((202))', 1, 'DC_E_TEST_ELEMBH', 'RANKBH', 'DC_E_TEST_ELEMBH_RANKBH', 'DC_E_TEST:((202)):DC_E_TEST_ELEMBH:RANKBH', 'DC_E_TEST_ELEMBH', 'RANKBH', 'DC_E_TEST_ELEMBH_RANKBH', 'DC_E_TEST:((202)):DC_E_TEST_ELEMBH:RANKBH', 'RANKBHCLASS', 'WEEK', 'ELEM_CP2', 0 );
insert into Aggregation ( AGGREGATION, VERSIONID, AGGREGATIONSET, AGGREGATIONGROUP, REAGGREGATIONSET, REAGGREGATIONGROUP, GROUPORDER, AGGREGATIONORDER, AGGREGATIONTYPE, AGGREGATIONSCOPE ) values ( 'DC_E_TEST_ELEMBH_MONTHRANKBH_ELEM_CP2', 'DC_E_TEST:((202))', null, null, null, null, null, null, 'RANKBH', 'MONTH' );
insert into Aggregationrule ( AGGREGATION, VERSIONID, RULEID, TARGET_TYPE, TARGET_LEVEL, TARGET_TABLE, TARGET_MTABLEID, SOURCE_TYPE, SOURCE_LEVEL, SOURCE_TABLE, SOURCE_MTABLEID, RULETYPE, AGGREGATIONSCOPE, BHTYPE, ENABLE ) values ( 'DC_E_TEST_ELEMBH_MONTHRANKBH_ELEM_CP2', 'DC_E_TEST:((202))', 2, 'DC_E_TEST_ELEMBH', 'RANKBH', 'DC_E_TEST_ELEMBH_RANKBH', 'DC_E_TEST:((202)):DC_E_TEST_ELEMBH:RANKBH', 'DC_E_TEST_ELEMBH', 'RANKBH', 'DC_E_TEST_ELEMBH_RANKBH', 'DC_E_TEST:((202)):DC_E_TEST_ELEMBH:RANKBH', 'RANKBHCLASS', 'MONTH', 'ELEM_CP2', 0 );
insert into Aggregation ( AGGREGATION, VERSIONID, AGGREGATIONSET, AGGREGATIONGROUP, REAGGREGATIONSET, REAGGREGATIONGROUP, GROUPORDER, AGGREGATIONORDER, AGGREGATIONTYPE, AGGREGATIONSCOPE ) values ( 'DC_E_TEST_VCLTP_V_DAY', 'DC_E_TEST:((202))', null, null, null, null, null, null, 'TOTAL', 'DAY' );
insert into Aggregationrule ( AGGREGATION, VERSIONID, RULEID, TARGET_TYPE, TARGET_LEVEL, TARGET_TABLE, TARGET_MTABLEID, SOURCE_TYPE, SOURCE_LEVEL, SOURCE_TABLE, SOURCE_MTABLEID, RULETYPE, AGGREGATIONSCOPE, BHTYPE, ENABLE ) values ( 'DC_E_TEST_VCLTP_V_DAY', 'DC_E_TEST:((202))', 0, 'DC_E_TEST_VCLTP_V', 'DAY', 'DC_E_TEST_VCLTP_V_DAY', 'DC_E_TEST:((202)):DC_E_TEST_VCLTP_V:DAY', 'DC_E_TEST_VCLTP_V', 'RAW', 'DC_E_TEST_VCLTP_V_RAW', 'DC_E_TEST:((202)):DC_E_TEST_VCLTP_V:RAW', 'TOTAL', 'DAY', null, null );
insert into Aggregation ( AGGREGATION, VERSIONID, AGGREGATIONSET, AGGREGATIONGROUP, REAGGREGATIONSET, REAGGREGATIONGROUP, GROUPORDER, AGGREGATIONORDER, AGGREGATIONTYPE, AGGREGATIONSCOPE ) values ( 'DC_E_TEST_ELEMBH_RANKBH_ELEM_PP2', 'DC_E_TEST:((202))', null, null, null, null, null, null, 'RANKBH', 'DAY' );
insert into Aggregationrule ( AGGREGATION, VERSIONID, RULEID, TARGET_TYPE, TARGET_LEVEL, TARGET_TABLE, TARGET_MTABLEID, SOURCE_TYPE, SOURCE_LEVEL, SOURCE_TABLE, SOURCE_MTABLEID, RULETYPE, AGGREGATIONSCOPE, BHTYPE, ENABLE ) values ( 'DC_E_TEST_ELEMBH_RANKBH_ELEM_PP2', 'DC_E_TEST:((202))', 0, 'DC_E_TEST_ELEMBH', 'RANKBH', 'DC_E_TEST_ELEMBH_RANKBH', 'DC_E_TEST:((202)):DC_E_TEST_ELEMBH:RANKBH', '', '', 'DC_E_TEST_ELEMBH_RANKBH_ELEM_PP2', '', 'RANKBH', 'DAY', 'ELEM_PP2', 0 );
insert into Aggregation ( AGGREGATION, VERSIONID, AGGREGATIONSET, AGGREGATIONGROUP, REAGGREGATIONSET, REAGGREGATIONGROUP, GROUPORDER, AGGREGATIONORDER, AGGREGATIONTYPE, AGGREGATIONSCOPE ) values ( 'DC_E_TEST_ELEMBH_WEEKRANKBH_ELEM_PP2', 'DC_E_TEST:((202))', null, null, null, null, null, null, 'RANKBH', 'WEEK' );
insert into Aggregationrule ( AGGREGATION, VERSIONID, RULEID, TARGET_TYPE, TARGET_LEVEL, TARGET_TABLE, TARGET_MTABLEID, SOURCE_TYPE, SOURCE_LEVEL, SOURCE_TABLE, SOURCE_MTABLEID, RULETYPE, AGGREGATIONSCOPE, BHTYPE, ENABLE ) values ( 'DC_E_TEST_ELEMBH_WEEKRANKBH_ELEM_PP2', 'DC_E_TEST:((202))', 1, 'DC_E_TEST_ELEMBH', 'RANKBH', 'DC_E_TEST_ELEMBH_RANKBH', 'DC_E_TEST:((202)):DC_E_TEST_ELEMBH:RANKBH', 'DC_E_TEST_ELEMBH', 'RANKBH', 'DC_E_TEST_ELEMBH_RANKBH', 'DC_E_TEST:((202)):DC_E_TEST_ELEMBH:RANKBH', 'RANKBHCLASS', 'WEEK', 'ELEM_PP2', 0 );
insert into Aggregation ( AGGREGATION, VERSIONID, AGGREGATIONSET, AGGREGATIONGROUP, REAGGREGATIONSET, REAGGREGATIONGROUP, GROUPORDER, AGGREGATIONORDER, AGGREGATIONTYPE, AGGREGATIONSCOPE ) values ( 'DC_E_TEST_ELEMBH_MONTHRANKBH_ELEM_PP2', 'DC_E_TEST:((202))', null, null, null, null, null, null, 'RANKBH', 'MONTH' );
insert into Aggregationrule ( AGGREGATION, VERSIONID, RULEID, TARGET_TYPE, TARGET_LEVEL, TARGET_TABLE, TARGET_MTABLEID, SOURCE_TYPE, SOURCE_LEVEL, SOURCE_TABLE, SOURCE_MTABLEID, RULETYPE, AGGREGATIONSCOPE, BHTYPE, ENABLE ) values ( 'DC_E_TEST_ELEMBH_MONTHRANKBH_ELEM_PP2', 'DC_E_TEST:((202))', 2, 'DC_E_TEST_ELEMBH', 'RANKBH', 'DC_E_TEST_ELEMBH_RANKBH', 'DC_E_TEST:((202)):DC_E_TEST_ELEMBH:RANKBH', 'DC_E_TEST_ELEMBH', 'RANKBH', 'DC_E_TEST_ELEMBH_RANKBH', 'DC_E_TEST:((202)):DC_E_TEST_ELEMBH:RANKBH', 'RANKBHCLASS', 'MONTH', 'ELEM_PP2', 0 );
insert into Aggregation ( AGGREGATION, VERSIONID, AGGREGATIONSET, AGGREGATIONGROUP, REAGGREGATIONSET, REAGGREGATIONGROUP, GROUPORDER, AGGREGATIONORDER, AGGREGATIONTYPE, AGGREGATIONSCOPE ) values ( 'DC_E_TEST_VCLTP_V_DAYBH_VCLTP', 'DC_E_TEST:((202))', null, null, null, null, null, null, 'DAYBH', 'DAY' );
insert into Aggregationrule ( AGGREGATION, VERSIONID, RULEID, TARGET_TYPE, TARGET_LEVEL, TARGET_TABLE, TARGET_MTABLEID, SOURCE_TYPE, SOURCE_LEVEL, SOURCE_TABLE, SOURCE_MTABLEID, RULETYPE, AGGREGATIONSCOPE, BHTYPE, ENABLE ) values ( 'DC_E_TEST_VCLTP_V_DAYBH_VCLTP', 'DC_E_TEST:((202))', 1, 'DC_E_TEST_VCLTP_V', 'DAYBH', 'DC_E_TEST_VCLTP_V_DAYBH', 'DC_E_TEST:((202)):DC_E_TEST_VCLTP_V:DAYBH', 'DC_E_TEST_VCLTP_V', 'RAW', 'DC_E_TEST_VCLTP_V_RAW', 'DC_E_TEST:((202)):DC_E_TEST_VCLTP_V:RAW', 'BHSRC', 'DAY', null, null );
insert into Aggregationrule ( AGGREGATION, VERSIONID, RULEID, TARGET_TYPE, TARGET_LEVEL, TARGET_TABLE, TARGET_MTABLEID, SOURCE_TYPE, SOURCE_LEVEL, SOURCE_TABLE, SOURCE_MTABLEID, RULETYPE, AGGREGATIONSCOPE, BHTYPE, ENABLE ) values ( 'DC_E_TEST_VCLTP_V_DAYBH_VCLTP', 'DC_E_TEST:((202))', 3, 'DC_E_TEST_VCLTP_V', 'DAYBH', 'DC_E_TEST_VCLTP_V_DAYBH', 'DC_E_TEST:((202)):DC_E_TEST_VCLTP_V:DAYBH', 'DC_E_TEST_VCLTPBH', 'RANKBH', 'DC_E_TEST_VCLTPBH_RANKBH', 'DC_E_TEST:((202)):DC_E_TEST_VCLTPBH:RANKBH', 'RANKSRC', 'DAY', null, null );
insert into Aggregation ( AGGREGATION, VERSIONID, AGGREGATIONSET, AGGREGATIONGROUP, REAGGREGATIONSET, REAGGREGATIONGROUP, GROUPORDER, AGGREGATIONORDER, AGGREGATIONTYPE, AGGREGATIONSCOPE ) values ( 'DC_E_TEST_ELEMBH_RANKBH_ELEM_CP3', 'DC_E_TEST:((202))', null, null, null, null, null, null, 'RANKBH', 'DAY' );
insert into Aggregationrule ( AGGREGATION, VERSIONID, RULEID, TARGET_TYPE, TARGET_LEVEL, TARGET_TABLE, TARGET_MTABLEID, SOURCE_TYPE, SOURCE_LEVEL, SOURCE_TABLE, SOURCE_MTABLEID, RULETYPE, AGGREGATIONSCOPE, BHTYPE, ENABLE ) values ( 'DC_E_TEST_ELEMBH_RANKBH_ELEM_CP3', 'DC_E_TEST:((202))', 0, 'DC_E_TEST_ELEMBH', 'RANKBH', 'DC_E_TEST_ELEMBH_RANKBH', 'DC_E_TEST:((202)):DC_E_TEST_ELEMBH:RANKBH', '', '', 'DC_E_TEST_ELEMBH_RANKBH_ELEM_CP3', '', 'RANKBH', 'DAY', 'ELEM_CP3', 0 );
insert into Aggregation ( AGGREGATION, VERSIONID, AGGREGATIONSET, AGGREGATIONGROUP, REAGGREGATIONSET, REAGGREGATIONGROUP, GROUPORDER, AGGREGATIONORDER, AGGREGATIONTYPE, AGGREGATIONSCOPE ) values ( 'DC_E_TEST_ELEMBH_WEEKRANKBH_ELEM_CP3', 'DC_E_TEST:((202))', null, null, null, null, null, null, 'RANKBH', 'WEEK' );
insert into Aggregationrule ( AGGREGATION, VERSIONID, RULEID, TARGET_TYPE, TARGET_LEVEL, TARGET_TABLE, TARGET_MTABLEID, SOURCE_TYPE, SOURCE_LEVEL, SOURCE_TABLE, SOURCE_MTABLEID, RULETYPE, AGGREGATIONSCOPE, BHTYPE, ENABLE ) values ( 'DC_E_TEST_ELEMBH_WEEKRANKBH_ELEM_CP3', 'DC_E_TEST:((202))', 1, 'DC_E_TEST_ELEMBH', 'RANKBH', 'DC_E_TEST_ELEMBH_RANKBH', 'DC_E_TEST:((202)):DC_E_TEST_ELEMBH:RANKBH', 'DC_E_TEST_ELEMBH', 'RANKBH', 'DC_E_TEST_ELEMBH_RANKBH', 'DC_E_TEST:((202)):DC_E_TEST_ELEMBH:RANKBH', 'RANKBHCLASS', 'WEEK', 'ELEM_CP3', 0 );
insert into Aggregation ( AGGREGATION, VERSIONID, AGGREGATIONSET, AGGREGATIONGROUP, REAGGREGATIONSET, REAGGREGATIONGROUP, GROUPORDER, AGGREGATIONORDER, AGGREGATIONTYPE, AGGREGATIONSCOPE ) values ( 'DC_E_TEST_ELEMBH_MONTHRANKBH_ELEM_CP3', 'DC_E_TEST:((202))', null, null, null, null, null, null, 'RANKBH', 'MONTH' );
insert into Aggregationrule ( AGGREGATION, VERSIONID, RULEID, TARGET_TYPE, TARGET_LEVEL, TARGET_TABLE, TARGET_MTABLEID, SOURCE_TYPE, SOURCE_LEVEL, SOURCE_TABLE, SOURCE_MTABLEID, RULETYPE, AGGREGATIONSCOPE, BHTYPE, ENABLE ) values ( 'DC_E_TEST_ELEMBH_MONTHRANKBH_ELEM_CP3', 'DC_E_TEST:((202))', 2, 'DC_E_TEST_ELEMBH', 'RANKBH', 'DC_E_TEST_ELEMBH_RANKBH', 'DC_E_TEST:((202)):DC_E_TEST_ELEMBH:RANKBH', 'DC_E_TEST_ELEMBH', 'RANKBH', 'DC_E_TEST_ELEMBH_RANKBH', 'DC_E_TEST:((202)):DC_E_TEST_ELEMBH:RANKBH', 'RANKBHCLASS', 'MONTH', 'ELEM_CP3', 0 );
insert into Aggregation ( AGGREGATION, VERSIONID, AGGREGATIONSET, AGGREGATIONGROUP, REAGGREGATIONSET, REAGGREGATIONGROUP, GROUPORDER, AGGREGATIONORDER, AGGREGATIONTYPE, AGGREGATIONSCOPE ) values ( 'DC_E_TEST_VCLTP_V_WEEKBH_VCLTP', 'DC_E_TEST:((202))', null, null, null, null, null, null, 'DAYBH', 'WEEK' );
insert into Aggregationrule ( AGGREGATION, VERSIONID, RULEID, TARGET_TYPE, TARGET_LEVEL, TARGET_TABLE, TARGET_MTABLEID, SOURCE_TYPE, SOURCE_LEVEL, SOURCE_TABLE, SOURCE_MTABLEID, RULETYPE, AGGREGATIONSCOPE, BHTYPE, ENABLE ) values ( 'DC_E_TEST_VCLTP_V_WEEKBH_VCLTP', 'DC_E_TEST:((202))', 2, 'DC_E_TEST_VCLTP_V', 'DAYBH', 'DC_E_TEST_VCLTP_V_DAYBH', 'DC_E_TEST:((202)):DC_E_TEST_VCLTP_V:DAYBH', 'DC_E_TEST_VCLTP_V', 'DAYBH', 'DC_E_TEST_VCLTP_V_DAYBH', 'DC_E_TEST:((202)):DC_E_TEST_VCLTP_V:DAYBH', 'DAYBHCLASS_DAYBH', 'WEEK', null, null );
insert into Aggregationrule ( AGGREGATION, VERSIONID, RULEID, TARGET_TYPE, TARGET_LEVEL, TARGET_TABLE, TARGET_MTABLEID, SOURCE_TYPE, SOURCE_LEVEL, SOURCE_TABLE, SOURCE_MTABLEID, RULETYPE, AGGREGATIONSCOPE, BHTYPE, ENABLE ) values ( 'DC_E_TEST_VCLTP_V_WEEKBH_VCLTP', 'DC_E_TEST:((202))', 4, 'DC_E_TEST_VCLTP_V', 'DAYBH', 'DC_E_TEST_VCLTP_V_DAYBH', 'DC_E_TEST:((202)):DC_E_TEST_VCLTP_V:DAYBH', 'DC_E_TEST_VCLTPBH', 'RANKBH', 'DC_E_TEST_VCLTPBH_RANKBH', 'DC_E_TEST:((202)):DC_E_TEST_VCLTPBH:RANKBH', 'DAYBHCLASS', 'WEEK', null, null );
insert into Aggregation ( AGGREGATION, VERSIONID, AGGREGATIONSET, AGGREGATIONGROUP, REAGGREGATIONSET, REAGGREGATIONGROUP, GROUPORDER, AGGREGATIONORDER, AGGREGATIONTYPE, AGGREGATIONSCOPE ) values ( 'DC_E_TEST_ETHERNETLINK_DAY', 'DC_E_TEST:((202))', null, null, null, null, null, null, 'TOTAL', 'DAY' );
insert into Aggregationrule ( AGGREGATION, VERSIONID, RULEID, TARGET_TYPE, TARGET_LEVEL, TARGET_TABLE, TARGET_MTABLEID, SOURCE_TYPE, SOURCE_LEVEL, SOURCE_TABLE, SOURCE_MTABLEID, RULETYPE, AGGREGATIONSCOPE, BHTYPE, ENABLE ) values ( 'DC_E_TEST_ETHERNETLINK_DAY', 'DC_E_TEST:((202))', 0, 'DC_E_TEST_ETHERNETLINK', 'DAY', 'DC_E_TEST_ETHERNETLINK_DAY', 'DC_E_TEST:((202)):DC_E_TEST_ETHERNETLINK:DAY', 'DC_E_TEST_ETHERNETLINK', 'COUNT', 'DC_E_TEST_ETHERNETLINK_COUNT', 'DC_E_TEST:((202)):DC_E_TEST_ETHERNETLINK:COUNT', 'TOTAL', 'DAY', null, null );
insert into Aggregation ( AGGREGATION, VERSIONID, AGGREGATIONSET, AGGREGATIONGROUP, REAGGREGATIONSET, REAGGREGATIONGROUP, GROUPORDER, AGGREGATIONORDER, AGGREGATIONTYPE, AGGREGATIONSCOPE ) values ( 'DC_E_TEST_ELEMBH_RANKBH_ELEM_PP3', 'DC_E_TEST:((202))', null, null, null, null, null, null, 'RANKBH', 'DAY' );
insert into Aggregationrule ( AGGREGATION, VERSIONID, RULEID, TARGET_TYPE, TARGET_LEVEL, TARGET_TABLE, TARGET_MTABLEID, SOURCE_TYPE, SOURCE_LEVEL, SOURCE_TABLE, SOURCE_MTABLEID, RULETYPE, AGGREGATIONSCOPE, BHTYPE, ENABLE ) values ( 'DC_E_TEST_ELEMBH_RANKBH_ELEM_PP3', 'DC_E_TEST:((202))', 0, 'DC_E_TEST_ELEMBH', 'RANKBH', 'DC_E_TEST_ELEMBH_RANKBH', 'DC_E_TEST:((202)):DC_E_TEST_ELEMBH:RANKBH', '', '', 'DC_E_TEST_ELEMBH_RANKBH_ELEM_PP3', '', 'RANKBH', 'DAY', 'ELEM_PP3', 0 );
insert into Aggregation ( AGGREGATION, VERSIONID, AGGREGATIONSET, AGGREGATIONGROUP, REAGGREGATIONSET, REAGGREGATIONGROUP, GROUPORDER, AGGREGATIONORDER, AGGREGATIONTYPE, AGGREGATIONSCOPE ) values ( 'DC_E_TEST_ELEMBH_WEEKRANKBH_ELEM_PP3', 'DC_E_TEST:((202))', null, null, null, null, null, null, 'RANKBH', 'WEEK' );
insert into Aggregationrule ( AGGREGATION, VERSIONID, RULEID, TARGET_TYPE, TARGET_LEVEL, TARGET_TABLE, TARGET_MTABLEID, SOURCE_TYPE, SOURCE_LEVEL, SOURCE_TABLE, SOURCE_MTABLEID, RULETYPE, AGGREGATIONSCOPE, BHTYPE, ENABLE ) values ( 'DC_E_TEST_ELEMBH_WEEKRANKBH_ELEM_PP3', 'DC_E_TEST:((202))', 1, 'DC_E_TEST_ELEMBH', 'RANKBH', 'DC_E_TEST_ELEMBH_RANKBH', 'DC_E_TEST:((202)):DC_E_TEST_ELEMBH:RANKBH', 'DC_E_TEST_ELEMBH', 'RANKBH', 'DC_E_TEST_ELEMBH_RANKBH', 'DC_E_TEST:((202)):DC_E_TEST_ELEMBH:RANKBH', 'RANKBHCLASS', 'WEEK', 'ELEM_PP3', 0 );
insert into Aggregation ( AGGREGATION, VERSIONID, AGGREGATIONSET, AGGREGATIONGROUP, REAGGREGATIONSET, REAGGREGATIONGROUP, GROUPORDER, AGGREGATIONORDER, AGGREGATIONTYPE, AGGREGATIONSCOPE ) values ( 'DC_E_TEST_ELEMBH_MONTHRANKBH_ELEM_PP3', 'DC_E_TEST:((202))', null, null, null, null, null, null, 'RANKBH', 'MONTH' );
insert into Aggregationrule ( AGGREGATION, VERSIONID, RULEID, TARGET_TYPE, TARGET_LEVEL, TARGET_TABLE, TARGET_MTABLEID, SOURCE_TYPE, SOURCE_LEVEL, SOURCE_TABLE, SOURCE_MTABLEID, RULETYPE, AGGREGATIONSCOPE, BHTYPE, ENABLE ) values ( 'DC_E_TEST_ELEMBH_MONTHRANKBH_ELEM_PP3', 'DC_E_TEST:((202))', 2, 'DC_E_TEST_ELEMBH', 'RANKBH', 'DC_E_TEST_ELEMBH_RANKBH', 'DC_E_TEST:((202)):DC_E_TEST_ELEMBH:RANKBH', 'DC_E_TEST_ELEMBH', 'RANKBH', 'DC_E_TEST_ELEMBH_RANKBH', 'DC_E_TEST:((202)):DC_E_TEST_ELEMBH:RANKBH', 'RANKBHCLASS', 'MONTH', 'ELEM_PP3', 0 );
insert into Aggregation ( AGGREGATION, VERSIONID, AGGREGATIONSET, AGGREGATIONGROUP, REAGGREGATIONSET, REAGGREGATIONGROUP, GROUPORDER, AGGREGATIONORDER, AGGREGATIONTYPE, AGGREGATIONSCOPE ) values ( 'DC_E_TEST_INTERNALLINKGROUP_V_DAY', 'DC_E_TEST:((202))', null, null, null, null, null, null, 'TOTAL', 'DAY' );
insert into Aggregationrule ( AGGREGATION, VERSIONID, RULEID, TARGET_TYPE, TARGET_LEVEL, TARGET_TABLE, TARGET_MTABLEID, SOURCE_TYPE, SOURCE_LEVEL, SOURCE_TABLE, SOURCE_MTABLEID, RULETYPE, AGGREGATIONSCOPE, BHTYPE, ENABLE ) values ( 'DC_E_TEST_INTERNALLINKGROUP_V_DAY', 'DC_E_TEST:((202))', 0, 'DC_E_TEST_INTERNALLINKGROUP_V', 'DAY', 'DC_E_TEST_INTERNALLINKGROUP_V_DAY', 'DC_E_TEST:((202)):DC_E_TEST_INTERNALLINKGROUP_V:DAY', 'DC_E_TEST_INTERNALLINKGROUP_V', 'RAW', 'DC_E_TEST_INTERNALLINKGROUP_V_RAW', 'DC_E_TEST:((202)):DC_E_TEST_INTERNALLINKGROUP_V:RAW', 'TOTAL', 'DAY', null, null );
insert into Aggregation ( AGGREGATION, VERSIONID, AGGREGATIONSET, AGGREGATIONGROUP, REAGGREGATIONSET, REAGGREGATIONGROUP, GROUPORDER, AGGREGATIONORDER, AGGREGATIONTYPE, AGGREGATIONSCOPE ) values ( 'DC_E_TEST_VCLTP_V_MONTHBH_VCLTP', 'DC_E_TEST:((202))', null, null, null, null, null, null, 'DAYBH', 'MONTH' );
insert into Aggregationrule ( AGGREGATION, VERSIONID, RULEID, TARGET_TYPE, TARGET_LEVEL, TARGET_TABLE, TARGET_MTABLEID, SOURCE_TYPE, SOURCE_LEVEL, SOURCE_TABLE, SOURCE_MTABLEID, RULETYPE, AGGREGATIONSCOPE, BHTYPE, ENABLE ) values ( 'DC_E_TEST_VCLTP_V_MONTHBH_VCLTP', 'DC_E_TEST:((202))', 3, 'DC_E_TEST_VCLTP_V', 'DAYBH', 'DC_E_TEST_VCLTP_V_DAYBH', 'DC_E_TEST:((202)):DC_E_TEST_VCLTP_V:DAYBH', 'DC_E_TEST_VCLTP_V', 'DAYBH', 'DC_E_TEST_VCLTP_V_DAYBH', 'DC_E_TEST:((202)):DC_E_TEST_VCLTP_V:DAYBH', 'DAYBHCLASS_DAYBH', 'MONTH', null, null );
insert into Aggregationrule ( AGGREGATION, VERSIONID, RULEID, TARGET_TYPE, TARGET_LEVEL, TARGET_TABLE, TARGET_MTABLEID, SOURCE_TYPE, SOURCE_LEVEL, SOURCE_TABLE, SOURCE_MTABLEID, RULETYPE, AGGREGATIONSCOPE, BHTYPE, ENABLE ) values ( 'DC_E_TEST_VCLTP_V_MONTHBH_VCLTP', 'DC_E_TEST:((202))', 5, 'DC_E_TEST_VCLTP_V', 'DAYBH', 'DC_E_TEST_VCLTP_V_DAYBH', 'DC_E_TEST:((202)):DC_E_TEST_VCLTP_V:DAYBH', 'DC_E_TEST_VCLTPBH', 'RANKBH', 'DC_E_TEST_VCLTPBH_RANKBH', 'DC_E_TEST:((202)):DC_E_TEST_VCLTPBH:RANKBH', 'DAYBHCLASS', 'MONTH', null, null );
insert into Aggregation ( AGGREGATION, VERSIONID, AGGREGATIONSET, AGGREGATIONGROUP, REAGGREGATIONSET, REAGGREGATIONGROUP, GROUPORDER, AGGREGATIONORDER, AGGREGATIONTYPE, AGGREGATIONSCOPE ) values ( 'DC_E_TEST_ELEMBH_RANKBH_ELEM_CP4', 'DC_E_TEST:((202))', null, null, null, null, null, null, 'RANKBH', 'DAY' );
insert into Aggregationrule ( AGGREGATION, VERSIONID, RULEID, TARGET_TYPE, TARGET_LEVEL, TARGET_TABLE, TARGET_MTABLEID, SOURCE_TYPE, SOURCE_LEVEL, SOURCE_TABLE, SOURCE_MTABLEID, RULETYPE, AGGREGATIONSCOPE, BHTYPE, ENABLE ) values ( 'DC_E_TEST_ELEMBH_RANKBH_ELEM_CP4', 'DC_E_TEST:((202))', 0, 'DC_E_TEST_ELEMBH', 'RANKBH', 'DC_E_TEST_ELEMBH_RANKBH', 'DC_E_TEST:((202)):DC_E_TEST_ELEMBH:RANKBH', '', '', 'DC_E_TEST_ELEMBH_RANKBH_ELEM_CP4', '', 'RANKBH', 'DAY', 'ELEM_CP4', 0 );
insert into Aggregation ( AGGREGATION, VERSIONID, AGGREGATIONSET, AGGREGATIONGROUP, REAGGREGATIONSET, REAGGREGATIONGROUP, GROUPORDER, AGGREGATIONORDER, AGGREGATIONTYPE, AGGREGATIONSCOPE ) values ( 'DC_E_TEST_ELEMBH_WEEKRANKBH_ELEM_CP4', 'DC_E_TEST:((202))', null, null, null, null, null, null, 'RANKBH', 'WEEK' );
insert into Aggregationrule ( AGGREGATION, VERSIONID, RULEID, TARGET_TYPE, TARGET_LEVEL, TARGET_TABLE, TARGET_MTABLEID, SOURCE_TYPE, SOURCE_LEVEL, SOURCE_TABLE, SOURCE_MTABLEID, RULETYPE, AGGREGATIONSCOPE, BHTYPE, ENABLE ) values ( 'DC_E_TEST_ELEMBH_WEEKRANKBH_ELEM_CP4', 'DC_E_TEST:((202))', 1, 'DC_E_TEST_ELEMBH', 'RANKBH', 'DC_E_TEST_ELEMBH_RANKBH', 'DC_E_TEST:((202)):DC_E_TEST_ELEMBH:RANKBH', 'DC_E_TEST_ELEMBH', 'RANKBH', 'DC_E_TEST_ELEMBH_RANKBH', 'DC_E_TEST:((202)):DC_E_TEST_ELEMBH:RANKBH', 'RANKBHCLASS', 'WEEK', 'ELEM_CP4', 0 );
insert into Aggregation ( AGGREGATION, VERSIONID, AGGREGATIONSET, AGGREGATIONGROUP, REAGGREGATIONSET, REAGGREGATIONGROUP, GROUPORDER, AGGREGATIONORDER, AGGREGATIONTYPE, AGGREGATIONSCOPE ) values ( 'DC_E_TEST_ELEMBH_MONTHRANKBH_ELEM_CP4', 'DC_E_TEST:((202))', null, null, null, null, null, null, 'RANKBH', 'MONTH' );
insert into Aggregationrule ( AGGREGATION, VERSIONID, RULEID, TARGET_TYPE, TARGET_LEVEL, TARGET_TABLE, TARGET_MTABLEID, SOURCE_TYPE, SOURCE_LEVEL, SOURCE_TABLE, SOURCE_MTABLEID, RULETYPE, AGGREGATIONSCOPE, BHTYPE, ENABLE ) values ( 'DC_E_TEST_ELEMBH_MONTHRANKBH_ELEM_CP4', 'DC_E_TEST:((202))', 2, 'DC_E_TEST_ELEMBH', 'RANKBH', 'DC_E_TEST_ELEMBH_RANKBH', 'DC_E_TEST:((202)):DC_E_TEST_ELEMBH:RANKBH', 'DC_E_TEST_ELEMBH', 'RANKBH', 'DC_E_TEST_ELEMBH_RANKBH', 'DC_E_TEST:((202)):DC_E_TEST_ELEMBH:RANKBH', 'RANKBHCLASS', 'MONTH', 'ELEM_CP4', 0 );
insert into Aggregation ( AGGREGATION, VERSIONID, AGGREGATIONSET, AGGREGATIONGROUP, REAGGREGATIONSET, REAGGREGATIONGROUP, GROUPORDER, AGGREGATIONORDER, AGGREGATIONTYPE, AGGREGATIONSCOPE ) values ( 'DC_E_TEST_ELEMBH_RANKBH_ELEM_PP4', 'DC_E_TEST:((202))', null, null, null, null, null, null, 'RANKBH', 'DAY' );
insert into Aggregationrule ( AGGREGATION, VERSIONID, RULEID, TARGET_TYPE, TARGET_LEVEL, TARGET_TABLE, TARGET_MTABLEID, SOURCE_TYPE, SOURCE_LEVEL, SOURCE_TABLE, SOURCE_MTABLEID, RULETYPE, AGGREGATIONSCOPE, BHTYPE, ENABLE ) values ( 'DC_E_TEST_ELEMBH_RANKBH_ELEM_PP4', 'DC_E_TEST:((202))', 0, 'DC_E_TEST_ELEMBH', 'RANKBH', 'DC_E_TEST_ELEMBH_RANKBH', 'DC_E_TEST:((202)):DC_E_TEST_ELEMBH:RANKBH', '', '', 'DC_E_TEST_ELEMBH_RANKBH_ELEM_PP4', '', 'RANKBH', 'DAY', 'ELEM_PP4', 0 );
insert into Aggregation ( AGGREGATION, VERSIONID, AGGREGATIONSET, AGGREGATIONGROUP, REAGGREGATIONSET, REAGGREGATIONGROUP, GROUPORDER, AGGREGATIONORDER, AGGREGATIONTYPE, AGGREGATIONSCOPE ) values ( 'DC_E_TEST_ELEMBH_WEEKRANKBH_ELEM_PP4', 'DC_E_TEST:((202))', null, null, null, null, null, null, 'RANKBH', 'WEEK' );
insert into Aggregationrule ( AGGREGATION, VERSIONID, RULEID, TARGET_TYPE, TARGET_LEVEL, TARGET_TABLE, TARGET_MTABLEID, SOURCE_TYPE, SOURCE_LEVEL, SOURCE_TABLE, SOURCE_MTABLEID, RULETYPE, AGGREGATIONSCOPE, BHTYPE, ENABLE ) values ( 'DC_E_TEST_ELEMBH_WEEKRANKBH_ELEM_PP4', 'DC_E_TEST:((202))', 1, 'DC_E_TEST_ELEMBH', 'RANKBH', 'DC_E_TEST_ELEMBH_RANKBH', 'DC_E_TEST:((202)):DC_E_TEST_ELEMBH:RANKBH', 'DC_E_TEST_ELEMBH', 'RANKBH', 'DC_E_TEST_ELEMBH_RANKBH', 'DC_E_TEST:((202)):DC_E_TEST_ELEMBH:RANKBH', 'RANKBHCLASS', 'WEEK', 'ELEM_PP4', 0 );
insert into Aggregation ( AGGREGATION, VERSIONID, AGGREGATIONSET, AGGREGATIONGROUP, REAGGREGATIONSET, REAGGREGATIONGROUP, GROUPORDER, AGGREGATIONORDER, AGGREGATIONTYPE, AGGREGATIONSCOPE ) values ( 'DC_E_TEST_ELEMBH_MONTHRANKBH_ELEM_PP4', 'DC_E_TEST:((202))', null, null, null, null, null, null, 'RANKBH', 'MONTH' );
insert into Aggregationrule ( AGGREGATION, VERSIONID, RULEID, TARGET_TYPE, TARGET_LEVEL, TARGET_TABLE, TARGET_MTABLEID, SOURCE_TYPE, SOURCE_LEVEL, SOURCE_TABLE, SOURCE_MTABLEID, RULETYPE, AGGREGATIONSCOPE, BHTYPE, ENABLE ) values ( 'DC_E_TEST_ELEMBH_MONTHRANKBH_ELEM_PP4', 'DC_E_TEST:((202))', 2, 'DC_E_TEST_ELEMBH', 'RANKBH', 'DC_E_TEST_ELEMBH_RANKBH', 'DC_E_TEST:((202)):DC_E_TEST_ELEMBH:RANKBH', 'DC_E_TEST_ELEMBH', 'RANKBH', 'DC_E_TEST_ELEMBH_RANKBH', 'DC_E_TEST:((202)):DC_E_TEST_ELEMBH:RANKBH', 'RANKBHCLASS', 'MONTH', 'ELEM_PP4', 0 );
insert into Aggregation ( AGGREGATION, VERSIONID, AGGREGATIONSET, AGGREGATIONGROUP, REAGGREGATIONSET, REAGGREGATIONGROUP, GROUPORDER, AGGREGATIONORDER, AGGREGATIONTYPE, AGGREGATIONSCOPE ) values ( 'DC_E_TEST_VCLTPBH_RANKBH_VCLTP_CP0', 'DC_E_TEST:((202))', null, null, null, null, null, null, 'RANKBH', 'DAY' );
insert into Aggregationrule ( AGGREGATION, VERSIONID, RULEID, TARGET_TYPE, TARGET_LEVEL, TARGET_TABLE, TARGET_MTABLEID, SOURCE_TYPE, SOURCE_LEVEL, SOURCE_TABLE, SOURCE_MTABLEID, RULETYPE, AGGREGATIONSCOPE, BHTYPE, ENABLE ) values ( 'DC_E_TEST_VCLTPBH_RANKBH_VCLTP_CP0', 'DC_E_TEST:((202))', 0, 'DC_E_TEST_VCLTPBH', 'RANKBH', 'DC_E_TEST_VCLTPBH_RANKBH', 'DC_E_TEST:((202)):DC_E_TEST_VCLTPBH:RANKBH', '', '', 'DC_E_TEST_VCLTPBH_RANKBH_VCLTP_CP0', '', 'RANKBH', 'DAY', 'VCLTP_CP0', 0 );
insert into Aggregation ( AGGREGATION, VERSIONID, AGGREGATIONSET, AGGREGATIONGROUP, REAGGREGATIONSET, REAGGREGATIONGROUP, GROUPORDER, AGGREGATIONORDER, AGGREGATIONTYPE, AGGREGATIONSCOPE ) values ( 'DC_E_TEST_VCLTPBH_WEEKRANKBH_VCLTP_CP0', 'DC_E_TEST:((202))', null, null, null, null, null, null, 'RANKBH', 'WEEK' );
insert into Aggregationrule ( AGGREGATION, VERSIONID, RULEID, TARGET_TYPE, TARGET_LEVEL, TARGET_TABLE, TARGET_MTABLEID, SOURCE_TYPE, SOURCE_LEVEL, SOURCE_TABLE, SOURCE_MTABLEID, RULETYPE, AGGREGATIONSCOPE, BHTYPE, ENABLE ) values ( 'DC_E_TEST_VCLTPBH_WEEKRANKBH_VCLTP_CP0', 'DC_E_TEST:((202))', 1, 'DC_E_TEST_VCLTPBH', 'RANKBH', 'DC_E_TEST_VCLTPBH_RANKBH', 'DC_E_TEST:((202)):DC_E_TEST_VCLTPBH:RANKBH', 'DC_E_TEST_VCLTPBH', 'RANKBH', 'DC_E_TEST_VCLTPBH_RANKBH', 'DC_E_TEST:((202)):DC_E_TEST_VCLTPBH:RANKBH', 'RANKBHCLASS', 'WEEK', 'VCLTP_CP0', 0 );
insert into Aggregation ( AGGREGATION, VERSIONID, AGGREGATIONSET, AGGREGATIONGROUP, REAGGREGATIONSET, REAGGREGATIONGROUP, GROUPORDER, AGGREGATIONORDER, AGGREGATIONTYPE, AGGREGATIONSCOPE ) values ( 'DC_E_TEST_VCLTPBH_MONTHRANKBH_VCLTP_CP0', 'DC_E_TEST:((202))', null, null, null, null, null, null, 'RANKBH', 'MONTH' );
insert into Aggregationrule ( AGGREGATION, VERSIONID, RULEID, TARGET_TYPE, TARGET_LEVEL, TARGET_TABLE, TARGET_MTABLEID, SOURCE_TYPE, SOURCE_LEVEL, SOURCE_TABLE, SOURCE_MTABLEID, RULETYPE, AGGREGATIONSCOPE, BHTYPE, ENABLE ) values ( 'DC_E_TEST_VCLTPBH_MONTHRANKBH_VCLTP_CP0', 'DC_E_TEST:((202))', 2, 'DC_E_TEST_VCLTPBH', 'RANKBH', 'DC_E_TEST_VCLTPBH_RANKBH', 'DC_E_TEST:((202)):DC_E_TEST_VCLTPBH:RANKBH', 'DC_E_TEST_VCLTPBH', 'RANKBH', 'DC_E_TEST_VCLTPBH_RANKBH', 'DC_E_TEST:((202)):DC_E_TEST_VCLTPBH:RANKBH', 'RANKBHCLASS', 'MONTH', 'VCLTP_CP0', 0 );
insert into Aggregation ( AGGREGATION, VERSIONID, AGGREGATIONSET, AGGREGATIONGROUP, REAGGREGATIONSET, REAGGREGATIONGROUP, GROUPORDER, AGGREGATIONORDER, AGGREGATIONTYPE, AGGREGATIONSCOPE ) values ( 'DC_E_TEST_VCLTPBH_RANKBH_VCLTP_PP0', 'DC_E_TEST:((202))', null, null, null, null, null, null, 'RANKBH', 'DAY' );
insert into Aggregationrule ( AGGREGATION, VERSIONID, RULEID, TARGET_TYPE, TARGET_LEVEL, TARGET_TABLE, TARGET_MTABLEID, SOURCE_TYPE, SOURCE_LEVEL, SOURCE_TABLE, SOURCE_MTABLEID, RULETYPE, AGGREGATIONSCOPE, BHTYPE, ENABLE ) values ( 'DC_E_TEST_VCLTPBH_RANKBH_VCLTP_PP0', 'DC_E_TEST:((202))', 0, 'DC_E_TEST_VCLTPBH', 'RANKBH', 'DC_E_TEST_VCLTPBH_RANKBH', 'DC_E_TEST:((202)):DC_E_TEST_VCLTPBH:RANKBH', 'DC_E_TEST_VCLTP', 'COUNT', 'DC_E_TEST_VCLTPBH_RANKBH_VCLTP_PP0', 'DC_E_TEST:((202)):DC_E_TEST_VCLTP:COUNT', 'RANKBH', 'DAY', 'VCLTP_PP0', 1 );
insert into Aggregation ( AGGREGATION, VERSIONID, AGGREGATIONSET, AGGREGATIONGROUP, REAGGREGATIONSET, REAGGREGATIONGROUP, GROUPORDER, AGGREGATIONORDER, AGGREGATIONTYPE, AGGREGATIONSCOPE ) values ( 'DC_E_TEST_VCLTPBH_WEEKRANKBH_VCLTP_PP0', 'DC_E_TEST:((202))', null, null, null, null, null, null, 'RANKBH', 'WEEK' );
insert into Aggregationrule ( AGGREGATION, VERSIONID, RULEID, TARGET_TYPE, TARGET_LEVEL, TARGET_TABLE, TARGET_MTABLEID, SOURCE_TYPE, SOURCE_LEVEL, SOURCE_TABLE, SOURCE_MTABLEID, RULETYPE, AGGREGATIONSCOPE, BHTYPE, ENABLE ) values ( 'DC_E_TEST_VCLTPBH_WEEKRANKBH_VCLTP_PP0', 'DC_E_TEST:((202))', 1, 'DC_E_TEST_VCLTPBH', 'RANKBH', 'DC_E_TEST_VCLTPBH_RANKBH', 'DC_E_TEST:((202)):DC_E_TEST_VCLTPBH:RANKBH', 'DC_E_TEST_VCLTPBH', 'RANKBH', 'DC_E_TEST_VCLTPBH_RANKBH', 'DC_E_TEST:((202)):DC_E_TEST_VCLTPBH:RANKBH', 'RANKBHCLASS', 'WEEK', 'VCLTP_PP0', 1 );
insert into Aggregation ( AGGREGATION, VERSIONID, AGGREGATIONSET, AGGREGATIONGROUP, REAGGREGATIONSET, REAGGREGATIONGROUP, GROUPORDER, AGGREGATIONORDER, AGGREGATIONTYPE, AGGREGATIONSCOPE ) values ( 'DC_E_TEST_VCLTPBH_MONTHRANKBH_VCLTP_PP0', 'DC_E_TEST:((202))', null, null, null, null, null, null, 'RANKBH', 'MONTH' );
insert into Aggregationrule ( AGGREGATION, VERSIONID, RULEID, TARGET_TYPE, TARGET_LEVEL, TARGET_TABLE, TARGET_MTABLEID, SOURCE_TYPE, SOURCE_LEVEL, SOURCE_TABLE, SOURCE_MTABLEID, RULETYPE, AGGREGATIONSCOPE, BHTYPE, ENABLE ) values ( 'DC_E_TEST_VCLTPBH_MONTHRANKBH_VCLTP_PP0', 'DC_E_TEST:((202))', 2, 'DC_E_TEST_VCLTPBH', 'RANKBH', 'DC_E_TEST_VCLTPBH_RANKBH', 'DC_E_TEST:((202)):DC_E_TEST_VCLTPBH:RANKBH', 'DC_E_TEST_VCLTPBH', 'RANKBH', 'DC_E_TEST_VCLTPBH_RANKBH', 'DC_E_TEST:((202)):DC_E_TEST_VCLTPBH:RANKBH', 'RANKBHCLASS', 'MONTH', 'VCLTP_PP0', 1 );
insert into Aggregation ( AGGREGATION, VERSIONID, AGGREGATIONSET, AGGREGATIONGROUP, REAGGREGATIONSET, REAGGREGATIONGROUP, GROUPORDER, AGGREGATIONORDER, AGGREGATIONTYPE, AGGREGATIONSCOPE ) values ( 'DC_E_TEST_ETHERNETLINK_COUNT', 'DC_E_TEST:((202))', null, null, null, null, null, null, 'TOTAL', 'COUNT' );
insert into Aggregationrule ( AGGREGATION, VERSIONID, RULEID, TARGET_TYPE, TARGET_LEVEL, TARGET_TABLE, TARGET_MTABLEID, SOURCE_TYPE, SOURCE_LEVEL, SOURCE_TABLE, SOURCE_MTABLEID, RULETYPE, AGGREGATIONSCOPE, BHTYPE, ENABLE ) values ( 'DC_E_TEST_ETHERNETLINK_COUNT', 'DC_E_TEST:((202))', 1, 'DC_E_TEST_ETHERNETLINK', 'COUNT', 'DC_E_TEST_ETHERNETLINK_COUNT', 'DC_E_TEST:((202)):DC_E_TEST_ETHERNETLINK:COUNT', 'DC_E_TEST_ETHERNETLINK', 'RAW', 'DC_E_TEST_ETHERNETLINK_RAW', 'DC_E_TEST:((202)):DC_E_TEST_ETHERNETLINK:RAW', 'COUNT', 'DAY', null, null );
insert into Aggregation ( AGGREGATION, VERSIONID, AGGREGATIONSET, AGGREGATIONGROUP, REAGGREGATIONSET, REAGGREGATIONGROUP, GROUPORDER, AGGREGATIONORDER, AGGREGATIONTYPE, AGGREGATIONSCOPE ) values ( 'DC_E_TEST_SERVICE_COUNT', 'DC_E_TEST:((202))', null, null, null, null, null, null, 'TOTAL', 'COUNT' );
insert into Aggregationrule ( AGGREGATION, VERSIONID, RULEID, TARGET_TYPE, TARGET_LEVEL, TARGET_TABLE, TARGET_MTABLEID, SOURCE_TYPE, SOURCE_LEVEL, SOURCE_TABLE, SOURCE_MTABLEID, RULETYPE, AGGREGATIONSCOPE, BHTYPE, ENABLE ) values ( 'DC_E_TEST_SERVICE_COUNT', 'DC_E_TEST:((202))', 4, 'DC_E_TEST_SERVICE', 'COUNT', 'DC_E_TEST_SERVICE_COUNT', 'DC_E_TEST:((202)):DC_E_TEST_SERVICE:COUNT', 'DC_E_TEST_SERVICE', 'RAW', 'DC_E_TEST_SERVICE_RAW', 'DC_E_TEST:((202)):DC_E_TEST_SERVICE:RAW', 'COUNT', 'DAY', null, null );
insert into Aggregation ( AGGREGATION, VERSIONID, AGGREGATIONSET, AGGREGATIONGROUP, REAGGREGATIONSET, REAGGREGATIONGROUP, GROUPORDER, AGGREGATIONORDER, AGGREGATIONTYPE, AGGREGATIONSCOPE ) values ( 'DC_E_TEST_SERVICE_DAY', 'DC_E_TEST:((202))', null, null, null, null, null, null, 'TOTAL', 'DAY' );
insert into Aggregationrule ( AGGREGATION, VERSIONID, RULEID, TARGET_TYPE, TARGET_LEVEL, TARGET_TABLE, TARGET_MTABLEID, SOURCE_TYPE, SOURCE_LEVEL, SOURCE_TABLE, SOURCE_MTABLEID, RULETYPE, AGGREGATIONSCOPE, BHTYPE, ENABLE ) values ( 'DC_E_TEST_SERVICE_DAY', 'DC_E_TEST:((202))', 0, 'DC_E_TEST_SERVICE', 'DAY', 'DC_E_TEST_SERVICE_DAY', 'DC_E_TEST:((202)):DC_E_TEST_SERVICE:DAY', 'DC_E_TEST_SERVICE', 'COUNT', 'DC_E_TEST_SERVICE_COUNT', 'DC_E_TEST:((202)):DC_E_TEST_SERVICE:COUNT', 'TOTAL', 'DAY', null, null );
insert into Aggregation ( AGGREGATION, VERSIONID, AGGREGATIONSET, AGGREGATIONGROUP, REAGGREGATIONSET, REAGGREGATIONGROUP, GROUPORDER, AGGREGATIONORDER, AGGREGATIONTYPE, AGGREGATIONSCOPE ) values ( 'DC_E_TEST_VCLTPBH_RANKBH_VCLTP_CP1', 'DC_E_TEST:((202))', null, null, null, null, null, null, 'RANKBH', 'DAY' );
insert into Aggregationrule ( AGGREGATION, VERSIONID, RULEID, TARGET_TYPE, TARGET_LEVEL, TARGET_TABLE, TARGET_MTABLEID, SOURCE_TYPE, SOURCE_LEVEL, SOURCE_TABLE, SOURCE_MTABLEID, RULETYPE, AGGREGATIONSCOPE, BHTYPE, ENABLE ) values ( 'DC_E_TEST_VCLTPBH_RANKBH_VCLTP_CP1', 'DC_E_TEST:((202))', 0, 'DC_E_TEST_VCLTPBH', 'RANKBH', 'DC_E_TEST_VCLTPBH_RANKBH', 'DC_E_TEST:((202)):DC_E_TEST_VCLTPBH:RANKBH', '', '', 'DC_E_TEST_VCLTPBH_RANKBH_VCLTP_CP1', '', 'RANKBH', 'DAY', 'VCLTP_CP1', 0 );
insert into Aggregation ( AGGREGATION, VERSIONID, AGGREGATIONSET, AGGREGATIONGROUP, REAGGREGATIONSET, REAGGREGATIONGROUP, GROUPORDER, AGGREGATIONORDER, AGGREGATIONTYPE, AGGREGATIONSCOPE ) values ( 'DC_E_TEST_VCLTPBH_WEEKRANKBH_VCLTP_CP1', 'DC_E_TEST:((202))', null, null, null, null, null, null, 'RANKBH', 'WEEK' );
insert into Aggregationrule ( AGGREGATION, VERSIONID, RULEID, TARGET_TYPE, TARGET_LEVEL, TARGET_TABLE, TARGET_MTABLEID, SOURCE_TYPE, SOURCE_LEVEL, SOURCE_TABLE, SOURCE_MTABLEID, RULETYPE, AGGREGATIONSCOPE, BHTYPE, ENABLE ) values ( 'DC_E_TEST_VCLTPBH_WEEKRANKBH_VCLTP_CP1', 'DC_E_TEST:((202))', 1, 'DC_E_TEST_VCLTPBH', 'RANKBH', 'DC_E_TEST_VCLTPBH_RANKBH', 'DC_E_TEST:((202)):DC_E_TEST_VCLTPBH:RANKBH', 'DC_E_TEST_VCLTPBH', 'RANKBH', 'DC_E_TEST_VCLTPBH_RANKBH', 'DC_E_TEST:((202)):DC_E_TEST_VCLTPBH:RANKBH', 'RANKBHCLASS', 'WEEK', 'VCLTP_CP1', 0 );
insert into Aggregation ( AGGREGATION, VERSIONID, AGGREGATIONSET, AGGREGATIONGROUP, REAGGREGATIONSET, REAGGREGATIONGROUP, GROUPORDER, AGGREGATIONORDER, AGGREGATIONTYPE, AGGREGATIONSCOPE ) values ( 'DC_E_TEST_VCLTPBH_MONTHRANKBH_VCLTP_CP1', 'DC_E_TEST:((202))', null, null, null, null, null, null, 'RANKBH', 'MONTH' );
insert into Aggregationrule ( AGGREGATION, VERSIONID, RULEID, TARGET_TYPE, TARGET_LEVEL, TARGET_TABLE, TARGET_MTABLEID, SOURCE_TYPE, SOURCE_LEVEL, SOURCE_TABLE, SOURCE_MTABLEID, RULETYPE, AGGREGATIONSCOPE, BHTYPE, ENABLE ) values ( 'DC_E_TEST_VCLTPBH_MONTHRANKBH_VCLTP_CP1', 'DC_E_TEST:((202))', 2, 'DC_E_TEST_VCLTPBH', 'RANKBH', 'DC_E_TEST_VCLTPBH_RANKBH', 'DC_E_TEST:((202)):DC_E_TEST_VCLTPBH:RANKBH', 'DC_E_TEST_VCLTPBH', 'RANKBH', 'DC_E_TEST_VCLTPBH_RANKBH', 'DC_E_TEST:((202)):DC_E_TEST_VCLTPBH:RANKBH', 'RANKBHCLASS', 'MONTH', 'VCLTP_CP1', 0 );
