insert into Versioning ( VERSIONID, DESCRIPTION, STATUS, TECHPACK_NAME, TECHPACK_VERSION, TECHPACK_TYPE, PRODUCT_NUMBER, LOCKEDBY, LOCKDATE, BASEDEFINITION, BASEVERSION, INSTALLDESCRIPTION, UNIVERSENAME, UNIVERSEEXTENSION, ENIQ_LEVEL, LICENSENAME ) values ('EVENT_E_TEST:((1))', 'Ericsson LTE Events Test Tech Pack', 1, 'EVENT_E_TEST', 'R1C', 'ENIQ_EVENT', 'CXC 173 2096', null, null, 'TP_TEST:TEST_TP_1', null, '', null, null, '11', 'CXC4010933');
insert into Measurementtypeclass ( TYPECLASSID, VERSIONID, DESCRIPTION ) values ('EVENT_E_TEST:((1)):EVENT_E_LTE_DEFAULT', 'EVENT_E_TEST:((1))', 'DEFAULT');
insert into Measurementtypeclass ( TYPECLASSID, VERSIONID, DESCRIPTION ) values ('EVENT_E_TEST:((1)):EVENT_E_TEST_DEFAULT', 'EVENT_E_TEST:((1))', 'DEFAULT');
insert into Measurementtype ( TYPEID, TYPECLASSID, TYPENAME, VENDORID, FOLDERNAME, DESCRIPTION, STATUS, VERSIONID, OBJECTID, OBJECTNAME, OBJECTVERSION, OBJECTTYPE, JOINABLE, SIZING, TOTALAGG, ELEMENTBHSUPPORT, RANKINGTABLE, DELTACALCSUPPORT, PLAINTABLE, UNIVERSEEXTENSION, VECTORSUPPORT, DATAFORMATSUPPORT, FOLLOWJOHN, ONEMINAGG, FIFTEENMINAGG, EVENTSCALCTABLE, MIXEDPARTITIONSTABLE, LOADFILE_DUP_CHECK ) values ('EVENT_E_TEST:((1)):EVENT_E_TEST_MANUF_SUC', 'EVENT_E_TEST:((1)):EVENT_E_TEST_DEFAULT', 'EVENT_E_TEST_MANUF_SUC', 'EVENT_E_TEST', 'EVENT_E_TEST_MANUF_SUC', '', null, 'EVENT_E_TEST:((1))', 'EVENT_E_TEST:((1)):EVENT_E_TEST_MANUF_SUC', 'EVENT_E_TEST_MANUF_SUC', null, null, '', 'sgehsmall', 0, 0, 0, 0, 0, 'ALL', 0, 0, null, 1, 0, 1, 0, 0);
insert into Measurementtype ( TYPEID, TYPECLASSID, TYPENAME, VENDORID, FOLDERNAME, DESCRIPTION, STATUS, VERSIONID, OBJECTID, OBJECTNAME, OBJECTVERSION, OBJECTTYPE, JOINABLE, SIZING, TOTALAGG, ELEMENTBHSUPPORT, RANKINGTABLE, DELTACALCSUPPORT, PLAINTABLE, UNIVERSEEXTENSION, VECTORSUPPORT, DATAFORMATSUPPORT, FOLLOWJOHN, ONEMINAGG, FIFTEENMINAGG, EVENTSCALCTABLE, MIXEDPARTITIONSTABLE, LOADFILE_DUP_CHECK ) values ('EVENT_E_TEST:((1)):EVENT_E_TEST_IMSI_RANK', 'EVENT_E_TEST:((1)):EVENT_E_TEST_DEFAULT', 'EVENT_E_TEST_IMSI_RANK', 'EVENT_E_TEST', 'EVENT_E_TEST_IMSI_RANK', '', null, 'EVENT_E_TEST:((1))', 'EVENT_E_TEST:((1)):EVENT_E_TEST_IMSI_RANK', 'EVENT_E_TEST_IMSI_RANK', null, null, '', 'sgehsmall', 1, 0, 0, 0, 0, 'ALL', 0, 1, null, null, 1, 1, 0, null);
insert into Measurementtype ( TYPEID, TYPECLASSID, TYPENAME, VENDORID, FOLDERNAME, DESCRIPTION, STATUS, VERSIONID, OBJECTID, OBJECTNAME, OBJECTVERSION, OBJECTTYPE, JOINABLE, SIZING, TOTALAGG, ELEMENTBHSUPPORT, RANKINGTABLE, DELTACALCSUPPORT, PLAINTABLE, UNIVERSEEXTENSION, VECTORSUPPORT, DATAFORMATSUPPORT, FOLLOWJOHN, ONEMINAGG, FIFTEENMINAGG, EVENTSCALCTABLE, MIXEDPARTITIONSTABLE, LOADFILE_DUP_CHECK ) values ('EVENT_E_TEST:((1)):EVENT_E_TEST_MANUF_ERR', 'EVENT_E_TEST:((1)):EVENT_E_TEST_DEFAULT', 'EVENT_E_TEST_MANUF_ERR', 'EVENT_E_TEST', 'EVENT_E_TEST_MANUF_ERR', '', null, 'EVENT_E_TEST:((1))', 'EVENT_E_TEST:((1)):EVENT_E_TEST_MANUF_ERR', 'EVENT_E_TEST_MANUF_ERR', null, null, '', 'sgehsmall', 0, 0, 0, 0, 0, 'ALL', 0, 0, null, 1, null, 1, 0, null);
insert into Measurementtype ( TYPEID, TYPECLASSID, TYPENAME, VENDORID, FOLDERNAME, DESCRIPTION, STATUS, VERSIONID, OBJECTID, OBJECTNAME, OBJECTVERSION, OBJECTTYPE, JOINABLE, SIZING, TOTALAGG, ELEMENTBHSUPPORT, RANKINGTABLE, DELTACALCSUPPORT, PLAINTABLE, UNIVERSEEXTENSION, VECTORSUPPORT, DATAFORMATSUPPORT, FOLLOWJOHN, ONEMINAGG, FIFTEENMINAGG, EVENTSCALCTABLE, MIXEDPARTITIONSTABLE, LOADFILE_DUP_CHECK ) values ('EVENT_E_TEST:((1)):EVENT_E_TEST_ERR', 'EVENT_E_TEST:((1)):EVENT_E_TEST_DEFAULT', 'EVENT_E_TEST_ERR', 'EVENT_E_TEST', 'EVENT_E_TEST_ERR', '', null, 'EVENT_E_TEST:((1))', 'EVENT_E_TEST:((1)):EVENT_E_TEST_ERR', 'EVENT_E_TEST_ERR', null, null, '', 'sgehsmall', 0, 0, 0, 0, 0, 'ALL', 0, 1, null, 0, 0, 0, 0, 1);
insert into Measurementtype ( TYPEID, TYPECLASSID, TYPENAME, VENDORID, FOLDERNAME, DESCRIPTION, STATUS, VERSIONID, OBJECTID, OBJECTNAME, OBJECTVERSION, OBJECTTYPE, JOINABLE, SIZING, TOTALAGG, ELEMENTBHSUPPORT, RANKINGTABLE, DELTACALCSUPPORT, PLAINTABLE, UNIVERSEEXTENSION, VECTORSUPPORT, DATAFORMATSUPPORT, FOLLOWJOHN, ONEMINAGG, FIFTEENMINAGG, EVENTSCALCTABLE, MIXEDPARTITIONSTABLE, LOADFILE_DUP_CHECK ) values ('EVENT_E_TEST:((1)):EVENT_E_TEST_SUC', 'EVENT_E_TEST:((1)):EVENT_E_TEST_DEFAULT', 'EVENT_E_TEST_SUC', 'EVENT_E_TEST', 'EVENT_E_TEST_SUC', '', null, 'EVENT_E_TEST:((1))', 'EVENT_E_TEST:((1)):EVENT_E_TEST_SUC', 'EVENT_E_TEST_SUC', null, null, '', 'sgehsmall', 0, 0, 0, 0, 0, 'ALL', null, 1, null, null, null, null, null, 1);
insert into Measurementkey ( TYPEID, DATANAME, DESCRIPTION, ISELEMENT, UNIQUEKEY, COLNUMBER, DATATYPE, DATASIZE, DATASCALE, UNIQUEVALUE, NULLABLE, INDEXES, INCLUDESQL, UNIVOBJECT, JOINABLE, DATAID ) values ('EVENT_E_TEST:((1)):EVENT_E_TEST_MANUF_SUC', 'MANUF', '', 0, 0, 1, 'varchar', 128, 0, 255, 0, '', 1, 'MANUF', 0, 'MANUF');
insert into Measurementkey ( TYPEID, DATANAME, DESCRIPTION, ISELEMENT, UNIQUEKEY, COLNUMBER, DATATYPE, DATASIZE, DATASCALE, UNIQUEVALUE, NULLABLE, INDEXES, INCLUDESQL, UNIVOBJECT, JOINABLE, DATAID ) values ('EVENT_E_TEST:((1)):EVENT_E_TEST_IMSI_RANK', 'IMSI', '', 0, 0, 1, 'unsigned bigint', 0, 0, 255, 1, 'HG', 0, 'IMSI', 0, 'IMSI');
insert into Measurementkey ( TYPEID, DATANAME, DESCRIPTION, ISELEMENT, UNIQUEKEY, COLNUMBER, DATATYPE, DATASIZE, DATASCALE, UNIQUEVALUE, NULLABLE, INDEXES, INCLUDESQL, UNIVOBJECT, JOINABLE, DATAID ) values ('EVENT_E_TEST:((1)):EVENT_E_TEST_MANUF_ERR', 'MANUF', '', 0, 0, 1, 'varchar', 128, 0, 255, 0, '', 1, 'MANUF', 0, 'MANUF');
insert into Measurementkey ( TYPEID, DATANAME, DESCRIPTION, ISELEMENT, UNIQUEKEY, COLNUMBER, DATATYPE, DATASIZE, DATASCALE, UNIQUEVALUE, NULLABLE, INDEXES, INCLUDESQL, UNIVOBJECT, JOINABLE, DATAID ) values ('EVENT_E_TEST:((1)):EVENT_E_TEST_ERR', 'APN', '', 0, 0, 1, 'varchar', 127, 0, 255, 0, 'HG', 1, 'APN', 0, 'APN');
insert into Measurementkey ( TYPEID, DATANAME, DESCRIPTION, ISELEMENT, UNIQUEKEY, COLNUMBER, DATATYPE, DATASIZE, DATASCALE, UNIQUEVALUE, NULLABLE, INDEXES, INCLUDESQL, UNIVOBJECT, JOINABLE, DATAID ) values ('EVENT_E_TEST:((1)):EVENT_E_TEST_SUC', 'APN', '', 0, 0, 1, 'varchar', 127, 0, 255, 0, 'HG', 1, 'APN', 0, 'APN');
insert into Measurementtable ( MTABLEID, TABLELEVEL, TYPEID, BASETABLENAME, DEFAULT_TEMPLATE, PARTITIONPLAN ) values ('EVENT_E_TEST:((1)):EVENT_E_TEST_MANUF_SUC:1MIN', '1MIN', 'EVENT_E_TEST:((1)):EVENT_E_TEST_MANUF_SUC', 'EVENT_E_TEST_MANUF_SUC_1MIN', null, 'sgehsmall_1min');
insert into Measurementtable ( MTABLEID, TABLELEVEL, TYPEID, BASETABLENAME, DEFAULT_TEMPLATE, PARTITIONPLAN ) values ('EVENT_E_TEST:((1)):EVENT_E_TEST_IMSI_RANK:15MIN', '15MIN', 'EVENT_E_TEST:((1)):EVENT_E_TEST_IMSI_RANK', 'EVENT_E_TEST_IMSI_RANK_15MIN', null, 'sgehsmall_15min');
insert into Measurementtable ( MTABLEID, TABLELEVEL, TYPEID, BASETABLENAME, DEFAULT_TEMPLATE, PARTITIONPLAN ) values ('EVENT_E_TEST:((1)):EVENT_E_TEST_IMSI_RANK:DAY', 'DAY', 'EVENT_E_TEST:((1)):EVENT_E_TEST_IMSI_RANK', 'EVENT_E_TEST_IMSI_RANK_DAY', null, 'sgehsmall_day');
insert into Measurementtable ( MTABLEID, TABLELEVEL, TYPEID, BASETABLENAME, DEFAULT_TEMPLATE, PARTITIONPLAN ) values ('EVENT_E_TEST:((1)):EVENT_E_TEST_MANUF_ERR:1MIN', '1MIN', 'EVENT_E_TEST:((1)):EVENT_E_TEST_MANUF_ERR', 'EVENT_E_TEST_MANUF_ERR_1MIN', null, 'sgehsmall_1min');
insert into Measurementtable ( MTABLEID, TABLELEVEL, TYPEID, BASETABLENAME, DEFAULT_TEMPLATE, PARTITIONPLAN ) values ('EVENT_E_TEST:((1)):EVENT_E_TEST_ERR:RAW', 'RAW', 'EVENT_E_TEST:((1)):EVENT_E_TEST_ERR', 'EVENT_E_TEST_ERR_RAW', null, 'sgehsmall_raw');
insert into Measurementtable ( MTABLEID, TABLELEVEL, TYPEID, BASETABLENAME, DEFAULT_TEMPLATE, PARTITIONPLAN ) values ('EVENT_E_TEST:((1)):EVENT_E_TEST_SUC:RAW', 'RAW', 'EVENT_E_TEST:((1)):EVENT_E_TEST_SUC', 'EVENT_E_TEST_SUC_RAW', null, 'sgehsmall_raw');
insert into Measurementcolumn ( MTABLEID, DATANAME, COLNUMBER, DATATYPE, DATASIZE, DATASCALE, UNIQUEVALUE, NULLABLE, INDEXES, DESCRIPTION, DATAID, RELEASEID, UNIQUEKEY, INCLUDESQL, COLTYPE, FOLLOWJOHN ) values ('EVENT_E_TEST:((1)):EVENT_E_TEST_MANUF_SUC:1MIN', 'MANUF', 1, 'varchar', 128, 0, 255, 0, '', '', 'MANUF', 'EVENT_E_TEST:((1))', 0, 1, 'KEY', null);
insert into Measurementcolumn ( MTABLEID, DATANAME, COLNUMBER, DATATYPE, DATASIZE, DATASCALE, UNIQUEVALUE, NULLABLE, INDEXES, DESCRIPTION, DATAID, RELEASEID, UNIQUEKEY, INCLUDESQL, COLTYPE, FOLLOWJOHN ) values ('EVENT_E_TEST:((1)):EVENT_E_TEST_MANUF_SUC:1MIN', 'DATE_ID', 2, 'date', 0, 0, 100000000, 0, 'LF', '', 'DATE_ID', 'BASE_TP_EVENTS_100415_3', 0, 1, 'PUBLICKEY', null);
insert into Measurementcolumn ( MTABLEID, DATANAME, COLNUMBER, DATATYPE, DATASIZE, DATASCALE, UNIQUEVALUE, NULLABLE, INDEXES, DESCRIPTION, DATAID, RELEASEID, UNIQUEKEY, INCLUDESQL, COLTYPE, FOLLOWJOHN ) values ('EVENT_E_TEST:((1)):EVENT_E_TEST_IMSI_RANK:15MIN', 'IMSI', 1, 'unsigned bigint', 0, 0, 255, 1, 'HG', '', 'IMSI', 'EVENT_E_TEST:((1))', 0, 0, 'KEY', null);
insert into Measurementcolumn ( MTABLEID, DATANAME, COLNUMBER, DATATYPE, DATASIZE, DATASCALE, UNIQUEVALUE, NULLABLE, INDEXES, DESCRIPTION, DATAID, RELEASEID, UNIQUEKEY, INCLUDESQL, COLTYPE, FOLLOWJOHN ) values ('EVENT_E_TEST:((1)):EVENT_E_TEST_IMSI_RANK:15MIN', 'DATE_ID', 2, 'date', 0, 0, 100000000, 0, 'LF', '', 'DATE_ID', 'BASE_TP_EVENTS_100415_3', 0, 1, 'PUBLICKEY', null);
insert into Measurementcolumn ( MTABLEID, DATANAME, COLNUMBER, DATATYPE, DATASIZE, DATASCALE, UNIQUEVALUE, NULLABLE, INDEXES, DESCRIPTION, DATAID, RELEASEID, UNIQUEKEY, INCLUDESQL, COLTYPE, FOLLOWJOHN ) values ('EVENT_E_TEST:((1)):EVENT_E_TEST_IMSI_RANK:DAY', 'IMSI', 1, 'unsigned bigint', 0, 0, 255, 1, 'HG', '', 'IMSI', 'EVENT_E_TEST:((1))', 0, 0, 'KEY', null);
insert into Measurementcolumn ( MTABLEID, DATANAME, COLNUMBER, DATATYPE, DATASIZE, DATASCALE, UNIQUEVALUE, NULLABLE, INDEXES, DESCRIPTION, DATAID, RELEASEID, UNIQUEKEY, INCLUDESQL, COLTYPE, FOLLOWJOHN ) values ('EVENT_E_TEST:((1)):EVENT_E_TEST_IMSI_RANK:DAY', 'DATE_ID', 2, 'date', 0, 0, 100000000, 0, 'LF', '', 'DATE_ID', 'BASE_TP_EVENTS_100415_3', 0, 1, 'PUBLICKEY', null);
insert into Measurementcolumn ( MTABLEID, DATANAME, COLNUMBER, DATATYPE, DATASIZE, DATASCALE, UNIQUEVALUE, NULLABLE, INDEXES, DESCRIPTION, DATAID, RELEASEID, UNIQUEKEY, INCLUDESQL, COLTYPE, FOLLOWJOHN ) values ('EVENT_E_TEST:((1)):EVENT_E_TEST_MANUF_ERR:1MIN', 'MANUF', 1, 'varchar', 128, 0, 255, 0, '', '', 'MANUF', 'EVENT_E_TEST:((1))', 0, 1, 'KEY', null);
insert into Measurementcolumn ( MTABLEID, DATANAME, COLNUMBER, DATATYPE, DATASIZE, DATASCALE, UNIQUEVALUE, NULLABLE, INDEXES, DESCRIPTION, DATAID, RELEASEID, UNIQUEKEY, INCLUDESQL, COLTYPE, FOLLOWJOHN ) values ('EVENT_E_TEST:((1)):EVENT_E_TEST_MANUF_ERR:1MIN', 'DATE_ID', 2, 'date', 0, 0, 100000000, 0, 'LF', '', 'DATE_ID', 'BASE_TP_EVENTS_100415_3', 0, 1, 'PUBLICKEY', null);
insert into Measurementcolumn ( MTABLEID, DATANAME, COLNUMBER, DATATYPE, DATASIZE, DATASCALE, UNIQUEVALUE, NULLABLE, INDEXES, DESCRIPTION, DATAID, RELEASEID, UNIQUEKEY, INCLUDESQL, COLTYPE, FOLLOWJOHN ) values ('EVENT_E_TEST:((1)):EVENT_E_TEST_ERR:RAW', 'APN', 1, 'varchar', 127, 0, 255, 0, 'HG', '', 'APN', 'EVENT_E_TEST:((1))', 0, 1, 'KEY', null);
insert into Measurementcolumn ( MTABLEID, DATANAME, COLNUMBER, DATATYPE, DATASIZE, DATASCALE, UNIQUEVALUE, NULLABLE, INDEXES, DESCRIPTION, DATAID, RELEASEID, UNIQUEKEY, INCLUDESQL, COLTYPE, FOLLOWJOHN ) values ('EVENT_E_TEST:((1)):EVENT_E_TEST_ERR:RAW', 'EVENT_SOURCE_NAME', 2, 'varchar', 128, 0, 64000, 1, 'HG', '', 'EVENT_SOURCE_NAME', 'BASE_TP_EVENTS_100415_3', 0, 1, 'PUBLICKEY', null);
insert into Measurementcolumn ( MTABLEID, DATANAME, COLNUMBER, DATATYPE, DATASIZE, DATASCALE, UNIQUEVALUE, NULLABLE, INDEXES, DESCRIPTION, DATAID, RELEASEID, UNIQUEKEY, INCLUDESQL, COLTYPE, FOLLOWJOHN ) values ('EVENT_E_TEST:((1)):EVENT_E_TEST_SUC:RAW', 'APN', 1, 'varchar', 127, 0, 255, 0, 'HG', '', 'APN', 'EVENT_E_TEST:((1))', 0, 1, 'KEY', null);
insert into Measurementcolumn ( MTABLEID, DATANAME, COLNUMBER, DATATYPE, DATASIZE, DATASCALE, UNIQUEVALUE, NULLABLE, INDEXES, DESCRIPTION, DATAID, RELEASEID, UNIQUEKEY, INCLUDESQL, COLTYPE, FOLLOWJOHN ) values ('EVENT_E_TEST:((1)):EVENT_E_TEST_SUC:RAW', 'EVENT_SOURCE_NAME', 2, 'varchar', 128, 0, 64000, 1, 'HG', '', 'EVENT_SOURCE_NAME', 'BASE_TP_EVENTS_100415_3', 0, 1, 'PUBLICKEY', null);
insert into Universeclass ( VERSIONID, CLASSNAME, UNIVERSEEXTENSION, DESCRIPTION, PARENT, OBJ_BH_REL, ELEM_BH_REL, INHERITANCE, ORDERNRO ) values ('EVENT_E_TEST:((1))', 'EVENT_E_TEST_ERR_Keys', 'ALL', 'Keys for EVENT_E_TEST_ERR', 'EVENT_E_TEST_ERR', 0, 0, 0, 9223372036854775807.000000);
insert into Universeclass ( VERSIONID, CLASSNAME, UNIVERSEEXTENSION, DESCRIPTION, PARENT, OBJ_BH_REL, ELEM_BH_REL, INHERITANCE, ORDERNRO ) values ('EVENT_E_TEST:((1))', 'EVENT_E_TEST_IMSI_RANK_Keys', 'ALL', 'Keys for EVENT_E_TEST_IMSI_RANK', 'EVENT_E_TEST_IMSI_RANK', 0, 0, 0, 9223372036854775807.000000);
insert into Universeclass ( VERSIONID, CLASSNAME, UNIVERSEEXTENSION, DESCRIPTION, PARENT, OBJ_BH_REL, ELEM_BH_REL, INHERITANCE, ORDERNRO ) values ('EVENT_E_TEST:((1))', 'EVENT_E_TEST_MANUF_ERR_Keys', 'ALL', 'Keys for EVENT_E_TEST_MANUF_ERR', 'EVENT_E_TEST_MANUF_ERR', 0, 0, 0, 9223372036854775807.000000);
insert into Universeclass ( VERSIONID, CLASSNAME, UNIVERSEEXTENSION, DESCRIPTION, PARENT, OBJ_BH_REL, ELEM_BH_REL, INHERITANCE, ORDERNRO ) values ('EVENT_E_TEST:((1))', 'EVENT_E_TEST_MANUF_SUC_Keys', 'ALL', 'Keys for EVENT_E_TEST_MANUF_SUC', 'EVENT_E_TEST_MANUF_SUC', 0, 0, 0, 9223372036854775807.000000);
insert into Universeclass ( VERSIONID, CLASSNAME, UNIVERSEEXTENSION, DESCRIPTION, PARENT, OBJ_BH_REL, ELEM_BH_REL, INHERITANCE, ORDERNRO ) values ('EVENT_E_TEST:((1))', 'EVENT_E_TEST_SUC_Keys', 'ALL', 'Keys for EVENT_E_TEST_SUC', 'EVENT_E_TEST_SUC', 0, 0, 0, 9223372036854775807.000000);
insert into Transformer ( TRANSFORMERID, VERSIONID, DESCRIPTION, TYPE ) values ('EVENT_E_TEST:((1)):ALL:mz', 'EVENT_E_TEST:((1))', '', 'ALL');
insert into Transformer ( TRANSFORMERID, VERSIONID, DESCRIPTION, TYPE ) values ('EVENT_E_TEST:((1)):EVENT_E_TEST_IMSI_RANK:mz', 'EVENT_E_TEST:((1))', '', 'SPECIFIC');
insert into Transformer ( TRANSFORMERID, VERSIONID, DESCRIPTION, TYPE ) values ('EVENT_E_TEST:((1)):EVENT_E_TEST_ERR:mz', 'EVENT_E_TEST:((1))', '', 'SPECIFIC');
insert into Transformer ( TRANSFORMERID, VERSIONID, DESCRIPTION, TYPE ) values ('EVENT_E_TEST:((1)):EVENT_E_TEST_SUC:mz', 'EVENT_E_TEST:((1))', '', 'SPECIFIC');
insert into Dataformat ( DATAFORMATID, TYPEID, VERSIONID, OBJECTTYPE, FOLDERNAME, DATAFORMATTYPE ) values ('EVENT_E_TEST:((1)):EVENT_E_TEST_IMSI_RANK:mz', 'EVENT_E_TEST:((1)):EVENT_E_TEST_IMSI_RANK', 'EVENT_E_TEST:((1))', 'Measurement', 'EVENT_E_TEST_IMSI_RANK', 'mz');
insert into Dataformat ( DATAFORMATID, TYPEID, VERSIONID, OBJECTTYPE, FOLDERNAME, DATAFORMATTYPE ) values ('EVENT_E_TEST:((1)):EVENT_E_TEST_ERR:mz', 'EVENT_E_TEST:((1)):EVENT_E_TEST_ERR', 'EVENT_E_TEST:((1))', 'Measurement', 'EVENT_E_TEST_ERR', 'mz');
insert into Dataformat ( DATAFORMATID, TYPEID, VERSIONID, OBJECTTYPE, FOLDERNAME, DATAFORMATTYPE ) values ('EVENT_E_TEST:((1)):EVENT_E_TEST_SUC:mz', 'EVENT_E_TEST:((1)):EVENT_E_TEST_SUC', 'EVENT_E_TEST:((1))', 'Measurement', 'EVENT_E_TEST_SUC', 'mz');
insert into Dataitem ( DATAFORMATID, DATANAME, COLNUMBER, DATAID, PROCESS_INSTRUCTION, DATATYPE, DATASIZE, DATASCALE ) values ('EVENT_E_TEST:((1)):EVENT_E_TEST_ERR:mz', 'APN', 1, 'APN', 'key', null, null, null);
insert into Dataitem ( DATAFORMATID, DATANAME, COLNUMBER, DATAID, PROCESS_INSTRUCTION, DATATYPE, DATASIZE, DATASCALE ) values ('EVENT_E_TEST:((1)):EVENT_E_TEST_ERR:mz', 'EVENT_SOURCE_NAME', 2, 'EVENT_SOURCE_NAME', '', null, null, null);
insert into Dataitem ( DATAFORMATID, DATANAME, COLNUMBER, DATAID, PROCESS_INSTRUCTION, DATATYPE, DATASIZE, DATASCALE ) values ('EVENT_E_TEST:((1)):EVENT_E_TEST_SUC:mz', 'APN', 1, 'APN', 'key', null, null, null);
insert into Dataitem ( DATAFORMATID, DATANAME, COLNUMBER, DATAID, PROCESS_INSTRUCTION, DATATYPE, DATASIZE, DATASCALE ) values ('EVENT_E_TEST:((1)):EVENT_E_TEST_SUC:mz', 'EVENT_SOURCE_NAME', 2, 'EVENT_SOURCE_NAME', '', null, null, null);
insert into Universename ( VERSIONID, UNIVERSENAME, UNIVERSEEXTENSION, ORDERNRO, UNIVERSEEXTENSIONNAME ) values ('EVENT_E_TEST:((1))', '', '', null, '');
insert into DWHColumn ( STORAGEID, DATANAME, COLNUMBER, DATATYPE, DATASIZE, DATASCALE, UNIQUEVALUE, NULLABLE, INDEXES, UNIQUEKEY, STATUS, INCLUDESQL ) values ('EVENT_E_TEST_MANUF_SUC:1MIN', 'MANUF', 1, 'varchar', 128, 0, 255, 0, '', 0, 'ENABLED', 1);
insert into DWHColumn ( STORAGEID, DATANAME, COLNUMBER, DATATYPE, DATASIZE, DATASCALE, UNIQUEVALUE, NULLABLE, INDEXES, UNIQUEKEY, STATUS, INCLUDESQL ) values ('EVENT_E_TEST_MANUF_SUC:1MIN', 'DATE_ID', 2, 'date', 0, 0, 100000000, 0, 'LF', 0, 'ENABLED', 1);
insert into DWHColumn ( STORAGEID, DATANAME, COLNUMBER, DATATYPE, DATASIZE, DATASCALE, UNIQUEVALUE, NULLABLE, INDEXES, UNIQUEKEY, STATUS, INCLUDESQL ) values ('EVENT_E_TEST_MANUF_ERR:1MIN', 'MANUF', 1, 'varchar', 128, 0, 255, 0, '', 0, 'ENABLED', 1);
insert into DWHColumn ( STORAGEID, DATANAME, COLNUMBER, DATATYPE, DATASIZE, DATASCALE, UNIQUEVALUE, NULLABLE, INDEXES, UNIQUEKEY, STATUS, INCLUDESQL ) values ('EVENT_E_TEST_MANUF_ERR:1MIN', 'DATE_ID', 2, 'date', 0, 0, 100000000, 0, 'LF', 0, 'ENABLED', 1);
insert into DWHColumn ( STORAGEID, DATANAME, COLNUMBER, DATATYPE, DATASIZE, DATASCALE, UNIQUEVALUE, NULLABLE, INDEXES, UNIQUEKEY, STATUS, INCLUDESQL ) values ('EVENT_E_TEST_ERR:RAW', 'APN', 1, 'varchar', 127, 0, 255, 0, 'HG', 0, 'ENABLED', 1);
insert into DWHColumn ( STORAGEID, DATANAME, COLNUMBER, DATATYPE, DATASIZE, DATASCALE, UNIQUEVALUE, NULLABLE, INDEXES, UNIQUEKEY, STATUS, INCLUDESQL ) values ('EVENT_E_TEST_ERR:RAW', 'EVENT_SOURCE_NAME', 2, 'varchar', 128, 0, 64000, 1, 'HG', 0, 'ENABLED', 1);
insert into DWHColumn ( STORAGEID, DATANAME, COLNUMBER, DATATYPE, DATASIZE, DATASCALE, UNIQUEVALUE, NULLABLE, INDEXES, UNIQUEKEY, STATUS, INCLUDESQL ) values ('EVENT_E_TEST_SUC:RAW', 'APN', 1, 'varchar', 127, 0, 255, 0, 'HG', 0, 'ENABLED', 1);
insert into DWHColumn ( STORAGEID, DATANAME, COLNUMBER, DATATYPE, DATASIZE, DATASCALE, UNIQUEVALUE, NULLABLE, INDEXES, UNIQUEKEY, STATUS, INCLUDESQL ) values ('EVENT_E_TEST_SUC:RAW', 'EVENT_SOURCE_NAME', 2, 'varchar', 128, 0, 64000, 1, 'HG', 0, 'ENABLED', 1);
insert into DWHColumn ( STORAGEID, DATANAME, COLNUMBER, DATATYPE, DATASIZE, DATASCALE, UNIQUEVALUE, NULLABLE, INDEXES, UNIQUEKEY, STATUS, INCLUDESQL ) values ('EVENT_E_TEST_IMSI_RANK:DAY', 'IMSI', 1, 'unsigned bigint', 0, 0, 255, 1, 'HG', 0, 'ENABLED', 0);
insert into DWHColumn ( STORAGEID, DATANAME, COLNUMBER, DATATYPE, DATASIZE, DATASCALE, UNIQUEVALUE, NULLABLE, INDEXES, UNIQUEKEY, STATUS, INCLUDESQL ) values ('EVENT_E_TEST_IMSI_RANK:DAY', 'DATE_ID', 2, 'date', 0, 0, 100000000, 0, 'LF', 0, 'ENABLED', 1);
insert into DWHColumn ( STORAGEID, DATANAME, COLNUMBER, DATATYPE, DATASIZE, DATASCALE, UNIQUEVALUE, NULLABLE, INDEXES, UNIQUEKEY, STATUS, INCLUDESQL ) values ('EVENT_E_TEST_IMSI_RANK:15MIN', 'IMSI', 1, 'unsigned bigint', 0, 0, 255, 1, 'HG', 0, 'ENABLED', 0);
insert into DWHColumn ( STORAGEID, DATANAME, COLNUMBER, DATATYPE, DATASIZE, DATASCALE, UNIQUEVALUE, NULLABLE, INDEXES, UNIQUEKEY, STATUS, INCLUDESQL ) values ('EVENT_E_TEST_IMSI_RANK:15MIN', 'DATE_ID', 2, 'date', 0, 0, 100000000, 0, 'LF', 0, 'ENABLED', 1);
insert into DWHColumn ( STORAGEID, DATANAME, COLNUMBER, DATATYPE, DATASIZE, DATASCALE, UNIQUEVALUE, NULLABLE, INDEXES, UNIQUEKEY, STATUS, INCLUDESQL ) values ('EVENT_E_TEST_ERR_DUBCHECK:PLAIN', 'TABLENAME', 1, 'varchar', 255, 0, 64, 0, 'HG', 1, 'ENABLED', 0);
insert into DWHColumn ( STORAGEID, DATANAME, COLNUMBER, DATATYPE, DATASIZE, DATASCALE, UNIQUEVALUE, NULLABLE, INDEXES, UNIQUEKEY, STATUS, INCLUDESQL ) values ('EVENT_E_TEST_ERR_DUBCHECK:PLAIN', 'FILENAME', 2, 'varchar', 255, 0, 16777216, 0, 'HG', 1, 'ENABLED', 0);
insert into DWHColumn ( STORAGEID, DATANAME, COLNUMBER, DATATYPE, DATASIZE, DATASCALE, UNIQUEVALUE, NULLABLE, INDEXES, UNIQUEKEY, STATUS, INCLUDESQL ) values ('EVENT_E_TEST_SUC_DUBCHECK:PLAIN', 'TABLENAME', 1, 'varchar', 255, 0, 64, 0, 'HG', 1, 'ENABLED', 0);
insert into DWHColumn ( STORAGEID, DATANAME, COLNUMBER, DATATYPE, DATASIZE, DATASCALE, UNIQUEVALUE, NULLABLE, INDEXES, UNIQUEKEY, STATUS, INCLUDESQL ) values ('EVENT_E_TEST_SUC_DUBCHECK:PLAIN', 'FILENAME', 2, 'varchar', 255, 0, 16777216, 0, 'HG', 1, 'ENABLED', 0);
insert into DWHColumn ( STORAGEID, DATANAME, COLNUMBER, DATATYPE, DATASIZE, DATASCALE, UNIQUEVALUE, NULLABLE, INDEXES, UNIQUEKEY, STATUS, INCLUDESQL ) values ('EVENT_E_TEST_GROUP_TYPE_E_APN:PLAIN', 'GROUP_NAME', 1, 'varchar', 64, 0, 255, 0, 'HG', 255, 'ENABLED', 0);
insert into DWHColumn ( STORAGEID, DATANAME, COLNUMBER, DATATYPE, DATASIZE, DATASCALE, UNIQUEVALUE, NULLABLE, INDEXES, UNIQUEKEY, STATUS, INCLUDESQL ) values ('EVENT_E_TEST_GROUP_TYPE_E_APN:PLAIN', 'START_TIME', 2, 'datetime', 0, 0, 255, 1, 'HG', 255, 'ENABLED', 0);
insert into DWHColumn ( STORAGEID, DATANAME, COLNUMBER, DATATYPE, DATASIZE, DATASCALE, UNIQUEVALUE, NULLABLE, INDEXES, UNIQUEKEY, STATUS, INCLUDESQL ) values ('EVENT_E_TEST_GROUP_TYPE_E_APN:PLAIN', 'STOP_TIME', 3, 'datetime', 0, 0, 255, 1, 'HG', 255, 'ENABLED', 0);
insert into DWHColumn ( STORAGEID, DATANAME, COLNUMBER, DATATYPE, DATASIZE, DATASCALE, UNIQUEVALUE, NULLABLE, INDEXES, UNIQUEKEY, STATUS, INCLUDESQL ) values ('EVENT_E_TEST_GROUP_TYPE_E_APN:PLAIN', 'APN', 4, 'varchar', 127, 0, 255, 0, 'HG', 255, 'ENABLED', 0);
insert into DWHTechPacks ( TECHPACK_NAME, VERSIONID, CREATIONDATE ) values ('EVENT_E_TEST', 'EVENT_E_TEST:((1))', '2011-05-27 15:02:45.000000');
insert into DWHType ( TECHPACK_NAME, TYPENAME, TABLELEVEL, STORAGEID, PARTITIONSIZE, PARTITIONCOUNT, STATUS, TYPE, OWNER, VIEWTEMPLATE, CREATETEMPLATE, NEXTPARTITIONTIME, BASETABLENAME, DATADATECOLUMN, PUBLICVIEWTEMPLATE, PARTITIONPLAN ) values ('EVENT_E_TEST', 'EVENT_E_TEST_MANUF_SUC', '1MIN', 'EVENT_E_TEST_MANUF_SUC:1MIN', -1, 0, 'ENABLED', 'PARTITIONED', 'dc', 'createeventscalcview.vm', 'createpartition.vm', null, 'EVENT_E_TEST_MANUF_SUC_1MIN', 'DATE_ID', 'createpubliceventscalcview.vm', 'sgehsmall_1min');
insert into DWHType ( TECHPACK_NAME, TYPENAME, TABLELEVEL, STORAGEID, PARTITIONSIZE, PARTITIONCOUNT, STATUS, TYPE, OWNER, VIEWTEMPLATE, CREATETEMPLATE, NEXTPARTITIONTIME, BASETABLENAME, DATADATECOLUMN, PUBLICVIEWTEMPLATE, PARTITIONPLAN ) values ('EVENT_E_TEST', 'EVENT_E_TEST_IMSI_RANK', '15MIN', 'EVENT_E_TEST_IMSI_RANK:15MIN', -1, 0, 'ENABLED', 'PARTITIONED', 'dc', 'createeventscalcview.vm', 'createpartition.vm', null, 'EVENT_E_TEST_IMSI_RANK_15MIN', 'DATE_ID', 'createpubliceventscalcview.vm', 'sgehsmall_15min');
insert into DWHType ( TECHPACK_NAME, TYPENAME, TABLELEVEL, STORAGEID, PARTITIONSIZE, PARTITIONCOUNT, STATUS, TYPE, OWNER, VIEWTEMPLATE, CREATETEMPLATE, NEXTPARTITIONTIME, BASETABLENAME, DATADATECOLUMN, PUBLICVIEWTEMPLATE, PARTITIONPLAN ) values ('EVENT_E_TEST', 'EVENT_E_TEST_IMSI_RANK', 'DAY', 'EVENT_E_TEST_IMSI_RANK:DAY', -1, 0, 'ENABLED', 'PARTITIONED', 'dc', 'createeventscalcview.vm', 'createpartition.vm', null, 'EVENT_E_TEST_IMSI_RANK_DAY', 'DATE_ID', 'createpubliceventscalcview.vm', 'sgehsmall_day');
insert into DWHType ( TECHPACK_NAME, TYPENAME, TABLELEVEL, STORAGEID, PARTITIONSIZE, PARTITIONCOUNT, STATUS, TYPE, OWNER, VIEWTEMPLATE, CREATETEMPLATE, NEXTPARTITIONTIME, BASETABLENAME, DATADATECOLUMN, PUBLICVIEWTEMPLATE, PARTITIONPLAN ) values ('EVENT_E_TEST', 'EVENT_E_TEST_MANUF_ERR', '1MIN', 'EVENT_E_TEST_MANUF_ERR:1MIN', -1, 0, 'ENABLED', 'PARTITIONED', 'dc', 'createeventscalcview.vm', 'createpartition.vm', null, 'EVENT_E_TEST_MANUF_ERR_1MIN', 'DATE_ID', 'createpubliceventscalcview.vm', 'sgehsmall_1min');
insert into DWHType ( TECHPACK_NAME, TYPENAME, TABLELEVEL, STORAGEID, PARTITIONSIZE, PARTITIONCOUNT, STATUS, TYPE, OWNER, VIEWTEMPLATE, CREATETEMPLATE, NEXTPARTITIONTIME, BASETABLENAME, DATADATECOLUMN, PUBLICVIEWTEMPLATE, PARTITIONPLAN ) values ('EVENT_E_TEST', 'EVENT_E_TEST_ERR', 'RAW', 'EVENT_E_TEST_ERR:RAW', -1, 0, 'ENABLED', 'PARTITIONED', 'dc', 'createview.vm', 'createpartition.vm', null, 'EVENT_E_TEST_ERR_RAW', 'DATE_ID', 'createpublicview.vm', 'sgehsmall_raw');
insert into DWHType ( TECHPACK_NAME, TYPENAME, TABLELEVEL, STORAGEID, PARTITIONSIZE, PARTITIONCOUNT, STATUS, TYPE, OWNER, VIEWTEMPLATE, CREATETEMPLATE, NEXTPARTITIONTIME, BASETABLENAME, DATADATECOLUMN, PUBLICVIEWTEMPLATE, PARTITIONPLAN ) values ('EVENT_E_TEST', 'EVENT_E_TEST_ERR_DUBCHECK', 'PLAIN', 'EVENT_E_TEST_ERR_DUBCHECK:PLAIN', -1, 0, 'ENABLED', 'SIMPLE', 'dc', '', 'createpartition.vm', null, 'EVENT_E_TEST_ERR_DUBCHECK', null, 'createpublicviewforsimple.vm', null);
insert into DWHType ( TECHPACK_NAME, TYPENAME, TABLELEVEL, STORAGEID, PARTITIONSIZE, PARTITIONCOUNT, STATUS, TYPE, OWNER, VIEWTEMPLATE, CREATETEMPLATE, NEXTPARTITIONTIME, BASETABLENAME, DATADATECOLUMN, PUBLICVIEWTEMPLATE, PARTITIONPLAN ) values ('EVENT_E_TEST', 'EVENT_E_TEST_SUC', 'RAW', 'EVENT_E_TEST_SUC:RAW', -1, 0, 'ENABLED', 'PARTITIONED', 'dc', 'createview.vm', 'createpartition.vm', null, 'EVENT_E_TEST_SUC_RAW', 'DATE_ID', 'createpublicview.vm', 'sgehsmall_raw');
insert into DWHType ( TECHPACK_NAME, TYPENAME, TABLELEVEL, STORAGEID, PARTITIONSIZE, PARTITIONCOUNT, STATUS, TYPE, OWNER, VIEWTEMPLATE, CREATETEMPLATE, NEXTPARTITIONTIME, BASETABLENAME, DATADATECOLUMN, PUBLICVIEWTEMPLATE, PARTITIONPLAN ) values ('EVENT_E_TEST', 'EVENT_E_TEST_SUC_DUBCHECK', 'PLAIN', 'EVENT_E_TEST_SUC_DUBCHECK:PLAIN', -1, 0, 'ENABLED', 'SIMPLE', 'dc', '', 'createpartition.vm', null, 'EVENT_E_TEST_SUC_DUBCHECK', null, 'createpublicviewforsimple.vm', null);
insert into DWHType ( TECHPACK_NAME, TYPENAME, TABLELEVEL, STORAGEID, PARTITIONSIZE, PARTITIONCOUNT, STATUS, TYPE, OWNER, VIEWTEMPLATE, CREATETEMPLATE, NEXTPARTITIONTIME, BASETABLENAME, DATADATECOLUMN, PUBLICVIEWTEMPLATE, PARTITIONPLAN ) values ('EVENT_E_TEST', 'EVENT_E_TEST_GROUP_TYPE_E_APN', 'PLAIN', 'EVENT_E_TEST_GROUP_TYPE_E_APN:PLAIN', -1, 1, 'ENABLED', 'SIMPLE', 'DC', '', 'createpartition.vm', null, 'GROUP_TYPE_E_APN', null, 'createpublicviewforsimple.vm', null);
insert into Techpackdependency ( VERSIONID, TECHPACKNAME, VERSION ) values ('EVENT_E_TEST:((1))', 'DWH_MONITOR', 'R1B');
truncate table TPActivation;
insert into TPActivation (TECHPACK_NAME, STATUS, VERSIONID, TYPE, MODIFIED) values ('EVENT_E_TEST', 'ACTIVE', 'EVENT_E_TEST:((2))', 'ENIQ_EVENT', 0);