insert into Versioning ( VERSIONID, DESCRIPTION, STATUS, TECHPACK_NAME, TECHPACK_VERSION, TECHPACK_TYPE, PRODUCT_NUMBER, LOCKEDBY, LOCKDATE, BASEDEFINITION, BASEVERSION, INSTALLDESCRIPTION, UNIVERSENAME, UNIVERSEEXTENSION, ENIQ_LEVEL, LICENSENAME ) values ( 'EVENT_E_TEST:((2))', 'Ericsson LTE Events Test Tech Pack', 1, 'EVENT_E_TEST', 'R2A', 'ENIQ_EVENT', 'CXC 173 2096', null, null, 'TP_TEST:TEST_TP_1', null, '', null, null, '11', 'CXC4010933' );
insert into Measurementtypeclass ( TYPECLASSID, VERSIONID, DESCRIPTION ) values ( 'EVENT_E_TEST:((2)):EVENT_E_LTE_DEFAULT', 'EVENT_E_TEST:((2))', 'DEFAULT' );
insert into Measurementtypeclass ( TYPECLASSID, VERSIONID, DESCRIPTION ) values ( 'EVENT_E_TEST:((2)):EVENT_E_TEST_DEFAULT', 'EVENT_E_TEST:((2))', 'DEFAULT' );
insert into Measurementtype ( TYPEID, TYPECLASSID, TYPENAME, VENDORID, FOLDERNAME, DESCRIPTION, STATUS, VERSIONID, OBJECTID, OBJECTNAME, OBJECTVERSION, OBJECTTYPE, JOINABLE, SIZING, TOTALAGG, ELEMENTBHSUPPORT, RANKINGTABLE, DELTACALCSUPPORT, PLAINTABLE, UNIVERSEEXTENSION, VECTORSUPPORT, DATAFORMATSUPPORT, ONEMINAGG, FIFTEENMINAGG, EVENTSCALCTABLE, MIXEDPARTITIONSTABLE, LOADFILE_DUP_CHECK ) values ( 'EVENT_E_TEST:((2)):EVENT_E_TEST_MANUF_SUC', 'EVENT_E_TEST:((2)):EVENT_E_TEST_DEFAULT', 'EVENT_E_TEST_MANUF_SUC', 'EVENT_E_TEST', 'EVENT_E_TEST_MANUF_SUC', '', null, 'EVENT_E_TEST:((2))', 'EVENT_E_TEST:((2)):EVENT_E_TEST_MANUF_SUC', 'EVENT_E_TEST_MANUF_SUC', null, null, '', 'sgehsmall', 0, 0, 0, 0, 0, 'ALL', 0, 0, 1, 0, 1, 0, 0 );
insert into Measurementkey ( TYPEID, DATANAME, DESCRIPTION, ISELEMENT, UNIQUEKEY, COLNUMBER, DATATYPE, DATASIZE, DATASCALE, UNIQUEVALUE, NULLABLE, INDEXES, INCLUDESQL, UNIVOBJECT, JOINABLE, DATAID ) values ( 'EVENT_E_TEST:((2)):EVENT_E_TEST_MANUF_SUC', 'MANUF', '', 0, 0, 1, 'varchar', 128, 0, 255, 0, '', 1, 'MANUF', 0, 'MANUF' );
insert into Measurementtable ( MTABLEID, TABLELEVEL, TYPEID, BASETABLENAME, DEFAULT_TEMPLATE, PARTITIONPLAN ) values ( 'EVENT_E_TEST:((2)):EVENT_E_TEST_MANUF_SUC:1MIN', '1MIN', 'EVENT_E_TEST:((2)):EVENT_E_TEST_MANUF_SUC', 'EVENT_E_TEST_MANUF_SUC_1MIN', null, 'sgehsmall_1min' );
insert into Measurementcolumn ( MTABLEID, DATANAME, COLNUMBER, DATATYPE, DATASIZE, DATASCALE, UNIQUEVALUE, NULLABLE, INDEXES, DESCRIPTION, DATAID, RELEASEID, UNIQUEKEY, INCLUDESQL, COLTYPE ) values ( 'EVENT_E_TEST:((2)):EVENT_E_TEST_MANUF_SUC:1MIN', 'MANUF', 1, 'varchar', 128, 0, 255, 0, '', '', 'MANUF', 'EVENT_E_TEST:((11))', 0, 1, 'KEY' );
insert into Measurementcolumn ( MTABLEID, DATANAME, COLNUMBER, DATATYPE, DATASIZE, DATASCALE, UNIQUEVALUE, NULLABLE, INDEXES, DESCRIPTION, DATAID, RELEASEID, UNIQUEKEY, INCLUDESQL, COLTYPE ) values ( 'EVENT_E_TEST:((2)):EVENT_E_TEST_MANUF_SUC:1MIN', 'DATE_ID', 2, 'date', 0, 0, 100000000, 0, 'LF', '', 'DATE_ID', 'BASE_TP_EVENTS_100415_3', 0, 1, 'PUBLICKEY' );
insert into Measurementtype ( TYPEID, TYPECLASSID, TYPENAME, VENDORID, FOLDERNAME, DESCRIPTION, STATUS, VERSIONID, OBJECTID, OBJECTNAME, OBJECTVERSION, OBJECTTYPE, JOINABLE, SIZING, TOTALAGG, ELEMENTBHSUPPORT, RANKINGTABLE, DELTACALCSUPPORT, PLAINTABLE, UNIVERSEEXTENSION, VECTORSUPPORT, DATAFORMATSUPPORT, ONEMINAGG, FIFTEENMINAGG, EVENTSCALCTABLE, MIXEDPARTITIONSTABLE, LOADFILE_DUP_CHECK ) values ( 'EVENT_E_TEST:((2)):EVENT_E_TEST_IMSI_RANK', 'EVENT_E_TEST:((2)):EVENT_E_TEST_DEFAULT', 'EVENT_E_TEST_IMSI_RANK', 'EVENT_E_TEST', 'EVENT_E_TEST_IMSI_RANK', '', null, 'EVENT_E_TEST:((2))', 'EVENT_E_TEST:((2)):EVENT_E_TEST_IMSI_RANK', 'EVENT_E_TEST_IMSI_RANK', null, null, '', 'sgehsmall', 1, 0, 0, 0, 0, 'ALL', 0, 1, null, 1, 1, 0, null );
insert into Measurementkey ( TYPEID, DATANAME, DESCRIPTION, ISELEMENT, UNIQUEKEY, COLNUMBER, DATATYPE, DATASIZE, DATASCALE, UNIQUEVALUE, NULLABLE, INDEXES, INCLUDESQL, UNIVOBJECT, JOINABLE, DATAID ) values ( 'EVENT_E_TEST:((2)):EVENT_E_TEST_IMSI_RANK', 'IMSI', '', 0, 0, 1, 'unsigned bigint', 0, 0, 255, 1, 'HG', 0, 'IMSI', 0, 'IMSI' );
insert into Measurementtable ( MTABLEID, TABLELEVEL, TYPEID, BASETABLENAME, DEFAULT_TEMPLATE, PARTITIONPLAN ) values ( 'EVENT_E_TEST:((2)):EVENT_E_TEST_IMSI_RANK:15MIN', '15MIN', 'EVENT_E_TEST:((2)):EVENT_E_TEST_IMSI_RANK', 'EVENT_E_TEST_IMSI_RANK_15MIN', null, 'sgehsmall_15min' );
insert into Measurementcolumn ( MTABLEID, DATANAME, COLNUMBER, DATATYPE, DATASIZE, DATASCALE, UNIQUEVALUE, NULLABLE, INDEXES, DESCRIPTION, DATAID, RELEASEID, UNIQUEKEY, INCLUDESQL, COLTYPE ) values ( 'EVENT_E_TEST:((2)):EVENT_E_TEST_IMSI_RANK:15MIN', 'IMSI', 1, 'unsigned bigint', 0, 0, 255, 1, 'HG', '', 'IMSI', 'EVENT_E_TEST:((2))', 0, 0, 'KEY' );
insert into Measurementcolumn ( MTABLEID, DATANAME, COLNUMBER, DATATYPE, DATASIZE, DATASCALE, UNIQUEVALUE, NULLABLE, INDEXES, DESCRIPTION, DATAID, RELEASEID, UNIQUEKEY, INCLUDESQL, COLTYPE ) values ( 'EVENT_E_TEST:((2)):EVENT_E_TEST_IMSI_RANK:15MIN', 'DATE_ID', 2, 'date', 0, 0, 100000000, 0, 'LF', '', 'DATE_ID', 'BASE_TP_EVENTS_100415_3', 0, 1, 'PUBLICKEY' );
insert into Measurementtable ( MTABLEID, TABLELEVEL, TYPEID, BASETABLENAME, DEFAULT_TEMPLATE, PARTITIONPLAN ) values ( 'EVENT_E_TEST:((2)):EVENT_E_TEST_IMSI_RANK:DAY', 'DAY', 'EVENT_E_TEST:((2)):EVENT_E_TEST_IMSI_RANK', 'EVENT_E_TEST_IMSI_RANK_DAY', null, 'sgehsmall_day' );
insert into Measurementcolumn ( MTABLEID, DATANAME, COLNUMBER, DATATYPE, DATASIZE, DATASCALE, UNIQUEVALUE, NULLABLE, INDEXES, DESCRIPTION, DATAID, RELEASEID, UNIQUEKEY, INCLUDESQL, COLTYPE ) values ( 'EVENT_E_TEST:((2)):EVENT_E_TEST_IMSI_RANK:DAY', 'IMSI', 1, 'unsigned bigint', 0, 0, 255, 1, 'HG', '', 'IMSI', 'EVENT_E_TEST:((2))', 0, 0, 'KEY' );
insert into Measurementcolumn ( MTABLEID, DATANAME, COLNUMBER, DATATYPE, DATASIZE, DATASCALE, UNIQUEVALUE, NULLABLE, INDEXES, DESCRIPTION, DATAID, RELEASEID, UNIQUEKEY, INCLUDESQL, COLTYPE ) values ( 'EVENT_E_TEST:((2)):EVENT_E_TEST_IMSI_RANK:DAY', 'DATE_ID', 2, 'date', 0, 0, 100000000, 0, 'LF', '', 'DATE_ID', 'BASE_TP_EVENTS_100415_3', 0, 1, 'PUBLICKEY' );
insert into Measurementtype ( TYPEID, TYPECLASSID, TYPENAME, VENDORID, FOLDERNAME, DESCRIPTION, STATUS, VERSIONID, OBJECTID, OBJECTNAME, OBJECTVERSION, OBJECTTYPE, JOINABLE, SIZING, TOTALAGG, ELEMENTBHSUPPORT, RANKINGTABLE, DELTACALCSUPPORT, PLAINTABLE, UNIVERSEEXTENSION, VECTORSUPPORT, DATAFORMATSUPPORT, ONEMINAGG, FIFTEENMINAGG, EVENTSCALCTABLE, MIXEDPARTITIONSTABLE, LOADFILE_DUP_CHECK ) values ( 'EVENT_E_TEST:((2)):EVENT_E_TEST_MANUF_ERR', 'EVENT_E_TEST:((2)):EVENT_E_TEST_DEFAULT', 'EVENT_E_TEST_MANUF_ERR', 'EVENT_E_TEST', 'EVENT_E_TEST_MANUF_ERR', '', null, 'EVENT_E_TEST:((2))', 'EVENT_E_TEST:((2)):EVENT_E_TEST_MANUF_ERR', 'EVENT_E_TEST_MANUF_ERR', null, null, '', 'sgehsmall', 0, 0, 0, 0, 0, 'ALL', 0, 0, 1, null, 1, 0, null );
insert into Measurementkey ( TYPEID, DATANAME, DESCRIPTION, ISELEMENT, UNIQUEKEY, COLNUMBER, DATATYPE, DATASIZE, DATASCALE, UNIQUEVALUE, NULLABLE, INDEXES, INCLUDESQL, UNIVOBJECT, JOINABLE, DATAID ) values ( 'EVENT_E_TEST:((2)):EVENT_E_TEST_MANUF_ERR', 'MANUF', '', 0, 0, 1, 'varchar', 128, 0, 255, 0, '', 1, 'MANUF', 0, 'MANUF' );
insert into Measurementtable ( MTABLEID, TABLELEVEL, TYPEID, BASETABLENAME, DEFAULT_TEMPLATE, PARTITIONPLAN ) values ( 'EVENT_E_TEST:((2)):EVENT_E_TEST_MANUF_ERR:1MIN', '1MIN', 'EVENT_E_TEST:((2)):EVENT_E_TEST_MANUF_ERR', 'EVENT_E_TEST_MANUF_ERR_1MIN', null, 'sgehsmall_1min' );
insert into Measurementcolumn ( MTABLEID, DATANAME, COLNUMBER, DATATYPE, DATASIZE, DATASCALE, UNIQUEVALUE, NULLABLE, INDEXES, DESCRIPTION, DATAID, RELEASEID, UNIQUEKEY, INCLUDESQL, COLTYPE ) values ( 'EVENT_E_TEST:((2)):EVENT_E_TEST_MANUF_ERR:1MIN', 'MANUF', 1, 'varchar', 128, 0, 255, 0, '', '', 'MANUF', 'EVENT_E_TEST:((11))', 0, 1, 'KEY' );
insert into Measurementcolumn ( MTABLEID, DATANAME, COLNUMBER, DATATYPE, DATASIZE, DATASCALE, UNIQUEVALUE, NULLABLE, INDEXES, DESCRIPTION, DATAID, RELEASEID, UNIQUEKEY, INCLUDESQL, COLTYPE ) values ( 'EVENT_E_TEST:((2)):EVENT_E_TEST_MANUF_ERR:1MIN', 'DATE_ID', 2, 'date', 0, 0, 100000000, 0, 'LF', '', 'DATE_ID', 'BASE_TP_EVENTS_100415_3', 0, 1, 'PUBLICKEY' );
insert into Measurementtype ( TYPEID, TYPECLASSID, TYPENAME, VENDORID, FOLDERNAME, DESCRIPTION, STATUS, VERSIONID, OBJECTID, OBJECTNAME, OBJECTVERSION, OBJECTTYPE, JOINABLE, SIZING, TOTALAGG, ELEMENTBHSUPPORT, RANKINGTABLE, DELTACALCSUPPORT, PLAINTABLE, UNIVERSEEXTENSION, VECTORSUPPORT, DATAFORMATSUPPORT, ONEMINAGG, FIFTEENMINAGG, EVENTSCALCTABLE, MIXEDPARTITIONSTABLE, LOADFILE_DUP_CHECK ) values ( 'EVENT_E_TEST:((2)):EVENT_E_TEST_ERR', 'EVENT_E_TEST:((2)):EVENT_E_TEST_DEFAULT', 'EVENT_E_TEST_ERR', 'EVENT_E_TEST', 'EVENT_E_TEST_ERR', '', null, 'EVENT_E_TEST:((2))', 'EVENT_E_TEST:((2)):EVENT_E_TEST_ERR', 'EVENT_E_TEST_ERR', null, null, '', 'sgehsmall', 0, 0, 0, 0, 0, 'ALL', 0, 1, 0, 0, 0, 0, 1 );
insert into Measurementkey ( TYPEID, DATANAME, DESCRIPTION, ISELEMENT, UNIQUEKEY, COLNUMBER, DATATYPE, DATASIZE, DATASCALE, UNIQUEVALUE, NULLABLE, INDEXES, INCLUDESQL, UNIVOBJECT, JOINABLE, DATAID ) values ( 'EVENT_E_TEST:((2)):EVENT_E_TEST_ERR', 'APN', '', 0, 1, 1, 'varchar', 256, 0, 255, 0, 'HG', 1, 'APN', 0, 'APN' );
insert into Measurementtable ( MTABLEID, TABLELEVEL, TYPEID, BASETABLENAME, DEFAULT_TEMPLATE, PARTITIONPLAN ) values ( 'EVENT_E_TEST:((2)):EVENT_E_TEST_ERR:RAW', 'RAW', 'EVENT_E_TEST:((2)):EVENT_E_TEST_ERR', 'EVENT_E_TEST_ERR_RAW', null, 'sgehsmall_raw' );
insert into Measurementcolumn ( MTABLEID, DATANAME, COLNUMBER, DATATYPE, DATASIZE, DATASCALE, UNIQUEVALUE, NULLABLE, INDEXES, DESCRIPTION, DATAID, RELEASEID, UNIQUEKEY, INCLUDESQL, COLTYPE ) values ( 'EVENT_E_TEST:((2)):EVENT_E_TEST_ERR:RAW', 'APN', 1, 'varchar', 256, 0, 255, 0, 'HG', '', 'APN', 'EVENT_E_TEST:((2))', 1, 1, 'KEY' );
insert into Measurementcolumn ( MTABLEID, DATANAME, COLNUMBER, DATATYPE, DATASIZE, DATASCALE, UNIQUEVALUE, NULLABLE, INDEXES, DESCRIPTION, DATAID, RELEASEID, UNIQUEKEY, INCLUDESQL, COLTYPE ) values ( 'EVENT_E_TEST:((2)):EVENT_E_TEST_ERR:RAW', 'EVENT_SOURCE_NAME', 2, 'varchar', 128, 0, 64000, 1, 'HG', '', 'EVENT_SOURCE_NAME', 'BASE_TP_EVENTS_100415_3', 0, 1, 'PUBLICKEY' );
insert into Measurementtype ( TYPEID, TYPECLASSID, TYPENAME, VENDORID, FOLDERNAME, DESCRIPTION, STATUS, VERSIONID, OBJECTID, OBJECTNAME, OBJECTVERSION, OBJECTTYPE, JOINABLE, SIZING, TOTALAGG, ELEMENTBHSUPPORT, RANKINGTABLE, DELTACALCSUPPORT, PLAINTABLE, UNIVERSEEXTENSION, VECTORSUPPORT, DATAFORMATSUPPORT, ONEMINAGG, FIFTEENMINAGG, EVENTSCALCTABLE, MIXEDPARTITIONSTABLE, LOADFILE_DUP_CHECK ) values ( 'EVENT_E_TEST:((2)):EVENT_E_TEST_SUC', 'EVENT_E_TEST:((2)):EVENT_E_TEST_DEFAULT', 'EVENT_E_TEST_SUC', 'EVENT_E_TEST', 'EVENT_E_TEST_SUC', '', null, 'EVENT_E_TEST:((2))', 'EVENT_E_TEST:((2)):EVENT_E_TEST_SUC', 'EVENT_E_TEST_SUC', null, null, '', 'sgehsmall', 0, 0, 0, 0, 0, 'ALL', null, 1, null, null, null, null, 1 );
insert into Measurementkey ( TYPEID, DATANAME, DESCRIPTION, ISELEMENT, UNIQUEKEY, COLNUMBER, DATATYPE, DATASIZE, DATASCALE, UNIQUEVALUE, NULLABLE, INDEXES, INCLUDESQL, UNIVOBJECT, JOINABLE, DATAID ) values ( 'EVENT_E_TEST:((2)):EVENT_E_TEST_SUC', 'APN', '', 0, 1, 1, 'varchar', 256, 0, 255, 0, 'HG', 1, 'APN', 0, 'APN' );
insert into Measurementtable ( MTABLEID, TABLELEVEL, TYPEID, BASETABLENAME, DEFAULT_TEMPLATE, PARTITIONPLAN ) values ( 'EVENT_E_TEST:((2)):EVENT_E_TEST_SUC:RAW', 'RAW', 'EVENT_E_TEST:((2)):EVENT_E_TEST_SUC', 'EVENT_E_TEST_SUC_RAW', null, 'sgehsmall_raw' );
insert into Measurementcolumn ( MTABLEID, DATANAME, COLNUMBER, DATATYPE, DATASIZE, DATASCALE, UNIQUEVALUE, NULLABLE, INDEXES, DESCRIPTION, DATAID, RELEASEID, UNIQUEKEY, INCLUDESQL, COLTYPE ) values ( 'EVENT_E_TEST:((2)):EVENT_E_TEST_SUC:RAW', 'APN', 1, 'varchar', 256, 0, 255, 0, 'HG', '', 'APN', 'EVENT_E_TEST:((2))', 1, 1, 'KEY' );
insert into Measurementcolumn ( MTABLEID, DATANAME, COLNUMBER, DATATYPE, DATASIZE, DATASCALE, UNIQUEVALUE, NULLABLE, INDEXES, DESCRIPTION, DATAID, RELEASEID, UNIQUEKEY, INCLUDESQL, COLTYPE ) values ( 'EVENT_E_TEST:((2)):EVENT_E_TEST_SUC:RAW', 'EVENT_SOURCE_NAME', 2, 'varchar', 128, 0, 64000, 1, 'HG', '', 'EVENT_SOURCE_NAME', 'BASE_TP_EVENTS_100415_3', 0, 1, 'PUBLICKEY' );
insert into Measurementtype ( TYPEID, TYPECLASSID, TYPENAME, VENDORID, FOLDERNAME, DESCRIPTION, STATUS, VERSIONID, OBJECTID, OBJECTNAME, OBJECTVERSION, OBJECTTYPE, JOINABLE, SIZING, TOTALAGG, ELEMENTBHSUPPORT, RANKINGTABLE, DELTACALCSUPPORT, PLAINTABLE, UNIVERSEEXTENSION, VECTORSUPPORT, DATAFORMATSUPPORT, ONEMINAGG, FIFTEENMINAGG, EVENTSCALCTABLE, MIXEDPARTITIONSTABLE, LOADFILE_DUP_CHECK ) values ( 'EVENT_E_TEST:((2)):EVENT_E_TEST_APN_RANK', 'EVENT_E_TEST:((2)):EVENT_E_TEST_DEFAULT', 'EVENT_E_TEST_APN_RANK', 'EVENT_E_TEST', 'EVENT_E_TEST_APN_RANK', '', null, 'EVENT_E_TEST:((2))', 'EVENT_E_TEST:((2)):EVENT_E_TEST_APN_RANK', 'EVENT_E_TEST_APN_RANK', null, null, '', 'sgehsmall', 1, 0, 0, 0, 0, 'ALL', 0, 1, 0, 1, 1, 0, 0 );
insert into Measurementkey ( TYPEID, DATANAME, DESCRIPTION, ISELEMENT, UNIQUEKEY, COLNUMBER, DATATYPE, DATASIZE, DATASCALE, UNIQUEVALUE, NULLABLE, INDEXES, INCLUDESQL, UNIVOBJECT, JOINABLE, DATAID ) values ( 'EVENT_E_TEST:((2)):EVENT_E_TEST_APN_RANK', 'APN', '', 0, 0, 1, 'varchar', 16, 0, 255, 0, '', 0, 'APN', 0, 'IMSI' );
insert into Measurementtable ( MTABLEID, TABLELEVEL, TYPEID, BASETABLENAME, DEFAULT_TEMPLATE, PARTITIONPLAN ) values ( 'EVENT_E_TEST:((2)):EVENT_E_TEST_APN_RANK:15MIN', '15MIN', 'EVENT_E_TEST:((2)):EVENT_E_TEST_APN_RANK', 'EVENT_E_TEST_APN_RANK_15MIN', null, 'sgehsmall_15min' );
insert into Measurementcolumn ( MTABLEID, DATANAME, COLNUMBER, DATATYPE, DATASIZE, DATASCALE, UNIQUEVALUE, NULLABLE, INDEXES, DESCRIPTION, DATAID, RELEASEID, UNIQUEKEY, INCLUDESQL, COLTYPE ) values ( 'EVENT_E_TEST:((2)):EVENT_E_TEST_APN_RANK:15MIN', 'APN', 1, 'varchar', 16, 0, 255, 0, '', '', 'IMSI', 'EVENT_E_TEST:((2))', 0, 0, 'KEY' );
insert into Measurementcolumn ( MTABLEID, DATANAME, COLNUMBER, DATATYPE, DATASIZE, DATASCALE, UNIQUEVALUE, NULLABLE, INDEXES, DESCRIPTION, DATAID, RELEASEID, UNIQUEKEY, INCLUDESQL, COLTYPE ) values ( 'EVENT_E_TEST:((2)):EVENT_E_TEST_APN_RANK:15MIN', 'DATE_ID', 2, 'date', 0, 0, 100000000, 0, 'LF', '', 'DATE_ID', 'BASE_TP_EVENTS_100415_3', 0, 1, 'PUBLICKEY' );
insert into Measurementtable ( MTABLEID, TABLELEVEL, TYPEID, BASETABLENAME, DEFAULT_TEMPLATE, PARTITIONPLAN ) values ( 'EVENT_E_TEST:((2)):EVENT_E_TEST_APN_RANK:DAY', 'DAY', 'EVENT_E_TEST:((2)):EVENT_E_TEST_APN_RANK', 'EVENT_E_TEST_APN_RANK_DAY', null, 'sgehsmall_day' );
insert into Measurementcolumn ( MTABLEID, DATANAME, COLNUMBER, DATATYPE, DATASIZE, DATASCALE, UNIQUEVALUE, NULLABLE, INDEXES, DESCRIPTION, DATAID, RELEASEID, UNIQUEKEY, INCLUDESQL, COLTYPE ) values ( 'EVENT_E_TEST:((2)):EVENT_E_TEST_APN_RANK:DAY', 'APN', 1, 'varchar', 16, 0, 255, 0, '', '', 'IMSI', 'EVENT_E_TEST:((2))', 0, 0, 'KEY' );
insert into Measurementcolumn ( MTABLEID, DATANAME, COLNUMBER, DATATYPE, DATASIZE, DATASCALE, UNIQUEVALUE, NULLABLE, INDEXES, DESCRIPTION, DATAID, RELEASEID, UNIQUEKEY, INCLUDESQL, COLTYPE ) values ( 'EVENT_E_TEST:((2)):EVENT_E_TEST_APN_RANK:DAY', 'DATE_ID', 2, 'date', 0, 0, 100000000, 0, 'LF', '', 'DATE_ID', 'BASE_TP_EVENTS_100415_3', 0, 1, 'PUBLICKEY' );
insert into Techpackdependency ( VERSIONID, TECHPACKNAME, VERSION ) values ( 'EVENT_E_TEST:((2))', 'DWH_MONITOR', 'R1B' );
insert into Universeclass ( VERSIONID, CLASSNAME, UNIVERSEEXTENSION, DESCRIPTION, PARENT, OBJ_BH_REL, ELEM_BH_REL, INHERITANCE, ORDERNRO ) values ( 'EVENT_E_TEST:((2))', 'EVENT_E_TEST_APN_RANK_Keys', 'ALL', 'Keys for EVENT_E_TEST_APN_RANK', 'EVENT_E_TEST_APN_RANK', 0, 0, 0, 9223372036854775807 );
insert into Universeclass ( VERSIONID, CLASSNAME, UNIVERSEEXTENSION, DESCRIPTION, PARENT, OBJ_BH_REL, ELEM_BH_REL, INHERITANCE, ORDERNRO ) values ( 'EVENT_E_TEST:((2))', 'EVENT_E_TEST_ERR_Keys', 'ALL', 'Keys for EVENT_E_TEST_ERR', 'EVENT_E_TEST_ERR', 0, 0, 0, 9223372036854775807 );
insert into Universeclass ( VERSIONID, CLASSNAME, UNIVERSEEXTENSION, DESCRIPTION, PARENT, OBJ_BH_REL, ELEM_BH_REL, INHERITANCE, ORDERNRO ) values ( 'EVENT_E_TEST:((2))', 'EVENT_E_TEST_IMSI_RANK_Keys', 'ALL', 'Keys for EVENT_E_TEST_IMSI_RANK', 'EVENT_E_TEST_IMSI_RANK', 0, 0, 0, 9223372036854775807 );
insert into Universeclass ( VERSIONID, CLASSNAME, UNIVERSEEXTENSION, DESCRIPTION, PARENT, OBJ_BH_REL, ELEM_BH_REL, INHERITANCE, ORDERNRO ) values ( 'EVENT_E_TEST:((2))', 'EVENT_E_TEST_MANUF_ERR_Keys', 'ALL', 'Keys for EVENT_E_TEST_MANUF_ERR', 'EVENT_E_TEST_MANUF_ERR', 0, 0, 0, 9223372036854775807 );
insert into Universeclass ( VERSIONID, CLASSNAME, UNIVERSEEXTENSION, DESCRIPTION, PARENT, OBJ_BH_REL, ELEM_BH_REL, INHERITANCE, ORDERNRO ) values ( 'EVENT_E_TEST:((2))', 'EVENT_E_TEST_MANUF_SUC_Keys', 'ALL', 'Keys for EVENT_E_TEST_MANUF_SUC', 'EVENT_E_TEST_MANUF_SUC', 0, 0, 0, 9223372036854775807 );
insert into Universeclass ( VERSIONID, CLASSNAME, UNIVERSEEXTENSION, DESCRIPTION, PARENT, OBJ_BH_REL, ELEM_BH_REL, INHERITANCE, ORDERNRO ) values ( 'EVENT_E_TEST:((2))', 'EVENT_E_TEST_SUC_Keys', 'ALL', 'Keys for EVENT_E_TEST_SUC', 'EVENT_E_TEST_SUC', 0, 0, 0, 9223372036854775807 );
insert into Transformer ( TRANSFORMERID, VERSIONID, DESCRIPTION, TYPE ) values ( 'EVENT_E_TEST:((2)):ALL:mz', 'EVENT_E_TEST:((2))', '', 'ALL' );
insert into Transformer ( TRANSFORMERID, VERSIONID, DESCRIPTION, TYPE ) values ( 'EVENT_E_TEST:((2)):EVENT_E_TEST_IMSI_RANK:mz', 'EVENT_E_TEST:((2))', '', 'SPECIFIC' );
insert into Transformer ( TRANSFORMERID, VERSIONID, DESCRIPTION, TYPE ) values ( 'EVENT_E_TEST:((2)):EVENT_E_TEST_ERR:mz', 'EVENT_E_TEST:((2))', '', 'SPECIFIC' );
insert into Transformer ( TRANSFORMERID, VERSIONID, DESCRIPTION, TYPE ) values ( 'EVENT_E_TEST:((2)):EVENT_E_TEST_SUC:mz', 'EVENT_E_TEST:((2))', '', 'SPECIFIC' );
insert into Transformer ( TRANSFORMERID, VERSIONID, DESCRIPTION, TYPE ) values ( 'EVENT_E_TEST:((2)):EVENT_E_TEST_APN_RANK:mz', 'EVENT_E_TEST:((2))', '', 'SPECIFIC' );
insert into Dataformat ( DATAFORMATID, TYPEID, VERSIONID, OBJECTTYPE, FOLDERNAME, DATAFORMATTYPE ) values ( 'EVENT_E_TEST:((2)):EVENT_E_TEST_IMSI_RANK:mz', 'EVENT_E_TEST:((2)):EVENT_E_TEST_IMSI_RANK', 'EVENT_E_TEST:((2))', 'Measurement', 'EVENT_E_TEST_IMSI_RANK', 'mz' );
insert into Dataformat ( DATAFORMATID, TYPEID, VERSIONID, OBJECTTYPE, FOLDERNAME, DATAFORMATTYPE ) values ( 'EVENT_E_TEST:((2)):EVENT_E_TEST_ERR:mz', 'EVENT_E_TEST:((2)):EVENT_E_TEST_ERR', 'EVENT_E_TEST:((2))', 'Measurement', 'EVENT_E_TEST_ERR', 'mz' );
insert into Dataitem ( DATAFORMATID, DATANAME, COLNUMBER, DATAID, PROCESS_INSTRUCTION ) values ( 'EVENT_E_TEST:((2)):EVENT_E_TEST_ERR:mz', 'APN', 1, 'APN', 'key' );
insert into Dataitem ( DATAFORMATID, DATANAME, COLNUMBER, DATAID, PROCESS_INSTRUCTION ) values ( 'EVENT_E_TEST:((2)):EVENT_E_TEST_ERR:mz', 'EVENT_SOURCE_NAME', 2, 'EVENT_SOURCE_NAME', '' );
insert into Dataformat ( DATAFORMATID, TYPEID, VERSIONID, OBJECTTYPE, FOLDERNAME, DATAFORMATTYPE ) values ( 'EVENT_E_TEST:((2)):EVENT_E_TEST_SUC:mz', 'EVENT_E_TEST:((2)):EVENT_E_TEST_SUC', 'EVENT_E_TEST:((2))', 'Measurement', 'EVENT_E_TEST_SUC', 'mz' );
insert into Dataitem ( DATAFORMATID, DATANAME, COLNUMBER, DATAID, PROCESS_INSTRUCTION ) values ( 'EVENT_E_TEST:((2)):EVENT_E_TEST_SUC:mz', 'APN', 1, 'APN', 'key' );
insert into Dataitem ( DATAFORMATID, DATANAME, COLNUMBER, DATAID, PROCESS_INSTRUCTION ) values ( 'EVENT_E_TEST:((2)):EVENT_E_TEST_SUC:mz', 'EVENT_SOURCE_NAME', 2, 'EVENT_SOURCE_NAME', '' );
insert into Dataformat ( DATAFORMATID, TYPEID, VERSIONID, OBJECTTYPE, FOLDERNAME, DATAFORMATTYPE ) values ( 'EVENT_E_TEST:((2)):EVENT_E_TEST_APN_RANK:mz', 'EVENT_E_TEST:((2)):EVENT_E_TEST_APN_RANK', 'EVENT_E_TEST:((2))', 'Measurement', 'EVENT_E_TEST_APN_RANK', 'mz' );
insert into Universename ( VERSIONID, UNIVERSENAME, UNIVERSEEXTENSION, ORDERNRO, UNIVERSEEXTENSIONNAME ) values ( 'EVENT_E_TEST:((2))', '', '', null, '' );
insert into Grouptypes ( GROUPTYPE, VERSIONID, DATANAME, DATATYPE, DATASIZE, DATASCALE, NULLABLE ) values ( 'IMSI', 'EVENT_E_TEST:((2))', 'IMSI', 'varchar', 127, 0, 0 );
insert into Grouptypes ( GROUPTYPE, VERSIONID, DATANAME, DATATYPE, DATASIZE, DATASCALE, NULLABLE ) values ( 'APN', 'EVENT_E_TEST:((2))', 'APN', 'varchar', 256, 0, 0 );
